0.004154 1
0.018913 28
0.001171 49
0.000042 39
0.000005 25
0.000225 108
0.000036 1
6.029951 4
0.200021 1
0.193563 1
0.494396 1
0.102006 1
0.226151 1
0.293869 1
0.271734 1
1.712227 1
0.151779 1
0.243240 1
1.348965 3
0.756072 3
0.205709 3
0.306197 3
0.122028 3
0.357880 3
0.137648 3
1.908561 3
0.104001 3
0.073960 3
3.415960 3
0.537820 3
0.866243 3
1.502036 3
1.005870 3
0.674052 3
1.004079 3
0.062384 3
1.213583 3
2.494305 3
0.865704 11
0.000032 36
0.003418 33
0.000726 28
0.001249 49
0.000104 64
0.000080 108
21.662371 1
0.066122 1
0.203563 1
0.040424 1
0.175614 1
1.168259 1
0.440869 1
1.576503 1
0.458006 3
0.386591 1
0.309628 1
0.449900 3
0.192249 4
0.330180 1
0.363653 1
1.536351 3
0.108170 3
0.135575 3
0.098443 3
0.361946 3
0.095940 3
0.080122 3
0.121928 3
0.127834 3
0.258042 3
0.132109 3
0.428018 3
0.161897 3
0.362080 3
0.110042 3
3.238350 3
0.691966 3
0.595807 3
1.965953 3
0.893986 3
0.465636 7
0.978266 3
1.090125 3
0.656011 3
0.732016 3
0.899843 3
1.644031 11
0.000053 36
0.002937 47
0.000915 28
0.001405 49
0.000044 64
0.000065 108
2.191810 31
2.130176 1
0.314095 1
0.233690 1
0.516894 1
0.033198 1
0.034221 1
0.030152 1
0.030969 1
0.037001 1
0.527798 1
0.517210 1
0.033212 1
0.033006 1
0.033398 1
0.033059 1
0.032898 1
0.033474 1
0.033391 1
0.033103 1
0.033368 1
0.033179 1
0.033473 1
0.033258 1
0.033459 1
0.033135 1
0.033355 1
0.033550 1
0.030331 1
0.036001 1
0.033522 1
0.033195 1
0.033446 1
0.033202 1
3.591404 3
0.501109 3
0.031576 3
0.034571 3
0.033492 3
0.040612 3
1.140752 5
0.543910 11
0.000033 36
0.003825 26
0.000701 28
0.001241 49
0.000049 64
0.000069 108
4.628057 1
0.054315 1
0.199431 1
0.158072 1
0.844228 1
0.076188 1
0.687955 1
0.062011 1
0.101526 1
0.406238 1
0.690132 11
0.000047 36
0.002630 210
0.000361 28
0.002158 49
0.000121 64
0.000124 108
4.002548 1
0.073942 1
0.111788 1
0.133884 1
0.868371 1
0.118033 1
0.665946 1
0.149683 1
0.178088 1
0.802289 4
0.621891 1
0.172021 1
2.170043 4
0.516911 4
0.033212 4
0.033356 4
0.033643 4
0.032810 4
0.033217 4
0.036565 4
0.510277 4
0.035329 4
0.038495 1
0.030814 1
0.035684 1
0.033489 1
0.033522 1
0.032912 1
0.031691 1
6.008114 1
0.002554 1
0.111270 1
0.125771 1
3.008878 1
0.145186 1
0.170034 1
0.112269 1
0.163741 1
0.780296 1
0.537973 11
0.000038 36
0.001158 212
0.000270 28
0.001296 49
0.000121 39
0.000037 25
0.000170 108
1.476861 1
0.128120 1
0.142115 1
0.141490 1
1.606413 1
0.036106 1
0.291801 1
0.119838 1
0.135929 1
0.208100 1
0.632360 11
0.000059 36
0.001222 188
0.000030 24
0.000270 28
0.001815 49
0.000088 64
0.000116 108
5.780228 1
0.121656 1
0.202169 1
0.124250 1
0.299952 1
0.239719 1
0.208036 1
0.526214 11
0.000024 36
0.000007 148
0.000007 2
0.000005 69
0.000018 117
0.000004 45
0.000015 90
0.000028 204
0.000043 142
0.000006 544
0.000005 46
0.000028 218
0.000008 29
0.000004 23
0.000007 155
0.000013 132
0.000005 86
0.000003 41
0.000005 49
0.000019 100
0.000013 183
0.000004 135
0.000012 125
0.000006 155
0.000012 88
0.000006 43
0.000006 89
0.000004 60
0.000013 54
0.000107 28
0.001314 49
0.000066 64
0.000064 108
11.288543 1
0.175525 1
0.076113 1
0.504083 1
0.179613 1
1.446342 1
0.159591 1
0.328411 4
0.083567 1
0.098429 1
0.601909 1
0.137827 1
0.187328 1
0.896868 3
0.307995 3
0.161810 3
0.137885 3
0.154217 3
0.143821 3
0.840825 3
0.897569 3
0.066033 3
1.825867 3
1.472084 3
0.880013 3
0.591878 3
0.316038 3
0.328073 3
0.239973 3
0.254001 3
0.856132 7
0.303878 3
1.075477 3
0.412506 1
0.621502 1
0.211694 1
0.260782 5
2.070067 5
0.095959 5
1.334097 5
1.647981 5
0.092019 5
0.329851 5
0.756177 5
0.369880 5
0.902029 5
0.394073 5
0.295920 5
0.177761 5
0.124026 5
0.140075 5
2.082403 11
0.000034 66
0.000065 28
0.001539 49
0.000063 64
0.000141 108
10.663958 1
0.081998 1
0.293996 1
0.119700 1
0.148414 1
1.889883 1
0.074190 1
0.075866 1
1.543994 1
1.166227 1
0.269076 1
0.328518 3
0.636203 7
0.508029 3
0.065977 3
2.884114 3
0.053944 3
1.178003 3
0.419737 7
0.286063 3
0.201932 3
0.232064 3
0.104141 3
0.090049 3
0.139865 3
0.185685 3
1.112373 3
0.866030 7
0.451936 3
0.148093 3
0.235901 3
0.110148 3
0.415894 11
0.000045 52
0.000075 28
0.001459 88
0.000008 25
0.000070 108
25.466716 1
0.059835 1
0.289694 1
0.126335 1
0.147829 1
4.296163 1
0.090518 1
1.935404 4
0.193888 4
0.640186 1
0.070463 1
0.227081 1
0.281958 1
0.144451 1
0.430010 4
0.169564 4
0.472415 1
0.119815 1
0.213251 1
3.675093 3
0.077942 3
0.801909 3
2.280190 3
0.149936 3
0.794055 3
0.077930 3
0.171501 3
0.356357 7
0.161905 7
0.147895 7
0.100310 3
0.050126 3
1.105965 3
0.520440 3
0.125442 3
0.598061 3
0.810027 3
0.713904 3
0.128058 3
0.201995 3
0.209710 3
0.500198 3
0.376010 3
1.292093 7
0.345939 3
0.464028 3
0.177766 3
0.103867 3
0.410346 3
0.366050 3
0.342050 3
0.607864 3
0.296110 3
0.483926 3
0.393778 3
0.438319 3
0.280388 3
0.269331 7
0.416229 3
0.820126 3
1.729782 3
0.254193 3
0.337906 3
0.159651 3
1.466847 3
0.299491 3
0.762019 3
1.032011 3
0.074039 3
0.124036 3
1.333946 7
0.719992 3
1.328069 3
0.940139 3
5.208210 11
0.000054 79
0.000048 28
0.001465 49
0.000034 64
0.000068 108
31.256634 66
1.048604 162
1.408864 12
0.000042 36
0.000006 44
0.000086 28
0.001398 49
0.000882 172
6.062319 1
0.057197 1
0.423924 1
0.102615 1
0.615695 1
0.411693 1
0.114073 1
0.165668 1
0.222076 1
0.524231 1
1.719982 11
0.000030 36
0.033449 32
0.026680 1049
0.000020 877
1.875779 28
0.001727 28
0.002757 221
2.195708 1
0.079863 1
0.205796 1
0.098269 1
0.257957 1
0.102040 1
0.297908 1
0.218086 1
0.221898 1
0.092080 1
0.591973 1
0.472013 1
0.365971 11
0.000033 36
0.012017 32
0.015417 1042
0.000072 1034
0.000027 1043
0.000053 374
0.706605 28
0.003340 28
0.000015 49
0.000108 39
0.000042 25
0.000109 8
0.000044 100
3.582264 1
0.065848 1
0.277866 1
0.374204 1
0.876356 1
0.525558 1
0.229829 1
0.194451 4
0.151459 4
0.190328 1
0.125839 1
0.840185 1
0.191949 1
0.125970 1
0.114148 1
0.239786 1
0.326067 4
0.976043 1
0.871992 1
0.181798 11
0.000026 36
0.010711 71
0.002216 73
0.000027 236
0.000022 148
0.000025 146
0.000003 73
0.000053 292
0.000256 50
0.000860 52
0.000787 52
0.000182 67
0.001905 46
0.003440 300
0.000020 321
0.000728 159
0.000253 94
0.003413 749
0.002602 28
0.002518 49
0.001348 172
4.098878 1
0.080023 1
0.179728 1
0.078273 1
0.065813 1
0.840064 1
0.207823 1
0.432169 1
0.118326 1
0.181410 1
0.232174 1
0.476182 11
0.000025 36
0.005804 24
0.000033 200
0.009339 137
0.000285 549
0.000026 284
0.000014 305
0.000016 158
0.000019 234
0.000012 104
0.000006 83
0.000007 78
0.000005 83
0.000061 63
0.000008 748
0.000004 72
0.000019 255
0.000229 6
1.494093 84
0.000530 28
0.001638 221
1.115786 1
0.365954 1
0.255967 1
0.175759 1
0.172261 1
0.157685 1
0.222464 1
0.273845 1
0.700138 1
0.075969 1
0.080116 1
0.383894 1
0.586067 1
0.423899 4
0.101693 1
0.628333 11
0.000050 36
0.003431 146
0.000621 28
0.001125 49
0.000042 39
0.000041 25
0.000130 108
48.551102 1
0.004695 1
0.939032 1
0.681937 1
0.907932 11
0.000032 36
0.000096 28
0.001403 27
0.000057 42
0.000054 64
1.278499 1
0.111231 1
0.320592 1
0.283971 4
0.224073 1
0.385990 1
0.119835 1
0.126243 1
5.884040 1
0.545926 4
1.282078 1
0.781944 1
0.215843 1
0.155923 1
0.150349 1
0.706019 1
0.559801 1
0.599980 1
0.121802 1
0.540333 1
0.111832 1
0.084109 1
0.157813 1
0.094246 1
0.107606 1
0.111933 1
0.108489 1
0.819975 1
0.263945 4
0.087918 1
1.000067 11
0.000025 36
0.003563 26
0.000161 28
0.001287 27
0.000055 42
0.000067 64
1.562099 24
0.302344 1
0.499663 1
0.004419 1
0.029374 1
0.041831 1
0.034677 1
0.031853 1
0.031019 1
0.032492 1
0.030065 1
0.030409 1
0.030164 1
0.030402 1
0.207374 1
0.226052 1
0.241663 1
0.500303 1
0.036227 1
0.031124 1
0.031368 1
0.037093 1
0.184293 1
1.414293 3
0.669816 3
0.281976 3
1.474051 3
0.408089 3
0.360347 39
0.720138 11
0.000050 36
0.003849 28
0.001376 27
0.000035 42
0.000060 8
0.000005 56
1.073948 1
0.368056 23
0.250546 4
0.500112 4
0.030169 4
0.030843 4
0.030570 4
0.030454 4
0.030405 4
0.030105 4
0.030422 4
0.030518 4
0.030357 4
0.030548 4
0.030520 4
0.030992 4
0.030432 4
0.030595 4
0.030459 4
0.030863 4
0.031062 4
0.030057 4
0.030886 4
0.030417 4
0.030091 4
0.030422 1
0.031973 1
0.035692 1
0.030834 1
0.030254 1
0.030844 1
0.030272 1
0.031215 1
0.030846 1
0.030231 1
0.490886 1
0.063664 1
0.264038 1
1.415957 1
0.151279 4
0.487840 1
0.320021 2
0.000017 139
0.000023 64
0.106895 4
0.229788 4
0.176106 4
0.153896 4
0.834127 1
0.347971 1
0.274082 1
0.879930 4
0.208050 4
0.801991 4
0.201983 4
0.187879 4
0.182034 4
0.180001 1
0.175876 1
0.706227 1
0.107997 1
0.502030 1
0.309951 1
0.405978 1
0.183655 1
0.270219 4
0.155957 4
0.099887 1
0.054366 1
0.284818 15
0.693360 2
0.000043 9
0.000055 36
0.000087 28
0.001719 45
0.000158 60
0.000056 100
3.933724 1
0.111991 1
0.678004 1
0.155974 11
0.000061 66
0.000079 28
0.001552 45
0.000069 60
0.000084 8
0.000005 92
2.402258 1
0.085830 1
0.143936 1
0.138150 1
0.129782 1
0.210145 11
0.000009 36
0.000122 28
0.001662 27
0.000043 42
0.000062 64
0.750491 1
0.493637 1
0.276023 1
1.290108 11
0.000039 36
0.000011 12
0.000076 28
0.001549 27
0.000057 42
0.000149 64
0.299895 1
0.090140 1
0.159806 1
2.026210 1
0.323935 1
0.133489 1
0.281217 15
0.227113 11
0.000041 36
0.000092 28
0.001601 45
0.000043 35
0.000018 25
0.000066 100
1.880345 1
0.107713 1
0.674317 1
0.109739 11
0.000028 66
0.000075 28
0.001555 45
0.000059 60
0.000090 100
5.802467 1
0.065743 1
0.268189 1
0.140128 1
1.299854 1
0.480064 1
0.920022 1
0.305937 1
0.203692 1
0.198241 1
0.211942 1
0.240022 11
0.000050 36
0.003169 3
0.000453 28
0.001339 45
0.000057 60
0.000070 100
5.635291 1
0.371729 1
0.323954 1
0.265975 11
0.000008 36
0.003113 28
0.001315 45
0.000071 60
0.000060 100
1.827486 1
0.632095 4
0.281986 1
0.105976 1
0.022278 1
0.471745 1
1.086082 1
0.060525 1
0.085298 1
0.157773 1
0.276350 11
0.000044 36
0.003278 28
0.001450 45
0.000080 60
0.000049 8
0.000084 92
8.737049 1
0.092007 1
0.277829 1
0.152167 1
0.303860 11
0.000079 38
0.000074 28
0.001507 45
0.000047 60
0.000062 100
1.872347 1
0.209766 1
0.348303 1
0.111959 1
0.101476 1
0.526509 1
0.133507 1
0.262397 1
0.159820 1
0.173967 1
0.224281 11
0.000050 43
0.000066 28
0.001457 45
0.000054 60
0.000064 100
2.162318 1
0.094021 1
0.361849 1
0.085808 1
0.770377 1
0.059966 1
0.189629 1
0.144331 1
0.169992 1
0.256039 11
0.000048 36
0.246506 47
0.008503 30
0.001682 45
0.000313 60
0.000156 100
2.520810 1
0.173636 1
0.376359 1
0.247823 1
0.376117 4
0.163888 1
0.099765 1
1.878257 1
0.442109 1
1.110074 1
0.209787 1
0.660426 1
0.269415 11
0.000048 43
0.000053 28
0.001477 45
0.000067 60
0.000053 8
0.000034 92
0.844554 1
0.239876 1
0.290111 1
0.106186 1
0.125492 1
0.840318 1
0.402017 4
0.354164 1
0.209944 1
0.392182 1
0.145443 1
0.222218 1
0.328067 11
0.000047 36
0.132506 501
0.007966 30
0.003238 45
0.000089 35
0.000017 25
0.000091 100
7.768073 1
0.135781 1
0.300575 1
0.125975 1
0.175623 1
0.859972 1
0.236117 1
0.213890 1
0.142131 1
0.169995 1
0.256054 1
1.143971 4
0.255796 1
0.185936 1
1.244248 1
0.409967 1
0.127761 1
0.158032 1
0.134100 1
0.370057 11
0.000038 50
0.000069 28
0.001530 45
0.000054 60
0.000088 100
3.608330 1
0.188056 1
0.261857 1
0.133990 1
0.087789 1
0.148141 1
0.080220 11
0.000042 36
0.002438 28
0.001102 45
0.000066 60
0.000090 100
1.138237 1
0.082852 1
0.769135 4
0.160045 4
0.132048 1
0.515838 1
0.144625 1
0.119279 1
0.130149 1
0.071979 1
0.153956 1
0.016248 1
0.719823 1
0.225969 1
0.153721 1
0.150229 1
0.198082 1
0.163915 11
0.000036 36
0.001036 248
0.000214 28
0.001321 45
0.000076 35
0.000014 25
0.000180 100
2.453332 1
0.341809 1
0.480134 1
0.151649 1
0.080221 1
0.153899 1
0.012259 1
0.578238 1
0.137382 1
0.164103 1
0.163991 1
0.178504 1
0.533656 11
0.000011 36
0.001238 289
0.000241 28
0.001291 45
0.000015 60
0.000080 100
13.721249 1
0.170002 1
0.319962 1
0.108099 1
0.383846 1
0.720069 1
0.165926 1
0.249379 1
0.834618 3
0.163765 3
0.240288 3
0.330152 3
0.251796 3
0.136191 3
1.039953 3
0.624248 3
0.097739 3
0.127999 3
0.106140 3
0.107553 3
0.343700 3
0.388610 11
0.000050 50
0.000083 28
0.001491 45
0.000069 60
0.000070 100
1.245795 19
25.844579 11
0.000050 50
0.000102 28
0.001565 45
0.000403 160
1.117265 19
6.668692 4
0.559890 11
0.000053 8
0.000025 2
3.579833 1
0.211892 1
0.176098 1
0.112214 1
0.241505 1
0.192126 1
0.172297 1
0.295677 4
0.174100 4
0.117856 4
0.180088 1
0.078233 1
0.112078 1
0.241682 4
0.161934 4
0.130008 4
0.170010 1
0.079759 1
0.106644 1
0.642015 1
0.327773 1
0.116214 1
0.147446 1
0.056726 1
0.129338 1
0.418321 1
0.548078 11
0.000020 50
0.000007 15
0.000097 28
0.001773 205
6.333928 1
0.272207 1
0.342106 4
0.111561 1
0.202133 1
0.159870 1
0.178024 1
0.188428 1
1.237988 4
0.501182 4
0.015821 4
0.032876 4
0.033087 4
0.033464 4
0.033488 1
0.032214 1
0.033699 1
0.033365 1
0.030700 1
0.036199 1
0.033450 1
0.145977 1
0.020390 1
0.387989 1
0.149903 1
0.077808 1
0.162395 1
0.167548 1
0.882431 1
0.235797 1
0.382019 4
0.144018 4
0.190217 1
0.167594 1
0.224056 4
0.179975 4
0.139821 1
0.184225 1
0.353472 1
0.614749 3
0.281824 3
0.174303 3
0.223848 3
0.496113 7
0.125641 7
0.242367 3
0.081966 3
0.459862 3
0.332124 11
0.000039 36
0.000973 244
0.000220 28
0.001259 45
0.000111 60
0.000050 100
0.944541 14
0.550013 1
1.792179 16
0.818258 14
0.580443 4
0.349549 11
0.000058 10
1.864448 1
0.116452 1
0.117480 1
0.211545 1
0.206390 1
0.117983 1
0.547707 1
0.387930 11
0.000033 36
0.001003 164
0.000009 326
0.000237 28
0.001273 45
0.000106 60
0.000062 100
3.370021 97
1.728944 23
2.178762 11
0.000066 36
0.001106 490
0.000165 28
0.001240 45
0.000073 60
0.000060 100
11.455447 97
0.842467 97
3.951710 1
0.041306 1
0.082316 1
0.209794 1
0.177884 1
0.142359 1
0.567960 1
0.128028 1
0.307399 1
0.384645 1
0.311886 4
0.121838 1
0.314180 1
0.533889 4
0.288145 1
0.119642 1
2.084357 11
0.000031 36
0.012297 32
0.015733 1043
0.000019 887
0.000097 81
1.117382 28
0.003625 28
0.002192 45
0.000417 35
0.000204 125
3.056364 1
0.141325 1
0.176014 1
0.214345 1
0.961905 1
0.158185 1
0.113759 1
1.068154 1
0.118008 1
0.271798 1
0.149910 1
0.338310 1
0.624011 4
0.155740 4
0.130061 4
0.105900 4
0.128108 4
0.496161 1
0.100042 1
0.159463 1
0.072478 1
0.161781 1
0.165783 11
0.000035 36
0.014709 71
0.000085 49
0.001550 140
0.001394 86
0.001507 156
0.001920 28
0.001452 45
0.000070 60
0.000067 100
0.345647 11
0.000091 28
0.001549 45
0.000089 35
0.000006 25
0.000065 8
0.000044 92
6.878132 1
0.008263 1
0.163460 1
0.114019 1
0.174003 1
0.126264 1
1.452077 1
0.089977 1
0.315953 11
0.000049 36
0.002682 6
0.000495 28
0.003562 205
0.977229 1
0.082056 1
0.130032 1
0.151428 1
0.234250 1
0.102324 1
1.040177 1
0.481688 1
0.234033 11
0.000061 36
0.002653 11
0.000535 28
0.002991 205
1.021810 1
0.095989 1
0.364048 4
0.145786 4
0.156151 1
0.641413 8
0.990659 4
0.315953 1
0.098049 11
0.000048 36
0.002582 19
0.000512 28
0.003531 45
0.000151 60
0.000092 100
0.430563 8
1.192567 4
0.959914 1
0.127673 11
0.000091 36
0.002556 6
0.000312 2
0.000191 28
0.001366 45
0.000023 35
0.000009 25
0.000075 100
1.192914 8
1.166864 4
0.101919 1
0.166002 11
0.000042 36
0.002638 107
0.000464 28
0.001551 45
0.000091 60
0.000071 100
0.722700 8
1.706851 4
0.371542 4
0.505819 4
0.041734 4
0.036086 4
0.030456 4
0.030939 4
0.032398 4
0.032503 1
0.030792 1
0.031002 1
0.030635 1
0.030763 1
0.030604 1
0.037788 1
0.033341 1
0.111938 1
0.029979 1
0.030570 1
0.030309 1
0.030407 1
0.030218 1
0.561795 1
0.088099 1
0.365862 1
0.086100 1
0.874003 1
0.803884 1
2.338004 1
1.932627 1
0.159128 1
0.884605 1
0.325457 1
1.072186 1
0.550032 4
0.198114 1
0.279870 1
1.354049 1
0.217960 11
0.000054 36
0.003160 10
0.000488 28
0.003313 205
2.426648 14
1.622439 1
0.313868 1
3.122059 1
0.135787 1
0.114053 1
1.027379 1
0.211937 1
1.854832 5
0.205951 5
0.441407 3
2.670651 3
0.121789 3
1.411480 3
1.358635 1
0.598176 11
0.000052 36
0.003103 19
0.000474 28
0.001685 205
5.898773 1
0.065999 1
0.093660 1
0.245989 1
0.284305 1
8.192027 1
1.164689 74
1.024462 1
0.000034 177
0.830787 11
0.000066 10
7.832457 39
0.734744 38
0.648832 11
0.000063 36
0.022198 64
0.000089 28
0.001903 45
0.000059 35
0.000019 25
0.000069 100
9.555628 2
0.667988 4
14.544823 87
0.535163 183
0.000030 36
0.003548 42
0.003195 22
0.000421 28
0.001177 45
0.000055 60
0.000078 100
11.257564 2
0.231941 5
0.157752 1
0.378492 15
1.247531 99
1.679576 111
0.966732 1
0.393972 4
0.338035 11
0.000045 36
0.001211 213
0.000254 28
0.001616 45
0.000101 60
0.000116 100
1.188682 1
0.072158 1
0.207629 1
0.157918 1
1.502255 1
0.183804 1
0.189923 1
0.416339 1
0.147683 11
0.000039 36
0.001294 407
0.000268 28
0.001403 45
0.000074 60
0.000074 100
4.471162 1
0.094000 1
0.171637 1
0.164142 1
0.183940 1
0.228092 1
0.193799 1
0.202181 1
0.288095 11
0.000046 36
0.001213 639
0.000005 81
0.000011 518
0.000028 696
0.000021 518
0.000279 28
0.001356 45
0.000076 60
0.000092 100
0.544939 1
0.126039 1
1.488549 1
0.126906 1
0.756725 1
0.193346 1
0.174485 1
1.430018 11
0.000046 36
0.001306 526
0.000280 29
0.002339 45
0.000076 60
0.000450 100
35.789516 7
0.455600 1
1.222987 7
0.203622 3
0.284074 4
0.147965 4
0.198446 4
0.229038 1
0.204527 7
0.160772 7
0.132963 7
0.706264 3
0.367805 3
0.211944 3
0.161001 1
0.823158 3
0.145965 3
0.290049 3
0.275841 2
0.000009 9
0.000051 36
0.001282 477
0.000565 29
0.001176 45
0.000051 35
0.000019 25
0.000072 100
5.677156 1
0.271684 1
0.086045 1
0.163720 1
0.178062 1
0.370192 1
0.510027 4
0.340020 1
0.362199 1
1.065783 11
0.000025 36
0.001403 208
0.000221 28
0.002260 45
0.000110 60
0.000119 100
4.320315 1
0.335517 1
0.124050 1
0.155645 1
0.214034 1
0.086420 1
0.597767 1
0.956124 11
0.000022 36
0.001434 208
0.001358 28
0.000434 45
0.000084 60
0.000068 100
10.244591 1
0.318104 1
0.481948 1
0.082071 1
0.181536 1
1.188177 1
0.924142 1
0.474073 1
0.135667 11
0.000029 36
0.003183 5
0.000465 28
0.001438 45
0.000059 60
0.000084 100
3.535097 1
0.105977 1
0.205890 1
0.096250 1
0.795880 1
0.063968 1
0.113608 1
0.720454 1
1.235932 1
0.471984 1
0.152002 1
0.060082 1
0.696049 1
0.091994 1
0.125593 1
0.190087 1
0.446281 1
0.147569 1
0.760398 1
0.060041 1
0.373950 4
0.634042 1
0.977982 11
0.000049 36
0.001190 501
0.000006 138
0.000010 395
0.000022 402
0.000053 674
0.000008 342
0.001330 2452
0.000139 28
0.001251 45
0.000063 60
0.000082 100
17.803883 1
0.002358 1
0.317540 1
0.185615 1
20.202827 4
0.517073 4
0.033294 4
0.030380 4
0.032905 1
0.030362 1
0.035194 1
0.030458 1
0.031041 1
0.030155 1
0.030495 1
0.132257 1
0.099676 1
0.464499 1
0.121976 1
0.133607 1
2.324566 1
0.119832 1
0.067989 1
1.055896 1
0.204081 1
0.278828 1
0.959179 3
0.047057 3
0.141140 3
0.043900 3
0.122079 3
0.028018 3
0.653726 11
0.000053 44
0.000073 28
0.001895 205
2.868100 1
0.060024 1
0.333858 1
0.180037 1
0.359952 1
0.251898 1
0.440206 1
0.819943 1
0.171715 11
0.000063 36
0.001246 501
0.000010 935
0.000005 136
0.000019 272
0.000004 200
0.000013 272
0.000024 136
0.000539 28
0.001354 45
0.000055 35
0.000004 25
0.000102 100
1.248608 8
1.653582 24
0.538599 4
1.902174 1
0.315855 11
0.000037 10
1.308071 1
0.243937 1
0.305448 1
0.309925 1
0.296636 1
3.210071 1
0.093948 1
0.161591 1
0.090507 1
0.319884 1
0.058115 1
0.071672 1
0.276230 1
0.264000 1
0.261965 4
0.153896 4
0.200083 4
0.286124 1
0.529956 1
1.750145 11
0.000053 10
1.968075 1
0.135808 1
0.359853 1
0.137718 1
0.334291 1
1.954040 1
0.086167 1
0.077657 1
1.574275 1
0.581898 1
1.364051 1
0.080104 1
0.109618 1
0.055827 1
0.076162 1
0.504303 1
0.361888 11
0.000051 10
1.392088 11
0.000019 10
1.770053 1
0.888045 4
0.239860 1
1.185992 11
0.000036 10
0.704016 1
0.157693 11
0.000051 10
0.506048 1
0.285594 11
0.000027 40
0.000005 5
0.000014 33
0.000118 28
0.001866 45
0.000038 60
0.000138 100
2.349927 60
1.240498 4
0.296226 9
0.253757 4
0.217822 9
0.194135 4
0.169761 6
0.182209 54
0.605706 1
0.500541 1
0.036851 1
0.031405 1
0.030020 1
0.032578 1
0.030172 1
0.030658 1
0.030881 1
0.030345 1
0.030594 1
0.029859 1
0.036002 1
0.033543 1
0.033411 1
0.033096 1
0.032912 27
0.033536 1
0.033417 1
0.033617 1
0.032894 1
0.033383 1
0.033530 1
0.033035 1
0.033528 1
0.033506 144
0.033101 1
0.033368 1
0.033637 1
0.031774 1
0.031783 1
0.230626 3
0.205835 3
0.138435 3
0.155527 3
0.158142 3
0.318964 3
0.405819 1
0.747994 16
0.000048 44
0.000042 36
0.001199 34
0.000050 864
0.000038 1554
0.000228 38
0.000036 2
0.001232 32
0.002110 45
0.000072 60
0.000078 100
4.433013 1
0.094107 1
0.175935 1
0.963891 1
0.611941 11
0.000030 36
0.196903 295
0.010288 30
0.003125 45
0.000083 60
0.000135 100
31.661732 19
0.000019 11
0.000096 30
0.001567 45
0.000026 60
0.000068 100
2.197374 1
0.382167 1
4.138538 11
0.000036 17
0.000042 2
0.000104 30
0.001709 205
27.108253 3
0.335809 4
1.470386 2
0.239644 5
0.189938 1
1.324070 2
0.174184 5
13.844091 3
0.319974 4
0.177624 1
2.399698 37
0.901899 57
1.922204 1
0.500028 1
0.030580 1
0.030985 1
0.030895 1
0.030988 1
0.030948 1
0.030929 1
0.030542 1
0.030902 1
0.030398 1
0.030504 1
0.030411 1
0.030999 1
0.030417 1
0.030485 1
0.030374 1
0.034560 1
0.034542 1
0.031914 1
0.039291 1
0.030971 1
0.039053 1
0.036561 1
0.033556 1
0.036365 1
0.128623 1
0.187896 1
0.272955 5
1.144178 11
0.000048 36
0.008095 31
1.757388 2
0.018256 50
0.048828 104
0.007463 132
0.027096 134
0.107384 130
0.000803 63
0.001126 63
0.039953 53
0.057933 54
0.012993 54
0.193217 46
0.120978 128
0.098042 107
0.006265 33
0.503623 52
0.165638 245
0.447542 144
0.294075 16
0.027430 41
0.008047 439
0.023359 44
0.045400 44
0.042200 44
0.043727 44
0.052542 44
0.038776 44
0.039354 44
0.037997 44
0.054985 44
0.053587 174
0.005026 93
0.000055 156
0.008882 192
0.003893 101
0.037034 226
0.040524 72
0.007271 260
0.004211 294
0.034153 76
0.503040 20
0.931210 28
0.001406 45
0.000066 60
0.000067 100
0.500085 4
0.195991 20
0.345890 23
0.302744 11
0.000038 36
0.132544 295
0.011084 30
0.001968 45
0.000613 35
0.000364 25
0.000635 100
37.385638 38
0.423263 69
0.000071 36
0.136762 144
0.007877 30
0.001740 45
0.000103 60
0.000108 100
13.926544 29
0.666326 36
0.543920 20
0.681835 28
0.508298 24
0.635981 28
0.358241 4
0.517391 4
0.033109 4
0.033075 4
0.033483 4
0.033410 4
0.033500 4
0.032919 4
0.033569 1
0.032899 1
0.033046 1
0.032898 1
0.033205 1
0.201241 1
0.226465 1
0.100008 1
0.380047 1
0.337978 1
0.255947 4
0.161976 4
0.162000 1
0.020372 1
0.065487 1
0.118266 1
0.335934 4
0.157986 4
0.107913 4
0.129964 4
0.136267 1
0.411825 4
0.321999 1
0.098077 1
0.110093 1
0.145533 1
0.478388 1
0.058078 1
0.219787 1
0.118544 1
0.211281 1
0.188120 1
0.088264 1
0.179595 1
0.154190 1
0.082103 1
0.565992 1
0.636026 1
0.664694 1
0.223334 4
1.332014 4
0.165773 1
0.114251 1
0.770088 1
0.433814 11
0.000023 36
0.016853 50
0.006504 104
0.004905 132
0.025617 134
0.110014 130
0.000070 63
0.000906 63
0.171784 82
0.001608 30
0.001607 205
0.827642 21
0.445719 50
0.254727 4
0.499229 4
0.007423 4
0.044344 4
0.032876 4
0.033397 4
0.033415 4
0.033002 4
0.033084 4
0.033158 4
0.032853 4
0.033190 4
0.033069 4
0.032874 4
0.032963 4
0.033383 4
0.032454 4
0.031039 4
0.032392 4
0.036284 4
0.033045 4
0.030314 4
0.036087 4
0.030950 4
0.035397 4
0.033651 4
0.033528 4
0.032830 4
0.032955 4
0.033534 1
0.031795 1
0.030313 1
0.037271 1
0.033235 1
0.463570 101
3.056624 174
0.410560 7
0.481464 3
0.166267 4
0.500653 4
0.031127 4
0.031946 4
0.031032 4
0.033549 4
0.031502 4
0.030871 4
0.030488 4
0.030458 4
0.030474 4
0.030141 4
0.030388 4
0.030417 4
0.031032 4
0.029997 4
0.030527 4
0.030462 4
0.030313 4
0.036428 66
0.033377 4
0.029783 4
0.033939 4
0.039098 4
0.046161 4
0.034584 4
0.030370 4
0.036081 4
0.033590 4
0.031295 4
0.031529 4
0.029997 4
0.154780 4
0.163820 4
0.185925 4
0.306100 4
0.217870 4
0.255862 4
0.172155 4
0.164048 4
0.306055 183
0.690044 2
0.000023 9
0.000024 36
0.016031 50
0.007380 104
0.005111 132
0.029786 134
0.107196 193
0.000845 63
0.038145 53
0.059619 54
0.013508 54
0.195053 44
0.000942 101
0.106189 128
0.097140 123
0.004897 33
0.500520 57
0.501794 100
0.256700 198
0.504907 52
0.500951 53
0.501499 53
0.208579 78
0.500255 53
0.502233 53
0.501166 53
0.032156 219
0.349526 336
0.098958 146
0.259372 16
0.023811 120
0.008273 439
0.002370 44
0.004618 44
0.005480 44
0.004452 44
0.010050 44
0.001968 44
0.001804 44
0.001832 44
0.017433 44
0.010784 174
0.003004 87
0.000092 326
0.002619 61
0.037635 184
0.023221 87
0.008591 289
0.004014 69
0.034205 210
0.024673 72
0.010374 84
0.000094 222
0.003528 51
0.024393 236
0.043806 68
0.004761 250
0.003893 262
0.005592 76
0.005939 276
0.004569 290
0.001995 58
0.010247 302
0.168041 101
0.000145 316
0.019449 76
0.962924 20
0.836977 28
0.001354 45
0.000060 60
0.000069 100
0.624063 28
0.165836 19
1.128036 50
0.630473 11
0.000038 36
0.025377 44
0.020557 65
0.001278 28
0.001732 45
0.000069 60
0.000078 8
0.000021 92
10.011486 29
0.515512 51
0.000058 36
0.063497 33
0.514616 113
0.281091 533
0.022750 85
0.501859 85
0.304507 128
0.012680 52
0.059997 226
0.013277 456
0.054332 174
0.000028 88
0.384951 131
0.016382 92
0.188316 334
0.205067 134
0.013373 98
0.124749 90
0.000008 83
0.000056 98
0.541796 185
0.522535 96
0.501311 96
0.500831 182
0.501086 95
0.500619 95
0.502795 123
0.500835 123
0.500596 123
0.501917 123
0.501240 123
0.171336 459
0.000324 231
0.000192 328
0.000025 121
0.000337 669
0.000162 123
0.455000 123
0.000043 123
0.000296 123
0.000121 123
0.001555 123
0.000057 123
0.000163 123
0.519244 123
0.500853 123
0.500204 123
0.501849 123
0.500239 123
0.503887 123
0.500123 123
0.526799 123
0.502376 123
0.500608 123
0.500189 123
0.500441 123
0.501406 123
0.501566 123
0.502192 123
0.500585 123
0.500555 123
0.616596 123
0.535591 123
0.500594 123
0.502150 123
0.519070 123
0.500945 123
0.501451 123
0.500830 123
0.594265 123
0.511431 123
0.500218 123
0.501344 123
0.500897 123
0.501610 123
0.500637 123
0.500791 123
0.502066 123
0.502224 123
0.500999 123
0.501395 123
0.500226 123
0.520289 123
0.508257 123
0.544286 123
0.537262 123
0.500677 123
0.500603 123
0.511801 123
0.500945 123
0.772702 123
0.500564 123
0.500487 123
0.500996 123
0.525160 123
0.500531 123
0.501709 123
0.589139 123
0.501325 123
0.509041 123
0.502873 123
0.505763 123
0.808756 123
0.504012 123
0.516911 123
0.594318 123
0.521620 123
0.505877 123
0.689371 123
0.503709 123
0.517044 123
0.570857 123
0.677781 123
0.545255 123
0.666928 123
0.524637 123
0.500942 123
0.518501 123
0.500261 123
0.840035 123
0.514987 123
0.501164 123
0.500687 123
0.523242 123
0.501796 123
0.508140 123
0.500403 123
0.500999 123
0.501542 123
0.500872 123
0.503349 123
0.500764 123
0.500972 123
0.501735 123
0.501153 123
0.506368 123
0.502638 123
0.500172 123
0.500572 123
0.500496 123
0.501390 123
0.501180 123
0.508729 123
0.500739 123
0.501751 123
0.500802 123
0.501922 123
0.504149 123
0.498165 123
0.500943 123
0.500590 123
0.500603 123
0.509118 123
0.502469 123
0.501233 123
0.500450 123
0.584368 123
0.500383 123
0.501729 123
0.501122 123
0.739625 123
0.639436 123
0.502791 123
0.501297 123
0.507310 123
0.501518 123
0.503960 123
0.501669 123
0.500990 123
0.615922 123
0.500998 123
0.510778 123
0.851062 123
0.506703 123
0.500632 123
0.502848 123
0.501278 123
0.530496 123
0.502410 123
0.502970 123
1.076046 123
0.715525 123
0.727360 123
0.508734 123
0.500720 123
0.501408 123
0.500332 123
0.505852 123
0.516021 123
0.501067 123
0.500633 123
0.500244 123
0.502593 123
0.501389 123
0.500745 123
0.506219 123
0.500187 123
0.500571 123
0.501023 123
0.509939 123
0.506479 123
0.508302 123
0.534121 123
0.505649 123
0.696768 123
0.500563 123
0.501279 123
1.424104 123
0.617908 123
0.501084 123
0.500234 123
0.512473 123
0.501194 123
0.536747 123
0.728607 123
0.550615 123
0.942624 123
0.710431 123
5.672785 123
1.395567 123
0.905982 123
0.520377 123
0.769225 123
1.692044 123
1.675885 123
0.919128 123
0.952768 123
0.868546 123
0.634051 123
2.361267 123
0.832586 123
4.346543 123
1.058680 123
0.503223 123
0.500952 123
0.566194 123
0.502524 123
0.512818 123
0.515489 123
0.533859 123
0.500803 123
0.999303 123
0.605723 123
0.534302 123
0.501695 123
0.505469 123
0.500335 123
0.502233 123
0.505849 123
0.500551 123
0.507710 123
0.500597 123
0.507286 123
0.514398 123
0.500537 123
0.501340 123
0.500461 123
0.509341 167
0.509637 53
0.503841 53
0.506260 53
0.500509 53
0.501554 53
0.509828 53
0.504907 53
0.500659 53
0.505160 53
0.891535 53
2.297742 53
0.508382 53
0.501146 53
0.501749 53
0.510429 53
0.500199 53
0.508295 53
0.501093 53
0.511731 53
0.503268 53
0.505549 53
0.503602 53
0.506698 53
0.500654 53
0.514721 53
0.510235 53
0.508700 53
0.515790 53
0.501592 53
0.642763 53
2.520631 53
0.504199 53
0.890185 53
0.538859 53
0.731114 53
0.000211 196
0.221481 161
0.729521 243
0.000061 78
0.016875 122
0.035897 53
0.000221 53
0.044169 247
0.000051 86
0.004377 132
0.098972 294
0.000090 87
0.004928 132
1.029120 59
0.692543 59
0.550566 123
0.502627 123
0.511898 123
0.503349 123
0.500263 123
0.216164 335
0.000033 455
0.040222 456
0.018284 458
0.008610 335
0.000127 208
0.000009 123
0.106219 321
0.000952 1248
0.000125 214
0.000090 492
0.000004 123
0.000037 246
0.000035 492
0.000005 246
0.000026 369
0.000071 738
0.000029 369
0.000056 369
0.000082 984
0.000097 861
0.000040 369
0.000006 123
0.000039 611
0.000031 127
0.000016 369
0.000019 365
0.000014 4
0.000048 365
0.000006 250
0.000044 369
0.000042 369
0.000016 123
0.000067 492
0.000026 246
0.000074 861
0.000038 246
0.000031 369
0.000028 246
0.000076 738
0.000006 369
0.000036 123
0.000016 246
0.000023 369
0.000045 492
0.000048 615
0.000044 615
0.000022 123
0.000024 492
0.000028 123
0.000043 492
0.000014 246
0.000043 369
0.000022 246
0.000054 369
0.000019 369
0.000021 369
0.000012 123
0.000035 611
0.000092 373
0.000029 123
0.000868 119
0.000092 373
0.000028 246
0.002364 492
0.000094 4095
0.000023 4095
0.000015 4095
0.000079 4095
0.000058 8192
0.000008 1258
0.000036 488
0.000039 496
0.000005 123
0.000023 123
0.000005 246
0.000041 492
0.000068 369
0.000005 492
0.000046 246
0.000022 246
0.000057 246
0.000004 246
0.000020 242
0.000096 619
0.000045 365
0.000040 619
0.000029 246
0.000080 738
0.000007 123
0.000031 246
0.000030 246
0.000028 369
0.000075 984
0.000043 369
0.000033 492
0.000057 615
0.000042 246
0.000058 492
0.000026 369
0.000044 492
0.000057 492
0.000043 615
0.001245 246
0.000224 4095
0.000103 4095
0.000070 4095
0.000061 3332
0.000037 123
0.000023 123
0.000047 123
0.000052 123
0.000063 123
0.000072 123
0.000018 4
0.000047 119
0.000009 123
0.000086 123
0.000008 123
0.000087 123
0.000009 123
0.001319 8192
0.000009 224
0.000062 4095
0.000053 1392
0.000099 242
0.000043 123
0.000048 4
0.000045 123
0.000038 123
0.000225 246
0.008256 492
0.000041 4095
0.000018 4095
0.000063 8192
0.000069 4095
0.000020 4095
0.000015 4095
0.000046 4095
0.000071 8192
0.000018 4095
0.000071 1937
0.000016 369
0.000038 369
0.000045 738
0.000040 369
0.000044 492
0.000076 369
0.000031 123
0.000041 738
0.000027 246
0.000035 246
0.000048 611
0.000007 4
0.000036 246
0.000026 369
0.000037 123
0.000018 123
0.000035 246
0.000019 246
0.000041 611
0.000006 4
0.000036 246
0.000050 492
0.000027 235
0.000066 503
0.000047 369
0.000029 492
0.000053 246
0.000008 246
0.000031 369
0.000036 123
0.000006 246
0.000030 369
0.000026 246
0.000054 611
0.000022 4
0.000065 365
0.000031 127
0.000035 246
0.000042 615
0.000031 246
0.000061 369
0.000021 369
0.000008 246
0.000025 119
0.000022 127
0.000038 492
0.000043 369
0.000006 242
0.000031 127
0.000008 246
0.000023 63
0.000037 429
0.000042 492
0.000047 246
0.000012 123
0.000031 246
0.000033 369
0.000043 369
0.000035 369
0.000053 369
0.000006 246
0.000049 488
0.000032 127
0.001303 246
0.000197 4095
0.000096 4095
0.000122 4095
0.000062 4095
0.000073 3300
0.000052 1107
0.000047 1107
0.000024 246
0.000038 738
0.000053 615
0.000069 492
0.000041 492
0.000025 492
0.000078 246
0.000009 369
0.000107 984
0.000062 1476
0.000069 861
0.000049 615
0.000073 1107
0.000096 1107
0.000028 123
0.000035 738
0.000072 857
0.000051 496
0.000054 369
0.000006 369
0.000053 488
0.000021 250
0.000117 861
0.000038 369
0.000075 611
0.000067 742
0.000083 615
0.000007 492
0.000033 369
0.000031 492
0.000058 861
0.000045 492
0.000096 492
0.000007 615
0.000163 1599
0.000010 861
0.000110 1230
0.000067 861
0.000114 1476
0.000070 738
0.000045 615
0.000056 738
0.000029 246
0.000037 615
0.000004 123
0.000026 246
0.000032 492
0.000032 246
0.000047 861
0.000037 246
0.000027 615
0.000030 246
0.000031 369
0.000034 369
0.001465 8192
0.000021 4095
0.000438 2093
0.000027 4095
0.000074 1205
0.000007 492
0.000102 365
0.000013 865
0.000046 123
0.000040 369
0.000028 369
0.000086 123
0.000062 188
0.000049 304
0.000017 492
0.000082 369
0.000035 738
0.000087 738
0.000076 246
0.000032 369
0.000033 492
0.000034 488
0.000007 4
0.000039 242
0.000022 250
0.000039 246
0.000033 369
0.000045 615
0.000055 615
0.000006 123
0.000048 123
0.000035 492
0.000021 369
0.000061 508
0.000006 230
0.000048 246
0.000022 492
0.000094 857
0.000007 4
0.000006 123
0.000052 615
0.000028 246
0.000032 369
0.000030 246
0.000031 369
0.000006 246
0.000070 369
0.000013 369
0.000041 369
0.000044 369
0.000035 492
0.000020 369
0.000087 492
0.000005 365
0.000013 4
0.000082 615
0.000042 492
0.000083 861
0.000012 123
0.000045 369
0.000038 369
0.000047 492
0.000005 123
0.000005 123
0.000020 123
0.000095 246
0.000031 492
0.000071 738
0.000007 123
0.000070 611
0.000006 250
0.000047 369
0.000006 123
0.000098 615
0.000034 365
0.000006 127
0.000069 492
0.000014 246
0.000021 365
0.000005 4
0.000019 123
0.000089 369
0.000026 246
0.000052 611
0.000005 4
0.000070 492
0.000005 246
0.000050 492
0.000083 861
0.000041 246
0.000138 861
0.000017 365
0.000059 4
0.000007 246
0.000043 369
0.000012 246
0.000025 369
0.000030 246
0.000118 738
0.000009 369
0.000062 492
0.000005 246
0.000099 1107
0.000006 123
0.000038 369
0.000068 861
0.000005 119
0.000015 4
0.000166 1599
0.000032 246
0.000120 738
0.000007 123
0.000045 615
0.000017 246
0.000033 369
0.000043 492
0.000027 369
0.000024 369
0.000042 488
0.000006 193
0.000021 180
0.000074 615
0.000012 369
0.000091 984
0.000007 123
0.000006 246
0.000037 365
0.000007 127
0.000029 492
0.000019 123
0.000057 615
0.000035 246
0.000005 492
0.000007 242
0.000023 127
0.000027 488
0.000038 127
0.000036 738
0.000019 246
0.000063 615
0.000036 369
0.000050 263
0.000061 598
0.000006 492
0.000025 369
0.000026 611
0.000016 4
0.000020 123
0.000025 246
0.000055 738
0.000025 369
0.000019 246
0.000013 246
0.000059 611
0.000012 127
0.000032 369
0.000036 492
0.000026 123
0.000024 492
0.000051 123
0.000006 492
0.000020 123
0.000005 369
0.000018 119
0.000029 369
0.000033 373
0.000029 246
0.000040 738
0.000045 738
0.000011 119
0.000040 373
0.000018 246
0.000020 246
0.000029 246
0.000075 615
0.000027 369
0.000006 123
0.000080 246
0.000047 246
0.000055 738
0.000005 246
0.000021 246
0.000023 246
0.000050 492
0.000005 246
0.000035 492
0.000055 615
0.000005 288
0.000020 81
0.000031 369
0.000010 246
0.000005 242
0.000022 4
0.000064 861
0.000023 246
0.000056 738
0.000025 492
0.000025 123
0.000029 615
0.000029 246
0.000078 984
0.000038 492
0.000052 492
0.000033 615
0.000067 123
0.000008 246
0.000066 734
0.000032 4
0.000039 492
0.000034 246
0.000034 246
0.000029 246
0.000059 492
0.000026 246
0.000059 492
0.000048 492
0.000022 246
0.000052 615
0.000028 246
0.000041 369
0.000008 123
0.000028 123
0.000010 123
0.000038 369
0.000031 246
0.000035 246
0.000031 615
0.000063 615
0.000031 123
0.000035 492
0.000026 492
0.000051 492
0.000034 246
0.000098 492
0.000033 369
0.000050 861
0.000032 246
0.000032 492
0.000030 488
0.000006 4
0.000061 861
0.000037 365
0.000022 4
0.000027 369
0.000005 369
0.000033 246
0.000033 492
0.000048 615
0.000031 246
0.000032 369
0.000034 615
0.000058 734
0.000005 4
0.000032 492
0.000004 123
0.000030 369
0.000031 369
0.000027 369
0.000006 123
0.000048 369
0.000007 246
0.000040 369
0.000026 369
0.000046 738
0.000061 242
0.000044 742
0.000004 123
0.000050 738
0.000006 123
0.000041 369
0.000025 123
0.000048 738
0.000047 246
0.000017 615
0.000043 123
0.000014 492
0.000062 861
0.000004 123
0.000036 369
0.000038 246
0.000004 246
0.000057 738
0.000030 246
0.000032 492
0.000029 492
0.000046 615
0.000027 246
0.000046 738
0.000031 246
0.000030 369
0.000026 492
0.000042 492
0.000029 369
0.000158 492
0.000005 123
0.000031 611
0.000030 373
0.000019 119
0.000048 373
0.000005 369
0.000052 246
0.000042 738
0.000043 738
0.000039 369
0.000053 861
0.000035 246
0.000083 984
0.000027 119
0.000108 496
0.000040 246
0.000017 369
0.000028 246
0.000050 615
0.000012 611
0.000025 4
0.000051 615
0.000005 246
0.000005 246
0.000059 123
0.000071 615
0.000019 369
0.000033 492
0.000043 492
0.000014 246
0.000035 492
0.000004 246
0.000054 738
0.000031 369
0.000047 492
0.000034 369
0.000060 738
0.000017 123
0.000039 492
0.000013 119
0.000065 742
0.000062 615
0.000038 492
0.000033 615
0.000026 123
0.000026 123
0.000016 492
0.000034 492
0.000007 123
0.000033 369
0.000017 369
0.000033 119
0.000115 496
0.000082 615
0.000006 246
0.000036 246
0.000028 246
0.000007 369
0.000022 246
0.000033 492
0.000018 19
0.000014 350
0.000049 738
0.000027 246
0.000038 492
0.000022 246
0.000020 246
0.000021 246
0.000005 369
0.000021 246
0.000033 123
0.000037 369
0.000004 492
0.000022 123
0.000048 492
0.000042 492
0.000006 246
0.000030 369
0.000040 492
0.000007 123
0.000028 246
0.000058 615
0.000008 492
0.000029 339
0.000033 395
0.000041 373
0.000101 984
0.000039 242
0.000004 127
0.000020 246
0.000045 615
0.000018 369
0.000026 123
0.000023 246
0.000042 615
0.000015 242
0.000004 4
0.000021 123
0.000033 365
0.000012 373
0.000014 123
0.000023 246
0.000018 123
0.000013 123
0.000028 246
0.000006 246
0.000005 246
0.000025 246
0.000031 123
0.000007 246
0.000019 246
0.000006 488
0.000029 48
0.000036 325
0.000030 615
0.000004 123
0.000042 123
0.000006 369
0.000048 738
0.000026 369
0.000019 246
0.000054 615
0.000045 615
0.000004 123
0.000043 123
0.000038 492
0.000006 365
0.000038 4
0.000026 365
0.000060 738
0.000023 127
0.000029 492
0.000046 246
0.000044 615
0.000005 246
0.000037 369
0.000045 492
0.000036 734
0.000015 4
0.000028 615
0.000033 369
0.000015 246
0.000032 492
0.001797 4095
0.000018 4095
0.000080 8192
0.000017 4095
0.000024 4095
0.000009 762
0.000040 373
0.000015 246
0.000038 488
0.000024 373
0.000051 615
0.000017 369
0.000040 492
0.000004 242
0.000047 496
0.000033 492
0.000021 45
0.000033 324
0.000006 246
0.000015 369
0.000039 123
0.000005 488
0.000030 369
0.000036 127
0.000030 492
0.000008 123
0.000055 369
0.000051 246
0.000041 734
0.000034 250
0.000035 246
0.000006 369
0.000026 369
0.000030 123
0.000018 492
0.000027 492
0.000024 246
0.000029 492
0.000030 369
0.000028 488
0.000006 4
0.000025 369
0.000028 123
0.000010 123
0.000007 369
0.000056 492
0.000024 492
0.000036 246
0.000039 861
0.000005 242
0.000023 4
0.000032 492
0.000055 492
0.000006 246
0.000037 492
0.000023 242
0.000005 127
0.000064 738
0.000024 369
0.000031 369
0.000057 246
0.000008 738
0.000073 246
0.000019 123
0.000066 492
0.000051 615
0.000008 369
0.000005 123
0.000039 369
0.000035 492
0.000005 246
0.000028 369
0.000028 369
0.000026 369
0.000004 123
0.000022 369
0.000045 369
0.000007 246
0.000029 246
0.000028 615
0.000023 246
0.000056 492
0.000010 369
0.000046 369
0.000021 246
0.000020 246
0.000021 369
0.000006 242
0.000012 25
0.000028 225
0.000040 615
0.000019 123
0.000046 615
0.000028 369
0.000021 615
0.000121 861
0.000031 488
0.000028 496
0.000030 369
0.000046 615
0.000047 492
0.000006 246
0.000045 492
0.000039 615
0.000043 488
0.000020 127
0.000033 492
0.000053 492
0.000026 615
0.000061 615
0.000049 123
0.000045 738
0.000043 734
0.000029 373
0.000005 246
0.000015 246
0.000043 246
0.000056 492
0.000026 615
0.000029 123
0.000005 369
0.000021 246
0.000031 123
0.000019 369
0.000071 738
0.000010 246
0.000067 615
0.000007 123
0.000035 246
0.000005 488
0.000005 4
0.000023 123
0.000035 615
0.000037 246
0.000026 492
0.000024 123
0.000013 369
0.000043 369
0.000006 246
0.000028 369
0.000051 738
0.000027 369
0.000044 615
0.000032 246
0.000024 369
0.000041 488
0.000005 250
0.000039 369
0.000028 369
0.000028 369
0.000042 369
0.000024 738
0.000028 246
0.000042 734
0.000019 4
0.000030 615
0.000091 984
0.000043 369
0.000097 1230
0.000041 369
0.000030 492
0.000053 861
0.000032 123
0.000034 615
0.000033 492
0.000055 738
0.000031 369
0.000028 492
0.000042 492
0.000034 369
0.000006 246
0.000040 369
0.000017 246
0.000034 615
0.000004 123
0.000044 246
0.000041 861
0.000052 492
0.000035 369
0.000049 738
0.000007 123
0.000038 615
0.000055 246
0.000100 1103
0.000005 4
0.000033 615
0.000005 242
0.000052 373
0.000007 246
0.000033 246
0.000017 246
0.000032 369
0.000029 246
0.000005 365
0.000017 127
0.000020 123
0.000053 738
0.000045 369
0.000006 369
0.000029 369
0.000047 492
0.000028 369
0.000025 615
0.000062 369
0.000006 492
0.000007 242
0.000004 4
0.000057 123
0.000009 492
0.000021 369
0.000089 738
0.000028 369
0.000006 246
0.000063 738
0.000015 365
0.000004 127
0.000064 369
0.000048 246
0.000012 246
0.000062 492
0.000025 492
0.000023 369
0.000034 365
0.000023 492
0.000028 250
0.000027 123
0.000014 246
0.000035 369
0.000031 615
0.000005 123
0.000044 488
0.000032 250
0.000004 123
0.000018 123
0.000008 123
0.000037 369
0.000029 734
0.000026 4
0.000010 246
0.000018 369
0.000032 365
0.000005 4
0.000004 123
0.000030 123
0.000010 246
0.000023 246
0.000030 246
0.000011 365
0.000079 496
0.000021 492
0.000005 123
0.000033 123
0.000043 861
0.000049 492
0.000062 246
0.000039 738
0.000028 369
0.000056 738
0.000023 246
0.000036 246
0.000037 492
0.000038 246
0.000031 615
0.000021 123
0.000026 492
0.000023 246
0.000023 123
0.000025 246
0.000029 246
0.000022 246
0.000014 492
0.000018 246
0.000020 369
0.000047 492
0.000015 246
0.000025 123
0.000020 369
0.000017 246
0.000028 369
0.000005 123
0.000033 246
0.000039 365
0.000006 373
0.000011 123
0.000017 246
0.000062 492
0.000008 369
0.000039 246
0.000040 492
0.000013 369
0.000069 369
0.000005 369
0.000052 488
0.000016 250
0.000034 369
0.000005 119
0.000006 127
0.000053 492
0.000009 123
0.000029 242
0.000022 369
0.000023 4
0.000027 246
0.000024 369
0.000013 369
0.000030 492
0.000030 246
0.000020 246
0.000004 246
0.000017 119
0.000023 127
0.000014 492
0.000024 246
0.000034 246
0.000007 123
0.000040 615
0.000008 123
0.000022 123
0.000021 369
0.000005 123
0.000004 123
0.000032 123
0.000004 246
0.000005 246
0.000080 861
0.000010 123
0.000028 246
0.000014 242
0.000033 373
0.000008 123
0.000014 246
0.000016 123
0.000047 615
0.000020 246
0.000035 369
0.000061 246
0.000030 343
0.000021 26
0.000029 246
0.000019 246
0.000035 734
0.000027 127
0.000048 369
0.000017 246
0.000031 492
0.000023 246
0.000017 123
0.000007 369
0.000053 369
0.000044 615
0.000036 492
0.000041 738
0.000038 492
0.000027 246
0.000012 123
0.000019 246
0.000031 492
0.000005 123
0.000023 123
0.000013 246
0.000018 365
0.000026 127
0.000023 123
0.000012 246
0.000014 123
0.000008 242
0.000027 127
0.000034 615
0.000011 123
0.000007 123
0.000013 242
0.000018 127
0.000036 492
0.000024 246
0.000033 615
0.000027 123
0.000046 246
0.000005 365
0.000008 246
0.000025 127
0.000027 123
0.000007 246
0.000022 123
0.000023 246
0.000021 369
0.000014 246
0.000007 123
0.000027 246
0.000047 369
0.000010 246
0.000006 246
0.000030 369
0.000004 123
0.000029 246
0.000004 123
0.000019 123
0.000025 492
0.000010 119
0.000016 369
0.000017 4
0.000025 123
0.000027 369
0.000008 246
0.000037 369
0.000022 488
0.000045 615
0.000013 127
0.000029 123
0.000020 246
0.000023 246
0.000009 246
0.000028 365
0.000006 4
0.000011 123
0.000053 611
0.000008 4
0.000028 246
0.000015 246
0.000026 365
0.000023 127
0.000017 369
0.000036 369
0.000006 123
0.000053 369
0.000024 123
0.000044 246
0.000026 492
0.000041 488
0.000006 127
0.000009 123
0.000037 246
0.000042 369
0.000026 365
0.000039 250
0.000032 369
0.000006 246
0.000026 369
0.000008 123
0.000026 492
0.000054 738
0.000050 369
0.000060 984
0.000032 246
0.000004 246
0.000052 738
0.000014 123
0.000032 369
0.000037 246
0.000076 861
0.000042 738
0.000104 861
0.000083 738
0.000077 861
0.000033 369
0.000041 615
0.000026 492
0.000055 369
0.000029 369
0.000018 369
0.000094 492
0.000041 984
0.000032 369
0.000090 344
0.000050 1501
0.000131 1353
0.000019 246
0.000046 492
0.000179 984
0.000120 1476
0.000041 1107
0.000017 369
0.000058 246
0.000056 369
0.000042 861
0.000062 984
0.000006 246
0.001389 4095
0.000014 2055
0.000011 2048
0.000027 2047
0.000075 4097
0.000334 4095
0.000077 4072
0.000005 25
0.000017 590
0.000058 246
0.000010 492
0.000053 246
0.000023 492
0.000062 984
0.000059 615
0.000040 246
0.000066 857
0.000028 4
0.000063 615
0.000026 369
0.000037 369
0.000032 492
0.000026 365
0.000077 250
0.000103 1230
0.000123 1230
0.000047 615
0.000023 246
0.000033 369
0.000081 857
0.000054 619
0.000045 246
0.000095 615
0.000009 738
0.000061 738
0.000026 365
0.000004 4
0.000039 246
0.000034 488
0.000043 496
0.000046 50
0.000014 442
0.000007 246
0.000024 242
0.000009 4
0.000016 242
0.000048 4
0.000028 365
0.000005 4
0.000031 246
0.000021 123
0.000016 123
0.000025 246
0.000006 123
0.000039 246
0.000006 246
0.000033 123
0.000011 246
0.000020 242
0.000029 250
0.000019 123
0.000045 369
0.000051 246
0.000008 365
0.000004 4
0.000028 123
0.000018 123
0.000030 369
0.000039 246
0.000006 369
0.000049 246
0.000015 246
0.000022 246
0.000032 123
0.000006 246
0.000015 123
0.000035 246
0.000023 246
0.000021 246
0.000036 124
0.000024 368
0.000092 1107
0.000090 492
0.000030 246
0.000010 246
0.000037 492
0.000043 246
0.000034 369
0.000055 615
0.000037 246
0.000006 123
0.000026 246
0.000028 365
0.000072 373
0.000009 369
0.000004 123
0.000066 738
0.000010 123
0.000026 123
0.000018 369
0.000018 123
0.000038 246
0.000035 246
0.000009 369
0.000024 123
0.000032 488
0.000007 4
0.000026 246
0.000010 123
0.000066 615
0.000041 365
0.000007 127
0.000006 123
0.000072 365
0.000024 127
0.000006 246
0.000044 246
0.000045 369
0.000005 123
0.000006 119
0.000053 4
0.000027 369
0.000027 123
0.000006 369
0.000033 123
0.000028 492
0.000037 123
0.000026 246
0.000051 492
0.000026 246
0.000035 246
0.000031 369
0.000021 246
0.000021 246
0.000050 369
0.000006 123
0.000050 492
0.000033 246
0.000034 492
0.000007 123
0.000042 369
0.000032 246
0.000005 123
0.000062 492
0.000005 246
0.000142 980
0.000007 127
0.000043 246
0.000096 615
0.000022 369
0.000017 246
0.000056 492
0.000042 246
0.000019 246
0.000034 123
0.000029 246
0.000006 246
0.000022 369
0.000040 123
0.000008 246
0.000025 369
0.000026 123
0.000046 246
0.000041 369
0.000010 123
0.000048 365
0.000018 250
0.000038 492
0.000031 123
0.000009 123
0.000032 246
0.000023 246
0.000046 246
0.000063 615
0.000069 861
0.000032 123
0.000110 369
0.000064 738
0.000008 369
0.000057 246
0.000019 369
0.000089 492
0.000057 738
0.000009 246
0.000133 861
0.000030 369
0.000070 738
0.000032 492
0.000047 492
0.000050 123
0.000033 492
0.000042 492
0.000061 369
0.000077 615
0.000042 615
0.000137 861
0.000043 492
0.000089 615
0.000027 492
0.000044 611
0.000148 619
0.000045 984
0.000173 1476
0.000028 246
0.000114 615
0.000043 615
0.000046 615
0.000128 1107
0.000044 246
0.000047 246
0.000034 492
0.000095 568
0.000045 908
0.000122 1107
0.000047 123
0.000007 369
0.000136 738
0.000025 738
0.000071 369
0.000013 246
0.000005 123
0.000014 246
0.000013 119
0.000059 619
0.000060 369
0.000013 246
0.000041 369
0.000050 615
0.000080 492
0.000016 246
0.000022 123
0.000020 246
0.000059 492
0.000004 123
0.000057 615
0.000040 492
0.000079 861
0.000021 246
0.000025 369
0.000041 492
0.000011 369
0.000061 738
0.000036 369
0.000037 615
0.000023 123
0.000035 246
0.000019 246
0.000022 242
0.000005 127
0.000044 246
0.000033 246
0.000041 492
0.000030 246
0.000019 246
0.000023 246
0.000041 369
0.000024 611
0.000027 4
0.000025 242
0.000032 4
0.000043 246
0.000031 369
0.000043 738
0.000055 615
0.000007 123
0.000016 246
0.000086 492
0.000028 369
0.000006 123
0.000051 615
0.000007 123
0.000028 123
0.000028 369
0.000005 123
0.000054 611
0.000023 4
0.000025 246
0.000006 246
0.000039 492
0.000064 175
0.000027 440
0.000015 246
0.000021 246
0.000021 123
0.000018 246
0.000017 242
0.000021 4
0.000027 246
0.000018 246
0.000026 246
0.000009 123
0.000025 246
0.000115 492
0.000010 246
0.000052 246
0.000005 246
0.000037 246
0.000009 246
0.000048 246
0.000006 246
0.000014 246
0.000045 369
0.000006 246
0.000061 492
0.000025 369
0.000029 246
0.000039 492
0.000016 365
0.000013 4
0.000019 123
0.000060 372
0.000049 612
0.000008 123
0.000048 369
0.000009 246
0.000039 369
0.000029 246
0.000004 246
0.000053 246
0.000029 615
0.000045 246
0.000026 369
0.000070 369
0.000036 615
0.000012 123
0.000023 246
0.000043 246
0.000039 369
0.000049 246
0.000022 492
0.000024 246
0.000039 369
0.000039 369
0.000039 369
0.000031 369
0.000013 77
0.000023 169
0.000036 246
0.000008 246
0.000088 369
0.000040 984
0.000056 615
0.000031 246
0.000041 369
0.000046 246
0.000038 369
0.000013 369
0.000037 246
0.000005 123
0.000020 123
0.000051 246
0.000029 369
0.000034 615
0.000007 123
0.000047 369
0.000050 246
0.000040 123
0.000005 123
0.000062 615
0.000048 615
0.000050 369
0.000035 492
0.000004 123
0.000006 123
0.000015 123
0.000052 246
0.000019 369
0.000021 123
0.000063 615
0.000019 246
0.000035 246
0.000033 369
0.000023 246
0.000016 246
0.000026 246
0.000044 369
0.000037 615
0.000031 246
0.000030 123
0.000026 369
0.000007 242
0.000033 250
0.000043 369
0.000034 369
0.000071 246
0.000005 123
0.000044 246
0.000026 123
0.000027 246
0.000008 123
0.000075 492
0.000005 123
0.000025 246
0.000014 246
0.000082 734
0.000020 4
0.000030 369
0.000019 119
0.000024 127
0.000015 246
0.000025 369
0.000055 246
0.000006 369
0.000040 246
0.000044 488
0.000007 4
0.000049 369
0.000005 246
0.000034 123
0.000031 246
0.000025 369
0.000028 369
0.000014 123
0.000030 492
0.000032 123
0.000019 246
0.000030 246
0.000023 369
0.000016 123
0.000079 242
0.001206 127
0.002226 4095
0.000031 8192
0.000018 4095
0.000018 4095
0.000045 4095
0.000070 8192
0.000025 4095
0.000015 3519
0.000066 3902
0.000059 369
0.000006 246
0.000046 369
0.000048 369
0.000008 246
0.000038 369
0.000046 492
0.000024 246
0.000027 123
0.000053 246
0.000047 615
0.000042 369
0.000038 492
0.000069 369
0.000018 369
0.000015 123
0.000042 615
0.000063 738
0.000057 369
0.000018 492
0.000081 369
0.000024 492
0.000036 492
0.000076 492
0.000029 369
0.000017 123
0.000028 369
0.000104 492
0.000020 492
0.000007 123
0.000052 246
0.000006 246
0.000066 492
0.000051 492
0.000022 369
0.000043 369
0.000016 123
0.000007 123
0.000038 246
0.000064 611
0.000006 4
0.000037 369
0.000007 246
0.000014 246
0.000048 492
0.000061 492
0.000017 246
0.000043 369
0.000020 246
0.000032 369
0.000037 246
0.000043 615
0.000022 246
0.000039 369
0.000031 492
0.000022 123
0.000025 123
0.000016 369
0.000026 246
0.000067 738
0.000029 123
0.000006 246
0.000040 246
0.000021 123
0.000047 615
0.000084 246
0.000052 369
0.000020 119
0.000027 250
0.000032 246
0.000006 492
0.000004 123
0.000041 369
0.000014 246
0.000006 369
0.000057 246
0.000055 1107
0.000045 492
0.000034 369
0.000050 123
0.000006 738
0.000035 369
0.000026 246
0.000039 104
0.000092 1126
0.000007 492
0.000030 246
0.000046 615
0.000060 615
0.000005 246
0.000021 123
0.000037 369
0.000016 365
0.000008 127
0.000036 119
0.000070 250
0.000029 246
0.000040 369
0.000021 369
0.000035 615
0.000053 369
0.000013 369
0.000053 738
0.000069 861
0.000006 242
0.000007 127
0.000021 246
0.000028 492
0.000019 123
0.000023 246
0.000027 611
0.000019 4
0.000037 369
0.000023 738
0.000044 369
0.000030 365
0.000046 496
0.000016 369
0.000059 615
0.000013 369
0.000026 492
0.000049 492
0.000054 738
0.000040 246
0.000004 246
0.000011 246
0.000066 611
0.000025 127
0.000071 369
0.000023 365
0.000017 250
0.000034 369
0.000019 119
0.000023 127
0.000034 242
0.000054 127
0.000005 123
0.000051 734
0.000030 4
0.000037 615
0.000016 246
0.000023 123
0.000050 492
0.000028 246
0.000007 246
0.000051 611
0.000014 4
0.000024 369
0.000032 246
0.000043 369
0.000019 242
0.000023 123
0.000004 127
0.000039 369
0.000022 123
0.000019 246
0.000007 246
0.000026 246
0.000004 119
0.000023 4
0.000028 246
0.000073 365
0.000007 127
0.000027 242
0.000016 127
0.000020 369
0.000018 123
0.000058 615
0.000053 369
0.000030 246
0.000054 738
0.000047 615
0.000026 246
0.000026 369
0.000050 492
0.000034 246
0.000031 492
0.000026 246
0.000038 246
0.000025 246
0.000058 738
0.000056 488
0.000007 4
0.000056 615
0.000024 246
0.000047 369
0.000069 246
0.000007 369
0.000087 861
0.000059 369
0.000048 615
0.000038 369
0.000054 492
0.000007 123
0.000032 488
0.000019 4
0.000046 492
0.000006 123
0.000027 365
0.000027 4
0.000045 738
0.000032 228
0.000053 264
0.000013 369
0.000027 492
0.000027 123
0.000029 369
0.000025 123
0.000070 984
0.000044 246
0.000032 492
0.000034 246
0.000030 492
0.000046 246
0.000107 861
0.000047 369
0.000028 365
0.000033 373
0.000033 246
0.000046 246
0.000015 365
0.000032 246
0.000041 250
0.000005 246
0.000047 246
0.000014 246
0.000047 492
0.000016 246
0.000029 369
0.000036 492
0.000040 365
0.000036 250
0.000029 369
0.000042 492
0.000040 369
0.000046 246
0.000046 369
0.000053 492
0.000005 246
0.000039 369
0.000004 246
0.000033 246
0.000041 492
0.000052 123
0.000005 123
0.000035 123
0.000048 369
0.000029 246
0.000022 246
0.000027 492
0.000037 7
0.000034 608
0.000054 492
0.000018 246
0.000023 246
0.000024 246
0.000032 492
0.000048 369
0.000025 246
0.000035 369
0.000004 123
0.000013 246
0.000050 369
0.000017 246
0.000028 246
0.000038 492
0.000028 369
0.000058 615
0.000071 369
0.000021 492
0.000076 246
0.000006 369
0.000028 246
0.000028 246
0.000027 246
0.000069 246
0.000031 246
0.000005 246
0.000006 123
0.000027 246
0.000043 738
0.000022 246
0.000031 123
0.000018 365
0.000005 127
0.000011 123
0.000034 246
0.000039 615
0.000022 246
0.000043 492
0.000004 246
0.000005 246
0.000025 246
0.000036 369
0.000029 615
0.000032 369
0.000030 246
0.000031 369
0.000056 738
0.000051 738
0.000006 123
0.000059 369
0.000024 615
0.000039 615
0.000018 246
0.000021 369
0.000044 369
0.000044 365
0.000060 865
0.000083 123
0.000011 615
0.000005 123
0.000054 492
0.000013 246
0.000025 246
0.000064 369
0.000006 369
0.000134 1722
0.000015 246
0.000035 492
0.000034 123
0.000006 369
0.000005 246
0.000026 369
0.000005 123
0.000023 369
0.000032 246
0.000024 492
0.000004 123
0.000024 123
0.000031 492
0.000011 246
0.000034 246
0.000039 857
0.000034 4
0.000007 369
0.000031 369
0.000082 738
0.000017 492
0.000017 246
0.000034 492
0.000020 246
0.000008 123
0.000047 246
0.000036 492
0.000006 123
0.000008 123
0.000051 734
0.000030 250
0.000030 369
0.000043 492
0.000020 369
0.000027 492
0.000058 492
0.000007 369
0.000059 738
0.000050 369
0.000021 369
0.000046 738
0.000016 369
0.000035 492
0.000071 611
0.000005 250
0.000017 246
0.000044 615
0.000042 246
0.000026 365
0.000051 988
0.000027 246
0.000004 123
0.000005 123
0.000021 123
0.000098 246
0.000015 369
0.000063 492
0.000032 246
0.000037 492
0.000037 492
0.000037 615
0.000056 369
0.000030 246
0.000017 611
0.000054 496
0.000006 123
0.000033 492
0.000043 615
0.000026 246
0.000030 492
0.000033 369
0.000042 492
0.000005 246
0.000027 246
0.000028 488
0.000044 373
0.000007 246
0.000041 611
0.000033 127
0.000034 369
0.000039 861
0.000041 492
0.000047 369
0.000049 246
0.000113 615
0.000019 1107
0.001610 246
0.000025 4095
0.000033 8192
0.000058 4095
0.000017 3913
0.000006 369
0.000031 492
0.000050 615
0.000029 246
0.000054 246
0.000009 369
0.000036 492
0.000057 738
0.000046 738
0.000028 365
0.000034 496
0.000049 492
0.000057 734
0.000003 127
0.000030 369
0.000038 246
0.000006 246
0.000042 615
0.000009 246
0.000016 242
0.000020 123
0.000025 127
0.000030 246
0.000007 369
0.000021 246
0.000081 861
0.000006 369
0.000015 246
0.000057 369
0.000072 369
0.000060 1230
0.000048 123
0.000040 984
0.000071 492
0.000006 365
0.000047 496
0.000006 123
0.000027 492
0.000025 365
0.000006 127
0.000043 246
0.000028 488
0.000020 250
0.000033 615
0.000030 492
0.000050 492
0.000015 246
0.000036 492
0.000034 492
0.000005 123
0.000038 365
0.000009 4
0.000028 488
0.000042 373
0.000006 123
0.000027 615
0.000033 246
0.000026 492
0.000052 246
0.000006 615
0.000017 123
0.000024 246
0.000025 246
0.000005 246
0.000035 369
0.000041 738
0.000005 123
0.000005 119
0.000026 4
0.000017 369
0.000025 123
0.000036 369
0.000023 369
0.000033 246
0.000043 242
0.000037 127
0.000016 246
0.000048 369
0.000018 246
0.000034 369
0.000032 246
0.000043 369
0.000026 369
0.000072 738
0.000073 369
0.000026 492
0.000007 246
0.000035 246
0.000004 246
0.000040 246
0.000023 123
0.000040 615
0.000034 369
0.000005 123
0.000062 738
0.000029 246
0.000028 246
0.000064 488
0.000005 4
0.000019 246
0.000024 123
0.000005 246
0.000035 123
0.000024 246
0.000067 369
0.000007 246
0.000026 123
0.000027 123
0.000020 492
0.000004 123
0.000028 246
0.000019 246
0.000027 246
0.000035 246
0.000032 246
0.000034 369
0.000006 246
0.000042 246
0.000029 246
0.000025 123
0.000020 369
0.000004 123
0.000036 246
0.000042 492
0.000025 492
0.000058 738
0.000064 615
0.000021 246
0.000022 246
0.000027 246
0.000005 246
0.000023 123
0.000046 611
0.000019 4
0.000044 246
0.000046 615
0.000051 492
0.000050 123
0.000035 123
0.000031 119
0.000028 373
0.000048 246
0.000006 492
0.000042 369
0.000034 246
0.000028 984
0.000029 123
0.000005 246
0.000030 123
0.000006 365
0.000004 4
0.000028 246
0.000029 246
0.000052 861
0.000004 123
0.000035 123
0.000005 611
0.000027 250
0.000027 123
0.000026 369
0.000006 246
0.000036 246
0.000007 492
0.000028 369
0.000030 369
0.000035 369
0.000013 369
0.000005 246
0.000021 246
0.000014 246
0.000020 123
0.000028 246
0.000042 738
0.000023 246
0.000058 492
0.000019 246
0.000022 369
0.000043 404
0.000006 88
0.000028 123
0.000051 492
0.000005 246
0.000024 369
0.000030 246
0.000006 369
0.000032 615
0.000021 123
0.000054 615
0.000006 369
0.000033 123
0.000027 611
0.000036 4
0.000017 492
0.000025 369
0.000027 246
0.000035 246
0.000007 492
0.000046 369
0.000039 369
0.000007 369
0.000021 369
0.000005 246
0.000024 246
0.000035 246
0.000049 492
0.000006 246
0.000046 615
0.000029 369
0.000004 246
0.000040 369
0.000049 369
0.000014 369
0.000047 492
0.000071 246
0.000024 246
0.000062 615
0.000043 369
0.000057 492
0.000008 369
0.000029 123
0.000031 369
0.000028 369
0.000028 123
0.000055 492
0.000033 488
0.000045 373
0.000048 369
0.000027 246
0.000031 615
0.000026 123
0.000037 492
0.000041 246
0.000034 246
0.000005 246
0.000030 611
0.000033 4
0.000043 492
0.000013 246
0.000034 365
0.000043 496
0.000039 246
0.000014 246
0.000043 488
0.000029 4
0.000024 369
0.000018 246
0.000054 369
0.000006 488
0.000024 4
0.000025 492
0.000020 123
0.000015 246
0.000052 369
0.000006 492
0.000026 123
0.000008 369
0.000031 123
0.000052 738
0.000004 246
0.000054 492
0.000007 246
0.000014 246
0.000012 123
0.000051 369
0.000021 369
0.000018 369
0.000015 242
0.000042 373
0.000021 492
0.000018 246
0.000030 123
0.000065 615
0.000037 611
0.000028 4
0.000023 369
0.000030 492
0.000041 369
0.000071 984
0.000040 246
0.000043 615
0.000065 1226
0.000049 250
0.000008 369
0.000039 369
0.000062 738
0.000006 488
0.000030 250
0.000033 611
0.000037 369
0.000026 250
0.000025 123
0.000007 246
0.000031 246
0.000032 615
0.000036 369
0.000020 246
0.000056 615
0.000008 369
0.000038 369
0.000033 611
0.000035 250
0.000006 369
0.000038 365
0.000006 250
0.000033 246
0.000056 738
0.000018 492
0.000072 734
0.000005 4
0.000050 369
0.000046 492
0.000021 369
0.000030 734
0.000052 496
0.000039 615
0.000033 246
0.000026 492
0.000030 123
0.000024 369
0.000065 738
0.000007 615
0.000044 246
0.000027 123
0.000057 861
0.000006 369
0.000027 246
0.000056 615
0.000006 369
0.000032 492
0.000028 246
0.000053 492
0.000008 369
0.000036 369
0.000036 615
0.000028 123
0.000046 861
0.000035 123
0.000038 738
0.000042 369
0.000112 1230
0.000028 615
0.000034 246
0.000006 369
0.000032 369
0.000028 492
0.000032 488
0.000016 4
0.000045 738
0.000029 258
0.000041 599
0.000013 4
0.000047 738
0.000030 123
0.000024 369
0.000042 738
0.000042 369
0.000017 246
0.000034 492
0.000039 492
0.000024 369
0.000027 492
0.000032 123
0.000022 738
0.000021 246
0.000021 246
0.000049 738
0.000056 246
0.000031 980
0.000026 127
0.000043 246
0.000005 242
0.000066 619
0.000019 615
0.000025 492
0.000007 119
0.000021 250
0.000033 246
0.000009 246
0.000027 492
0.000049 369
0.000030 492
0.000005 123
0.000029 369
0.000043 615
0.000041 246
0.000007 492
0.000010 123
0.000041 369
0.000042 738
0.000045 615
0.000024 369
0.000005 123
0.000028 365
0.000036 373
0.000028 365
0.000030 4
0.000008 492
0.000005 246
0.000023 246
0.000043 738
0.000043 492
0.000034 369
0.000096 738
0.000023 615
0.000038 123
0.000006 369
0.000022 123
0.000007 369
0.000029 369
0.000034 246
0.000032 611
0.000024 250
0.000062 615
0.000006 369
0.000019 369
0.000022 246
0.000047 492
0.000006 369
0.000024 246
0.000029 369
0.000024 246
0.000041 615
0.000004 246
0.000038 369
0.000038 369
0.000019 246
0.000036 611
0.000004 127
0.000031 369
0.000036 369
0.000005 369
0.000057 246
0.000007 492
0.000030 431
0.000056 553
0.000006 369
0.000086 1107
0.000023 123
0.000054 246
0.000033 492
0.000030 123
0.000013 492
0.000027 369
0.000036 492
0.000022 246
0.000053 615
0.000020 369
0.000040 984
0.000026 369
0.000038 369
0.000029 246
0.000044 615
0.000033 13
0.000028 725
0.000051 861
0.000006 123
0.000044 369
0.000038 492
0.000051 1107
0.000047 369
0.000014 369
0.000006 246
0.000033 492
0.000047 119
0.000009 496
0.000051 369
0.000050 738
0.000057 123
0.000007 369
0.000035 246
0.000009 369
0.000030 492
0.000085 1107
0.000007 123
0.000046 492
0.000026 492
0.000006 242
0.000035 373
0.000004 123
0.000032 369
0.000022 246
0.000027 123
0.000034 861
0.000034 492
0.000037 369
0.000006 369
0.000031 246
0.000027 246
0.000024 369
0.000015 369
0.000031 369
0.000029 615
0.001490 4095
0.000031 8192
0.000068 4095
0.000024 5512
0.000006 246
0.000043 369
0.000004 246
0.000044 123
0.000023 738
0.000030 492
0.000027 369
0.000004 123
0.000069 246
0.000006 369
0.000039 365
0.000010 496
0.000068 492
0.000005 369
0.000034 246
0.000018 369
0.000041 246
0.000005 246
0.000028 246
0.000007 365
0.000027 127
0.000052 738
0.000032 492
0.000046 492
0.000093 861
0.000033 246
0.000029 611
0.000054 738
0.000039 127
0.000052 738
0.000007 492
0.000042 246
0.000049 861
0.000031 246
0.000056 615
0.000007 492
0.000078 615
0.000014 492
0.000005 246
0.000031 369
0.000049 492
0.000008 246
0.000026 492
0.000028 369
0.000039 365
0.000021 250
0.000036 369
0.000014 369
0.000006 246
0.000006 119
0.000034 127
0.000026 738
0.000004 123
0.000005 119
0.000004 4
0.000022 123
0.000043 492
0.000029 615
0.000055 369
0.000036 369
0.000056 615
0.000006 123
0.000026 246
0.000035 369
0.000068 738
0.000006 369
0.000035 369
0.000037 738
0.000042 492
0.000026 369
0.000045 492
0.000006 246
0.000042 488
0.000015 369
0.000025 250
0.000027 369
0.000031 488
0.000015 127
0.000020 123
0.000023 246
0.000007 369
0.000022 123
0.000054 861
0.000045 492
0.000031 615
0.000016 246
0.000026 123
0.000004 246
0.000024 246
0.000040 615
0.000023 246
0.000066 492
0.000043 64
0.000040 305
0.000051 369
0.000019 492
0.000006 123
0.000078 492
0.000017 123
0.000007 246
0.000015 246
0.000045 246
0.000007 246
0.000046 615
0.000054 492
0.000031 246
0.000045 369
0.000024 246
0.000041 246
0.000007 246
0.000012 369
0.000071 615
0.000029 246
0.000045 734
0.000003 4
0.000051 369
0.000046 857
0.000015 4
0.000024 246
0.000046 492
0.000028 369
0.000025 123
0.000020 246
0.000044 492
0.000048 369
0.000039 492
0.000029 246
0.000020 246
0.000024 246
0.000019 369
0.000043 492
0.000021 365
0.000005 127
0.000022 123
0.000034 492
0.000050 369
0.000028 492
0.000051 246
0.000025 492
0.000007 123
0.000029 365
0.000032 4
0.000005 212
0.000040 403
0.000005 123
0.000070 734
0.000040 250
0.000048 738
0.000042 492
0.000040 615
0.000020 123
0.000096 984
0.000079 246
0.000076 492
0.000008 369
0.000027 246
0.000025 246
0.000025 734
0.000019 4
0.000022 246
0.000036 615
0.000016 123
0.000030 246
0.000022 492
0.000008 123
0.000023 246
0.000038 369
0.000017 369
0.000023 369
0.000027 123
0.000016 369
0.000036 492
0.000017 369
0.000037 246
0.000021 492
0.000004 123
0.000072 615
0.000006 246
0.000011 365
0.000028 4
0.000022 369
0.000027 246
0.000024 615
0.000036 488
0.000023 127
0.000044 492
0.000039 615
0.000040 615
0.000005 123
0.000146 1226
0.000047 250
0.000033 615
0.000066 492
0.000020 369
0.000051 861
0.000082 1230
0.000044 123
0.000031 611
0.000040 492
0.000070 619
0.000058 369
0.000040 188
0.000058 1042
0.000073 492
0.000009 861
0.000050 492
0.000032 492
0.000048 738
0.000055 246
0.000121 615
0.000007 1107
0.000037 615
0.000057 738
0.000052 738
0.000055 369
0.000049 492
0.000027 734
0.000056 496
0.000054 615
0.000060 369
0.000028 369
0.000047 738
0.000058 615
0.000040 492
0.000038 492
0.000029 369
0.000047 369
0.000041 492
0.000005 246
0.000030 369
0.000082 615
0.000078 615
0.000077 1353
0.000034 369
0.000037 492
0.000021 246
0.000030 246
0.000026 369
0.000038 861
0.000055 492
0.000005 246
0.000036 246
0.000004 246
0.000036 246
0.000019 246
0.000041 738
0.000053 488
0.000022 369
0.000033 250
0.000052 41
0.000032 1189
0.000055 615
0.000092 615
0.000029 492
0.000013 246
0.000051 123
0.000029 123
0.000030 734
0.000003 4
0.000087 369
0.000044 984
0.000074 1107
0.000032 246
0.000014 123
0.000028 488
0.000029 250
0.000015 123
0.000006 492
0.000060 246
0.000009 246
0.000004 246
0.000047 246
0.000004 246
0.000068 738
0.000030 369
0.000018 365
0.000052 127
0.000040 615
0.000006 246
0.000036 615
0.000053 369
0.000015 365
0.000005 4
0.000057 615
0.000037 246
0.000014 246
0.000015 246
0.000038 246
0.000079 615
0.000062 615
0.000029 246
0.000053 615
0.000006 123
0.000036 492
0.000028 369
0.000035 123
0.000032 980
0.000042 369
0.000031 619
0.000035 123
0.000032 246
0.000066 369
0.000059 1349
0.000004 4
0.000021 242
0.000020 373
0.000096 615
0.000035 492
0.000022 369
0.000048 492
0.000073 369
0.000053 369
0.000007 123
0.000032 492
0.000032 123
0.000015 492
0.000125 1107
0.000006 119
0.000004 4
0.000100 738
0.000049 488
0.000022 127
0.000014 246
0.000052 369
0.000006 246
0.000043 611
0.000022 250
0.000028 369
0.000020 246
0.000060 246
0.000019 369
0.000040 246
0.000020 214
0.000057 647
0.000007 246
0.000055 369
0.000005 246
0.000038 369
0.000006 123
0.000028 615
0.000081 615
0.000018 246
0.000069 492
0.000029 246
0.000013 615
0.000032 246
0.000042 369
0.000047 246
0.000009 492
0.000026 246
0.000024 246
0.000040 369
0.000011 246
0.000032 615
0.000080 615
0.000009 246
0.000007 119
0.000027 4
0.000019 246
0.000037 492
0.000035 369
0.000025 369
0.000005 123
0.000065 369
0.000015 123
0.000032 246
0.000020 246
0.000014 246
0.000032 246
0.000044 369
0.000006 246
0.000013 123
0.000078 369
0.000018 492
0.000053 123
0.000072 861
0.000037 492
0.000065 738
0.000056 246
0.000010 246
0.000051 734
0.000011 127
0.000031 123
0.000024 369
0.000051 738
0.000023 123
0.000023 369
0.000041 492
0.000010 123
0.000065 615
0.000021 123
0.000029 369
0.000056 369
0.000009 365
0.000064 619
0.000041 615
0.000054 492
0.000017 123
0.000005 246
0.000075 369
0.000005 123
0.000040 611
0.000049 71
0.000065 544
0.000006 373
0.000073 369
0.000005 246
0.000038 369
0.000060 615
0.000051 369
0.000034 492
0.000020 123
0.000028 492
0.000040 369
0.000029 246
0.000005 246
0.000026 246
0.000024 369
0.000024 242
0.000044 250
0.000005 246
0.000061 369
0.000041 615
0.000033 123
0.000028 492
0.000045 246
0.000005 246
0.000081 369
0.000006 369
0.000056 246
0.000044 369
0.000034 246
0.000044 615
0.000050 246
0.000025 246
0.000043 738
0.000063 492
0.000055 615
0.000038 246
0.000006 246
0.000022 246
0.000029 492
0.000044 492
0.000024 123
0.000028 492
0.000057 615
0.000024 246
0.000028 338
0.000044 277
0.000010 365
0.000042 373
0.000020 123
0.000019 246
0.000037 246
0.000004 246
0.000037 246
0.000036 369
0.000035 246
0.000043 492
0.000035 246
0.000058 369
0.000047 738
0.000024 369
0.000048 615
0.000037 246
0.000006 369
0.000031 369
0.000027 246
0.000023 369
0.000039 123
0.000004 246
0.000035 246
0.000027 412
0.000029 449
0.000015 123
0.000028 492
0.000034 246
0.000004 123
0.000053 246
0.000003 123
0.000025 246
0.000023 369
0.000027 123
0.000004 246
0.000045 246
0.000024 246
0.000045 369
0.000005 246
0.000035 246
0.000049 369
0.000005 369
0.000065 492
0.000061 246
0.000004 123
0.000047 123
0.000042 738
0.000031 246
0.000050 738
0.000041 246
0.000040 492
0.000055 246
0.000007 369
0.000047 611
0.000037 250
0.000071 615
0.000026 734
0.000006 4
0.000042 369
0.000046 369
0.000021 246
0.000006 246
0.000034 123
0.000030 369
0.000008 369
0.000028 246
0.000052 734
0.000035 373
0.000038 246
0.000005 123
0.000028 246
0.000028 369
0.000039 246
0.000068 246
0.000017 123
0.000033 369
0.000038 365
0.000007 127
0.000052 369
0.000027 246
0.000033 615
0.000028 246
0.000062 857
0.000007 4
0.000022 369
0.000063 492
0.000005 246
0.000051 369
0.000007 246
0.000025 246
0.000026 246
0.000025 492
0.000031 246
0.000071 615
0.000026 615
0.000044 369
0.000021 369
0.000004 123
0.000068 492
0.000006 246
0.000019 492
0.000088 369
0.000019 369
0.000072 611
0.000037 4
0.000020 734
0.000053 4
0.000006 492
0.000050 615
0.000013 119
0.000004 4
0.000060 369
0.000022 369
0.000025 123
0.000039 246
0.000006 369
0.000028 246
0.000064 615
0.000005 123
0.000013 246
0.000036 123
0.000008 369
0.000043 369
0.000004 216
0.000012 153
0.000025 246
0.000046 615
0.000026 246
0.000029 246
0.000034 615
0.000036 123
0.000060 738
0.000051 615
0.000037 123
0.000012 246
0.000046 246
0.000072 246
0.000067 615
0.000006 369
0.000022 246
0.000004 123
0.000006 123
0.000037 246
0.000077 369
0.000012 369
0.000040 369
0.000046 615
0.000044 492
0.000019 123
0.000062 861
0.000050 369
0.000027 369
0.000007 246
0.000026 369
0.000024 246
0.000029 246
0.000036 369
0.000004 369
0.000006 242
0.000021 4
0.000018 246
0.000047 492
0.000026 246
0.000043 492
0.000042 369
0.000019 246
0.000120 615
0.000011 246
0.000066 492
0.000023 123
0.000046 738
0.000049 369
0.000006 369
0.000039 611
0.000004 4
0.000014 123
0.000066 615
0.000031 615
0.000034 369
0.000035 369
0.000026 492
0.000032 615
0.000019 123
0.000019 611
0.000022 4
0.000032 246
0.000082 738
0.000012 246
0.000036 615
0.000049 369
0.000034 365
0.000037 619
0.000034 488
0.000091 496
0.000007 738
0.000074 369
0.000053 369
0.000066 1107
0.000027 246
0.000050 369
0.000013 246
0.000087 738
0.000005 123
0.000017 246
0.000058 615
0.000044 492
0.000036 246
0.000026 369
0.000025 123
0.000030 492
0.000064 615
0.000038 492
0.000006 123
0.000018 246
0.000044 488
0.000041 250
0.000025 246
0.000026 369
0.000004 123
0.000036 615
0.000027 123
0.000044 246
0.000063 369
0.000012 492
0.000044 369
0.000036 246
0.000018 246
0.000051 861
0.000011 123
0.000023 123
0.000088 861
0.000039 123
0.000006 615
0.000038 119
0.000018 4
0.000056 492
0.000066 861
0.000039 492
0.000061 492
0.000055 611
0.000006 496
0.000023 246
0.000021 246
0.000027 369
0.000004 123
0.000025 488
0.000038 4
0.000035 615
0.000026 369
0.000007 123
0.000026 246
0.000046 369
0.000016 246
0.000060 123
0.000026 123
0.000005 369
0.000004 123
0.000029 246
0.000048 246
0.000005 369
0.000021 123
0.000016 123
0.000043 492
0.000029 246
0.000022 246
0.000059 738
0.000023 123
0.000024 246
0.000028 246
0.000050 369
0.000009 611
0.000042 4
0.000031 246
0.000008 246
0.000022 369
0.000041 123
0.000045 492
0.000026 738
0.000038 492
0.000035 492
0.000044 369
0.000042 488
0.000028 123
0.000009 250
0.000021 246
0.000083 369
0.000023 246
0.000021 615
0.000034 246
0.000021 246
0.000021 488
0.000016 4
0.000046 492
0.000045 492
0.000042 369
0.000037 246
0.000024 369
0.000044 861
0.000028 246
0.000037 246
0.000005 369
0.000025 246
0.000029 246
0.000039 246
0.000018 246
0.000020 492
0.000029 246
0.000060 369
0.000036 615
0.000028 246
0.000033 246
0.000051 492
0.000027 246
0.000041 615
0.000076 246
0.000018 123
0.000043 246
0.000032 369
0.000026 492
0.000048 369
0.000047 611
0.000005 250
0.000025 246
0.000005 123
0.000025 246
0.000025 246
0.000020 246
0.000073 369
0.000021 734
0.000006 4
0.000034 369
0.000030 246
0.000006 246
0.000086 369
0.000010 861
0.000056 492
0.000025 246
0.000022 246
0.000049 861
0.000040 369
0.000061 369
0.000008 369
0.000045 369
0.000020 123
0.000094 738
0.000066 246
0.000040 246
0.000005 246
0.000059 492
0.000039 492
0.000009 246
0.000036 218
0.000036 639
0.000006 4
0.000030 492
0.000043 246
0.000068 615
0.000006 246
0.000079 738
0.000033 369
0.000026 615
0.000030 246
0.000026 369
0.000036 369
0.000004 242
0.000025 123
0.000006 246
0.000025 250
0.000042 611
0.000028 250
0.000050 738
0.000019 246
0.000034 492
0.000031 488
0.000008 127
0.000024 123
0.000034 492
0.000036 246
0.000008 123
0.000032 246
0.000044 492
0.000087 984
0.000039 492
0.000005 246
0.000073 738
0.000006 369
0.000027 246
0.000037 615
0.000047 369
0.000019 119
0.000022 373
0.000033 492
0.000017 246
0.000035 492
0.000005 123
0.000026 369
0.000007 119
0.000023 127
0.000059 1107
0.000028 246
0.000025 246
0.000019 369
0.000037 492
0.000030 369
0.000027 246
0.000023 369
0.000005 123
0.000005 123
0.000040 738
0.000026 123
0.000030 492
0.000038 492
0.000032 246
0.000026 246
0.000058 861
0.000031 246
0.000005 369
0.000024 369
0.000036 119
0.000004 127
0.000022 611
0.000003 4
0.000027 365
0.000029 492
0.000039 4
0.000006 492
0.000027 369
0.000045 369
0.000027 492
0.000030 492
0.000066 738
0.000005 123
0.000028 246
0.000022 246
0.000019 369
0.000026 369
0.000010 488
0.000023 123
0.000021 250
0.000024 242
0.000031 250
0.000005 369
0.000019 369
0.000033 119
0.000028 619
0.000020 246
0.000033 492
0.000056 738
0.000013 246
0.000021 123
0.000071 615
0.000037 615
0.000028 246
0.000050 246
0.000005 738
0.000018 246
0.000033 611
0.000021 4
0.000019 369
0.000025 246
0.000019 615
0.000064 492
0.000004 369
0.000005 242
0.000020 4
0.000030 246
0.000011 246
0.000024 488
0.000026 127
0.000025 246
0.000019 492
0.000033 246
0.000058 615
0.000006 492
0.000050 615
0.000025 369
0.000034 123
0.000062 861
0.000021 123
0.000005 369
0.000053 615
0.000006 123
0.000042 246
0.000021 369
0.000020 369
0.000004 242
0.000012 4
0.000053 246
0.000029 492
0.000021 246
0.000036 857
0.000020 127
0.000024 123
0.000021 615
0.000020 119
0.000024 4
0.000041 242
0.000019 4
0.000072 492
0.000031 369
0.000019 488
0.000018 127
0.000036 246
0.000033 615
0.000022 242
0.000033 496
0.000022 242
0.000022 496
0.000030 369
0.000015 123
0.000030 488
0.000004 127
0.000037 242
0.000019 496
0.000062 488
0.000034 619
0.000028 246
0.000037 488
0.000020 373
0.000052 492
0.000021 369
0.000045 492
0.000022 369
0.000042 246
0.000025 488
0.000034 496
0.000024 369
0.000027 246
0.000036 492
0.000019 369
0.000015 123
0.000043 492
0.000017 242
0.000025 496
0.000027 123
0.000022 246
0.000022 492
0.000022 246
0.000029 369
0.000031 365
0.000056 369
0.000005 492
0.000040 250
0.000052 861
0.000017 246
0.000012 246
0.000025 369
0.000044 246
0.000020 365
0.000024 127
0.000057 492
0.000019 369
0.000013 369
0.000017 123
0.000032 246
0.000039 123
0.000042 492
0.000004 123
0.000020 123
0.000033 246
0.000015 246
0.000039 492
0.000006 246
0.000055 492
0.000012 246
0.000021 369
0.000030 369
0.000025 123
0.000024 615
0.000012 119
0.000018 4
0.000016 492
0.000012 119
0.000021 246
0.000080 496
0.000020 492
0.000036 369
0.000027 246
0.000023 246
0.000005 365
0.000015 250
0.000019 123
0.000061 738
0.000015 492
0.000014 123
0.000033 369
0.000037 246
0.000005 492
0.000024 369
0.000030 369
0.000005 123
0.000040 615
0.000055 492
0.000045 246
0.000069 246
0.000025 369
0.000060 492
0.000061 861
0.000006 488
0.000005 4
0.000038 123
0.000029 492
0.000040 861
0.000021 246
0.000025 246
0.000004 242
0.000021 127
0.000035 611
0.000005 4
0.000035 369
0.000025 246
0.000022 369
0.000031 246
0.000026 615
0.000004 123
0.000075 738
0.000026 492
0.000005 246
0.000024 123
0.000029 246
0.000037 246
0.000007 615
0.000033 246
0.000022 492
0.000004 123
0.000005 123
0.000053 369
0.000034 369
0.000033 369
0.000038 123
0.000014 369
0.000021 123
0.000028 368
0.000033 124
0.000036 369
0.000006 734
0.000018 4
0.000006 246
0.000022 246
0.000004 123
0.000032 369
0.000031 615
0.000037 369
0.000019 123
0.000020 492
0.000034 369
0.000036 365
0.000005 127
0.000014 123
0.000037 492
0.000022 123
0.000047 857
0.000025 127
0.000037 369
0.000046 492
0.000017 123
0.000024 369
0.000014 123
0.000018 123
0.000031 369
0.000026 123
0.000031 492
0.000028 246
0.000042 492
0.000017 246
0.000025 246
0.000059 369
0.000069 123
0.000006 246
0.000093 984
0.000033 369
0.000102 861
0.000007 123
0.000005 123
0.000037 246
0.000042 492
0.000046 246
0.000006 246
0.000050 488
0.000027 250
0.000016 246
0.000049 365
0.000026 127
0.000059 615
0.000006 123
0.000032 492
0.000066 369
0.000028 369
0.000004 123
0.000029 246
0.000033 246
0.000032 246
0.000059 492
0.000039 488
0.000038 250
0.000057 365
0.000016 4
0.000016 246
0.000079 615
0.000090 1230
0.000029 246
0.000023 369
0.000050 369
0.000047 959
0.000005 271
0.000035 123
0.000005 246
0.000019 369
0.000024 369
0.000042 246
0.000022 738
0.000020 123
0.000027 246
0.000023 365
0.000631 4095
0.000013 1001
0.000080 4379
0.000058 492
0.000039 615
0.000035 492
0.000041 246
0.000038 615
0.000046 738
0.000038 615
0.000031 123
0.000035 615
0.000020 246
0.000021 123
0.000051 615
0.000015 492
0.000021 246
0.000050 492
0.000019 369
0.000040 615
0.000042 615
0.000082 492
0.000058 123
0.000113 1599
0.000025 123
0.000020 615
0.000032 123
0.000034 566
0.000006 172
0.000036 246
0.000008 369
0.000044 369
0.000039 492
0.000008 246
0.000040 369
0.000043 369
0.000045 738
0.000028 615
0.000065 492
0.000030 738
0.000061 492
0.000025 492
0.000010 365
0.000028 127
0.000006 369
0.000036 246
0.000004 246
0.000042 615
0.000044 246
0.000026 246
0.000056 615
0.000056 615
0.000008 246
0.000040 492
0.000010 242
0.000041 373
0.000040 492
0.000053 738
0.000055 492
0.000030 492
0.000027 369
0.000036 738
0.000011 119
0.000037 250
0.000031 615
0.000053 246
0.000045 492
0.000014 99
0.000016 635
0.000019 250
0.000019 123
0.000038 369
0.000028 369
0.000005 492
0.000082 492
0.000019 369
0.000056 738
0.000107 738
0.000073 611
0.000044 865
0.000039 488
0.000022 250
0.000035 369
0.000062 615
0.000038 419
0.000049 688
0.000007 246
0.000040 615
0.000052 365
0.000042 619
0.000006 369
0.000043 246
0.000032 369
0.000040 861
0.000043 246
0.000029 246
0.000021 492
0.000009 246
0.000041 369
0.000033 492
0.000011 246
0.000041 246
0.000057 857
0.000035 492
0.000104 619
0.000025 738
0.000030 123
0.000029 492
0.000040 738
0.000058 611
0.000047 496
0.000016 492
0.000017 246
0.000018 246
0.000030 369
0.000017 246
0.000026 369
0.000046 369
0.000036 369
0.000019 492
0.000023 365
0.000017 373
0.000004 123
0.000034 369
0.000012 123
0.000057 492
0.000005 369
0.000023 246
0.000016 246
0.000028 611
0.000009 4
0.000038 246
0.000028 611
0.000015 123
0.000040 373
0.000047 492
0.000057 615
0.000018 365
0.000060 619
0.000013 246
0.000046 246
0.000009 492
0.000069 738
0.000005 369
0.000040 369
0.000037 26
0.000017 589
0.000039 492
0.000031 488
0.000006 127
0.000048 369
0.000008 369
0.000080 492
0.000020 492
0.000027 246
0.000053 492
0.000035 492
0.000030 246
0.000031 369
0.000019 369
0.000009 365
0.000030 127
0.000006 365
0.000030 250
0.000027 246
0.000027 369
0.000021 369
0.000008 246
0.000035 223
0.000048 392
0.000040 492
0.000032 492
0.000039 492
0.000034 369
0.000025 492
0.000043 369
0.000032 369
0.000037 492
0.000038 492
0.000006 123
0.000047 615
0.000012 369
0.000019 246
0.000029 369
0.000027 492
0.000033 246
0.000016 369
0.000025 242
0.000008 250
0.000038 420
0.000024 318
0.000052 365
0.000041 865
0.000025 119
0.000011 250
0.000050 369
0.000055 615
0.000049 861
0.000039 246
0.000046 615
0.000009 369
0.000005 246
0.000086 857
0.000005 4
0.000032 369
0.000014 123
0.000008 242
0.000022 4
0.000053 615
0.000007 365
0.000029 127
0.000069 738
0.000005 492
0.000028 492
0.000050 492
0.000026 615
0.000022 123
0.000024 246
0.000023 611
0.000020 127
0.000026 246
0.000028 123
0.000012 369
0.000005 246
0.000029 246
0.000035 615
0.000032 123
0.000007 369
0.000025 246
0.000032 246
0.000007 369
0.000004 123
0.000056 615
0.000057 980
0.000020 127
0.000023 242
0.000016 250
0.000062 246
0.000093 492
0.000030 369
0.000060 492
0.000029 246
0.000022 492
0.000022 123
0.000060 611
0.000007 127
0.000005 123
0.000070 246
0.000009 369
0.000032 492
0.000062 369
0.000028 369
0.000028 369
0.000020 492
0.000078 492
0.000006 246
0.000008 246
0.000063 150
0.000013 342
0.000028 369
0.000025 246
0.000026 369
0.000070 615
0.000033 492
0.000036 123
0.000018 246
0.000053 246
0.000004 369
0.000020 123
0.000016 246
0.000029 242
0.000004 127
0.000025 246
0.000020 123
0.000024 492
0.000017 246
0.000023 123
0.000022 123
0.000022 242
0.000005 127
0.000068 369
0.000017 488
0.000020 127
0.000023 246
0.000004 123
0.000054 488
0.000005 4
0.000012 123
0.000096 861
0.000036 369
0.000040 365
0.000008 127
0.000036 365
0.000037 373
0.000061 246
0.000005 246
0.000040 246
0.000021 246
0.000019 246
0.000016 246
0.000042 246
0.000031 492
0.000027 123
0.000027 123
0.000052 615
0.000098 861
0.000018 246
0.000031 246
0.000021 492
0.000115 984
0.000018 365
0.000016 127
0.000050 492
0.000016 492
0.000023 369
0.000042 242
0.000005 246
0.000023 250
0.001401 4095
0.000042 8192
0.000007 1689
0.000006 292
0.000074 369
0.000009 246
0.000005 123
0.000048 369
0.000039 369
0.000050 369
0.000023 246
0.000036 246
0.000067 738
0.000020 365
0.000005 4
0.000025 123
0.000028 123
0.000007 246
0.000038 369
0.000005 246
0.000020 123
0.000037 492
0.000035 369
0.000050 369
0.000006 123
0.000021 123
0.000029 246
0.000004 123
0.000037 246
0.000033 246
0.000027 246
0.000021 365
0.000004 127
0.000022 369
0.000039 123
0.000026 492
0.000026 369
0.000044 615
0.000080 615
0.000009 492
0.000034 246
0.000047 123
0.000007 369
0.000030 242
0.000027 250
0.000111 738
0.000007 738
0.000032 246
0.000032 123
0.000017 492
0.000031 123
0.000032 246
0.000035 369
0.000004 246
0.000021 123
0.000024 246
0.000008 123
0.000039 246
0.000027 369
0.000049 984
0.000047 488
0.000017 4
0.000032 488
0.000036 373
0.000024 123
0.000040 488
0.000030 127
0.000034 492
0.000082 615
0.000068 369
0.000074 861
0.000022 123
0.000027 492
0.000026 246
0.000006 246
0.000021 246
0.000069 861
0.000054 615
0.000005 369
0.000037 492
0.000013 123
0.000006 246
0.000004 123
0.000027 369
0.000030 123
0.000005 246
0.000046 734
0.000038 492
0.000021 127
0.000035 246
0.000012 369
0.000004 123
0.000004 123
0.000025 369
0.000025 123
0.000004 246
0.000020 246
0.000017 123
0.000076 615
0.000047 492
0.000018 123
0.000046 488
0.000005 246
0.000021 4
0.000058 615
0.000042 369
0.000067 615
0.000032 369
0.000035 615
0.000050 369
0.000020 369
0.000022 369
0.000027 246
0.000043 611
0.000031 4
0.000005 123
0.000058 369
0.000019 369
0.000048 615
0.000018 369
0.000049 492
0.000023 369
0.000027 492
0.000027 492
0.000037 324
0.000024 291
0.000033 734
0.000004 4
0.000043 369
0.000015 492
0.000006 119
0.000004 4
0.000023 123
0.000067 857
0.000007 127
0.000015 246
0.000005 123
0.000055 369
0.000044 246
0.000033 369
0.000004 246
0.000025 369
0.000046 615
0.000033 246
0.000048 615
0.000014 492
0.000022 123
0.000032 615
0.000016 246
0.000029 369
0.000060 492
0.000004 246
0.000041 369
0.000055 984
0.000005 123
0.000038 488
0.000049 250
0.000019 611
0.000042 373
0.000044 123
0.000021 734
0.000033 4
0.000041 984
0.000033 123
0.000033 857
0.000006 4
0.000038 365
0.000003 127
0.000034 492
0.000031 123
0.000036 615
0.000047 738
0.000063 492
0.000031 738
0.000028 246
0.000020 246
0.000033 246
0.000005 492
0.000038 369
0.000033 369
0.000005 369
0.000004 242
0.000026 4
0.000041 615
0.000054 861
0.000015 123
0.000055 857
0.000007 4
0.000028 246
0.000079 861
0.000007 611
0.000032 127
0.000024 492
0.000062 615
0.000051 861
0.000069 615
0.000060 738
0.000021 615
0.000062 246
0.000058 615
0.000047 615
0.000004 246
0.000038 369
0.000044 615
0.000033 123
0.000007 246
0.000048 492
0.000030 857
0.000038 4
0.000012 492
0.000036 246
0.000006 369
0.000027 369
0.000024 246
0.000024 369
0.000033 246
0.000033 738
0.000028 369
0.000021 488
0.000020 127
0.000045 861
0.000029 369
0.000023 246
0.000042 611
0.000023 127
0.000021 492
0.000053 246
0.000027 246
0.000005 369
0.000042 492
0.000049 369
0.000062 246
0.000006 492
0.000030 615
0.000043 492
0.000004 123
0.000035 246
0.000052 861
0.000023 492
0.000027 246
0.000029 369
0.000025 123
0.000029 861
0.000032 246
0.000029 492
0.000045 615
0.000006 30
0.000059 585
0.000008 369
0.000026 365
0.000034 250
0.000033 492
0.000052 861
0.000014 246
0.000023 123
0.000035 738
0.000036 123
0.000031 738
0.000043 488
0.000028 373
0.000041 246
0.000007 615
0.000039 123
0.000034 611
0.000075 373
0.000033 473
0.000018 265
0.000034 369
0.000044 615
0.000004 246
0.000037 246
0.000004 246
0.000029 369
0.000037 492
0.000029 369
0.000048 246
0.000009 615
0.000034 369
0.000006 123
0.000032 369
0.000041 492
0.000028 246
0.000007 246
0.000032 615
0.000032 123
0.000008 246
0.000004 365
0.000026 4
0.000007 369
0.000031 492
0.000048 246
0.000013 615
0.000005 119
0.000022 250
0.000027 123
0.000021 369
0.000039 738
0.000035 123
0.000027 738
0.000049 123
0.000006 369
0.000006 123
0.000027 123
0.000105 492
0.000052 369
0.000015 492
0.000028 492
0.000041 369
0.000039 492
0.000030 615
0.000036 492
0.000039 369
0.000076 492
0.000005 369
0.000023 246
0.000023 492
0.000040 857
0.000005 4
0.000006 123
0.000007 123
0.000022 123
0.000031 492
0.000006 242
0.000007 4
0.000024 369
0.000023 246
0.000047 615
0.000025 488
0.000042 496
0.000028 492
0.000028 246
0.000017 246
0.000028 369
0.000033 492
0.000070 369
0.000047 246
0.000073 369
0.000011 369
0.000029 123
0.000005 119
0.000076 738
0.000039 496
0.000017 123
0.000029 492
0.000069 246
0.000052 1107
0.000023 246
0.000005 246
0.000043 369
0.000004 246
0.000028 369
0.000013 123
0.000022 492
0.000037 369
0.000023 369
0.000037 123
0.000007 492
0.000020 246
0.000025 123
0.000009 488
0.000006 4
0.000024 492
0.000028 123
0.000025 734
0.000034 4
0.000015 246
0.000030 492
0.000040 492
0.000040 615
0.000004 123
0.000022 246
0.000079 857
0.000004 123
0.000039 4
0.000015 492
0.000006 246
0.000040 123
0.000027 492
0.000006 492
0.000028 246
0.000036 492
0.000019 492
0.000044 228
0.000066 756
0.000014 369
0.000035 615
0.000028 246
0.000035 615
0.000028 246
0.000028 246
0.000024 615
0.000041 369
0.000041 369
0.000042 615
0.000076 984
0.000007 369
0.000057 365
0.000021 742
0.000030 123
0.000005 369
0.000110 738
0.000006 246
0.000030 123
0.000023 123
0.000051 488
0.000017 127
0.000040 369
0.000092 857
0.000017 4
0.000031 492
0.000058 369
0.000007 369
0.000050 242
0.000013 127
0.000019 123
0.000022 246
0.000063 615
0.000050 246
0.000013 246
0.000023 365
0.000007 4
0.000042 246
0.000007 242
0.000004 4
0.000027 365
0.000003 4
0.000041 246
0.000019 246
0.000032 246
0.000065 734
0.000005 4
0.000037 123
0.000025 246
0.000080 615
0.000025 369
0.000026 369
0.000048 246
0.000022 246
0.000024 246
0.000025 246
0.000041 492
0.000025 246
0.000028 246
0.000038 369
0.000007 123
0.000037 246
0.000034 369
0.000030 492
0.000034 246
0.000074 738
0.000023 246
0.000031 492
0.000032 246
0.000031 246
0.000022 369
0.000019 123
0.000028 369
0.000006 123
0.000074 492
0.000016 246
0.000059 492
0.000019 246
0.000024 246
0.000029 246
0.000049 246
0.000026 246
0.000027 369
0.000065 738
0.000026 123
0.000035 369
0.000037 246
0.000006 369
0.000074 492
0.000012 246
0.000035 488
0.000005 4
0.000061 492
0.000027 246
0.000021 369
0.000031 123
0.000022 492
0.000039 123
0.000018 492
0.000057 492
0.000005 119
0.000025 250
0.000038 246
0.000032 246
0.000031 369
0.000010 369
0.000054 492
0.000027 123
0.000020 246
0.001565 8190
0.000021 4095
0.000012 318
0.000055 2895
0.000015 123
0.000019 492
0.000054 615
0.000029 246
0.000039 369
0.000033 369
0.000043 369
0.000052 369
0.000014 246
0.000032 369
0.000051 369
0.000046 246
0.000065 369
0.000044 492
0.000027 246
0.000031 246
0.000031 246
0.000006 246
0.000029 369
0.000044 369
0.000025 246
0.000053 492
0.000017 246
0.000028 246
0.000025 369
0.000022 246
0.000035 369
0.000060 488
0.000015 4
0.000006 123
0.000035 123
0.000034 369
0.000014 246
0.000005 123
0.000067 615
0.000048 492
0.000035 246
0.000030 123
0.000052 615
0.000005 246
0.000039 246
0.000029 492
0.000019 123
0.000071 369
0.000005 123
0.000040 369
0.000006 246
0.000047 365
0.000046 250
0.000053 369
0.000006 246
0.000031 369
0.000041 369
0.000036 492
0.000030 123
0.000047 615
0.000036 369
0.000088 857
0.000033 250
0.000047 611
0.000004 4
0.000037 246
0.000041 492
0.000061 857
0.000007 4
0.000037 246
0.000035 615
0.000067 738
0.000004 123
0.000046 246
0.000072 369
0.000005 246
0.000043 246
0.000066 738
0.000024 369
0.000036 492
0.000044 246
0.000029 492
0.000068 492
0.000006 246
0.000006 123
0.000004 119
0.000026 4
0.000032 492
0.000047 369
0.000038 369
0.000028 246
0.000024 492
0.000037 246
0.000038 123
0.000012 246
0.000039 369
0.000004 246
0.000025 246
0.000041 369
0.000011 246
0.000034 246
0.000031 123
0.000052 738
0.000024 369
0.000007 123
0.000028 242
0.000038 373
0.000005 119
0.000082 4
0.000051 246
0.000028 611
0.000033 373
0.000022 492
0.000025 492
0.000034 123
0.000048 369
0.000039 1107
0.000021 58
0.000075 434
0.000005 738
0.000039 369
0.000021 369
0.000048 492
0.000042 369
0.000068 984
0.000043 615
0.000027 369
0.000043 615
0.000041 246
0.000039 984
0.000052 734
0.000018 127
0.000035 369
0.000004 246
0.000106 132
0.000036 729
0.000006 369
0.000049 615
0.000046 615
0.000043 492
0.000019 246
0.000037 615
0.000049 369
0.000044 492
0.000033 861
0.000010 123
0.000058 492
0.000006 369
0.000031 369
0.000056 738
0.000005 246
0.000077 861
0.000009 123
0.000027 246
0.000028 492
0.000042 369
0.000027 246
0.000004 246
0.000038 246
0.000023 369
0.000034 615
0.000020 246
0.000021 246
0.000029 369
0.000012 246
0.000055 369
0.000051 861
0.000021 246
0.000031 369
0.000024 246
0.000005 246
0.000024 246
0.000038 492
0.000074 611
0.000050 742
0.000023 615
0.000042 123
0.000034 615
0.000039 492
0.000035 738
0.000039 492
0.000038 123
0.000067 861
0.000008 369
0.000074 615
0.000067 857
0.000041 742
0.000056 611
0.000005 235
0.000028 138
0.000103 861
0.000005 492
0.000022 246
0.000023 492
0.000036 123
0.000078 1230
0.000071 369
0.000063 980
0.000006 250
0.000047 615
0.000023 246
0.000053 738
0.000068 734
0.000038 496
0.000053 182
0.000023 802
0.000053 492
0.000024 488
0.000025 496
0.000038 123
0.000064 615
0.000057 738
0.000040 369
0.000025 246
0.000115 861
0.000008 492
0.000022 123
0.000017 365
0.000030 127
0.000028 492
0.000021 615
0.000035 246
0.000020 246
0.000077 861
0.000007 615
0.000027 123
0.000006 369
0.000031 492
0.000006 123
0.000037 246
0.000028 369
0.000022 246
0.000022 369
0.000044 615
0.000055 492
0.000006 615
0.000049 611
0.000027 250
0.000032 369
0.000046 492
0.000023 615
0.000024 246
0.000039 492
0.000058 369
0.000020 615
0.000060 611
0.000038 496
0.000005 123
0.000028 123
0.000045 615
0.000040 492
0.000050 369
0.000008 369
0.000057 369
0.000006 369
0.000034 738
0.000005 123
0.000041 369
0.000099 861
0.000006 738
0.000070 615
0.000006 246
0.000029 738
0.000027 246
0.000021 246
0.000033 492
0.000033 369
0.000077 738
0.000053 492
0.000005 369
0.000055 615
0.000005 246
0.000024 119
0.000021 250
0.000051 615
0.000037 246
0.000035 738
0.000034 369
0.000036 488
0.000030 4
0.000045 857
0.000006 250
0.000026 123
0.000031 123
0.000027 246
0.000012 492
0.000026 369
0.000005 369
0.000033 246
0.000032 246
0.000022 738
0.000046 369
0.000010 365
0.000005 4
0.000029 246
0.000005 246
0.000023 369
0.000027 246
0.000014 369
0.000054 615
0.000006 123
0.000028 246
0.000005 246
0.000022 369
0.000054 615
0.000021 123
0.000038 246
0.000008 492
0.000004 123
0.000023 123
0.000029 369
0.000015 246
0.000047 615
0.000027 246
0.000006 123
0.000063 365
0.000016 127
0.000100 861
0.000072 615
0.000006 123
0.000007 246
0.000036 369
0.000039 369
0.000049 369
0.000032 492
0.000016 123
0.000041 492
0.000044 369
0.000047 369
0.000015 369
0.000029 123
0.000015 246
0.000054 492
0.000020 246
0.000007 123
0.000029 246
0.000030 246
0.000007 246
0.000055 492
0.000035 369
0.000004 123
0.000031 246
0.000044 492
0.000006 246
0.000036 246
0.000006 246
0.000044 246
0.000021 369
0.000023 123
0.000028 492
0.000034 246
0.000036 488
0.000005 127
0.000020 123
0.000018 246
0.000022 246
0.000061 615
0.000049 615
0.000005 123
0.000035 492
0.000021 246
0.000038 246
0.000039 492
0.000019 246
0.000041 492
0.000055 615
0.000022 246
0.000030 246
0.000030 369
0.000041 369
0.000027 369
0.000046 246
0.000054 615
0.000036 246
0.000040 246
0.000009 246
0.000022 242
0.000033 127
0.000048 492
0.000034 123
0.000046 492
0.000026 123
0.000092 738
0.000006 246
0.000007 246
0.000057 611
0.000014 4
0.000040 369
0.000046 492
0.000027 123
0.000023 246
0.000013 246
0.000030 369
0.000041 123
0.000004 246
0.000034 246
0.000042 492
0.000027 369
0.000027 246
0.000062 492
0.000006 246
0.000039 246
0.000019 369
0.000060 615
0.000029 246
0.000032 492
0.000052 369
0.000020 246
0.000083 861
0.000006 123
0.000080 738
0.000030 369
0.000037 246
0.000074 861
0.000033 246
0.000059 615
0.000069 861
0.000007 123
0.000031 369
0.000065 984
0.000029 246
0.000041 615
0.000033 246
0.000044 492
0.000062 492
0.000024 246
0.000030 492
0.000004 123
0.000035 246
0.000005 246
0.000031 365
0.000030 250
0.000025 123
0.000068 369
0.000004 123
0.000052 369
0.000009 246
0.000005 246
0.000025 123
0.000041 246
0.000007 369
0.000031 123
0.000047 492
0.000028 123
0.000011 369
0.000067 492
0.000021 246
0.001320 4095
0.000015 4095
0.000075 4927
0.000016 4095
0.000009 1111
0.000004 4
0.000037 369
0.000051 246
0.000018 369
0.000071 369
0.000005 242
0.000033 127
0.000029 123
0.000016 246
0.000060 738
0.000018 123
0.000022 246
0.000055 492
0.000061 246
0.000046 738
0.000033 246
0.000041 369
0.000014 123
0.000021 246
0.000016 246
0.000025 246
0.000036 246
0.000013 246
0.000028 369
0.000025 123
0.000025 123
0.000030 246
0.000023 488
0.000004 4
0.000020 246
0.000039 369
0.000012 119
0.000019 4
0.000037 246
0.000006 246
0.000031 246
0.000032 246
0.000013 246
0.000019 246
0.000015 246
0.000037 123
0.000039 246
0.000007 246
0.000075 369
0.000009 123
0.000007 123
0.000005 123
0.000033 123
0.000043 369
0.000008 246
0.000028 369
0.000038 369
0.000031 246
0.000030 369
0.000053 492
0.000021 123
0.000034 246
0.000016 246
0.000025 246
0.000024 246
0.000036 369
0.000011 246
0.000019 242
0.000032 250
0.000059 857
0.000031 246
0.000024 4
0.000025 492
0.000057 492
0.000033 369
0.000042 246
0.000005 246
0.000032 246
0.000085 615
0.000006 123
0.000050 246
0.000029 123
0.000038 615
0.000028 246
0.000043 488
0.000028 369
0.000035 246
0.000004 4
0.000029 123
0.000017 246
0.000032 123
0.000021 492
0.000020 123
0.000032 13
0.000031 479
0.000051 369
0.000034 369
0.000012 246
0.000021 369
0.000027 123
0.000058 738
0.000029 246
0.000019 365
0.000023 4
0.000026 369
0.000037 246
0.000007 246
0.000039 365
0.000006 127
0.000032 246
0.000050 615
0.000024 246
0.000024 369
0.000067 119
0.000006 738
0.000041 4
0.000048 492
0.000033 492
0.000033 246
0.000026 246
0.000049 123
0.000005 369
0.000075 492
0.000047 492
0.000030 369
0.000005 242
0.000023 127
0.000036 246
0.000021 246
0.000022 246
0.000033 369
0.000037 246
0.000062 615
0.000037 123
0.000042 369
0.000006 369
0.000020 246
0.000019 123
0.000043 492
0.000018 246
0.000066 611
0.000049 250
0.000033 246
0.000038 365
0.000069 4
0.000007 246
0.000046 492
0.000030 369
0.000031 492
0.000036 492
0.000032 369
0.000005 246
0.000038 492
0.000043 615
0.000073 738
0.000022 369
0.000006 123
0.000019 246
0.000018 246
0.000053 615
0.000007 246
0.000024 246
0.000057 857
0.000058 4
0.000034 861
0.000043 615
0.000055 492
0.000037 369
0.000006 246
0.000035 369
0.000018 246
0.000045 980
0.000033 127
0.000055 369
0.000018 246
0.000062 738
0.000008 246
0.000028 492
0.000055 738
0.000031 369
0.000013 123
0.000021 369
0.000030 488
0.000026 4
0.000013 369
0.000023 246
0.000005 123
0.000026 246
0.000057 738
0.000012 246
0.000024 123
0.000041 246
0.000008 492
0.000005 246
0.000024 123
0.000054 615
0.000018 492
0.000054 738
0.000076 980
0.000008 127
0.000044 365
0.000004 127
0.000022 365
0.000020 127
0.000035 123
0.000020 492
0.000022 492
0.000037 369
0.000068 369
0.000095 492
0.000008 246
0.000029 492
0.000029 123
0.000005 123
0.000029 246
0.000048 123
0.000031 611
0.000004 4
0.000047 611
0.000019 4
0.000026 246
0.000036 369
0.000035 492
0.000038 246
0.000005 123
0.000024 246
0.000045 369
0.000045 492
0.000029 369
0.000036 369
0.000037 488
0.000042 250
0.000042 492
0.000036 123
0.000035 492
0.000056 246
0.000012 123
0.000040 246
0.000083 734
0.000006 4
0.000067 492
0.000006 246
0.000032 365
0.000018 4
0.000014 123
0.000028 242
0.000010 123
0.000072 127
0.000054 615
0.000048 246
0.000019 738
0.000007 123
0.000028 246
0.000007 246
0.000005 246
0.000073 738
0.000069 492
0.000073 1107
0.000028 162
0.000023 207
0.000050 492
0.000004 123
0.000058 615
0.000038 246
0.000048 492
0.000034 246
0.000006 242
0.000042 127
0.000005 246
0.000025 246
0.000033 492
0.000030 246
0.000026 369
0.000039 246
0.000043 369
0.000004 246
0.000027 369
0.000057 615
0.000044 246
0.000031 369
0.000028 365
0.000034 127
0.000004 123
0.000035 369
0.000023 359
0.000017 133
0.000042 246
0.000006 246
0.000025 246
0.000063 492
0.000006 492
0.000047 369
0.000054 738
0.000033 123
0.000054 738
0.000026 123
0.000055 369
0.000052 369
0.000005 369
0.000036 123
0.000005 246
0.000042 246
0.000007 246
0.000016 246
0.000017 246
0.000004 123
0.000062 246
0.000042 492
0.000006 615
0.000038 310
0.000054 674
0.000023 492
0.000043 123
0.000006 369
0.000068 615
0.000035 369
0.000031 369
0.000025 246
0.000006 246
0.000022 123
0.000038 492
0.000024 123
0.000011 246
0.000027 246
0.000015 246
0.000004 242
0.000005 4
0.000044 246
0.000039 492
0.000039 246
0.000020 492
0.000038 369
0.000028 246
0.000025 246
0.000064 492
0.000061 615
0.000006 246
0.000022 246
0.000025 123
0.000048 738
0.000004 123
0.000029 246
0.000027 123
0.000005 246
0.000015 246
0.000043 492
0.000048 246
0.000026 615
0.000062 488
0.000005 127
0.000074 492
0.000006 246
0.000021 246
0.000015 246
0.000012 119
0.000013 4
0.000057 246
0.000022 492
0.000027 246
0.000030 492
0.000044 492
0.000005 89
0.000038 34
0.000036 615
0.000033 365
0.000020 127
0.000013 119
0.000013 127
0.000014 123
0.000112 734
0.000005 4
0.000004 123
0.000022 123
0.000027 123
0.000013 246
0.000022 246
0.000021 123
0.000018 246
0.000032 369
0.000012 242
0.000025 127
0.000028 246
0.000008 369
0.000022 123
0.000046 734
0.000021 4
0.000019 246
0.000018 246
0.000053 738
0.000010 246
0.000054 492
0.000027 123
0.000016 246
0.000023 369
0.000055 611
0.000012 4
0.000046 369
0.000023 611
0.000005 4
0.000014 123
0.000021 123
0.000004 123
0.000036 492
0.000013 123
0.000004 123
0.000026 123
0.000040 492
0.000027 123
0.000006 246
0.000080 615
0.000017 246
0.000031 246
0.000012 369
0.000072 984
0.000062 369
0.000012 246
0.000024 246
0.000023 246
0.000015 123
0.000038 246
0.000020 369
0.000035 369
0.000015 246
0.000050 246
0.000007 369
0.000004 123
0.000045 369
0.000018 123
0.000005 246
0.000044 246
0.000024 615
0.000004 123
0.000040 123
0.000013 246
0.000033 246
0.000009 246
0.000004 242
0.000017 127
0.000048 369
0.000009 123
0.000048 488
0.000021 4
0.000026 246
0.000029 492
0.000062 246
0.000027 369
0.000085 369
0.000008 246
0.000015 246
0.000031 123
0.000031 369
0.000027 492
0.000006 246
0.000027 242
0.000039 496
0.000019 123
0.000026 123
0.000004 246
0.000016 123
0.000017 246
0.000030 123
0.000004 246
0.000023 123
0.000027 492
0.000037 246
0.000034 369
0.000018 242
0.000014 4
0.000005 123
0.000021 123
0.000016 123
0.000026 246
0.000028 369
0.000022 123
0.000015 242
0.000005 4
0.000012 123
0.000040 246
0.000010 123
0.000014 123
0.000022 123
0.000012 246
0.000044 492
0.000019 123
0.000036 246
0.000031 492
0.000017 123
0.000046 123
0.000032 369
0.000004 123
0.000058 246
0.000005 246
0.000016 369
0.000004 123
0.000026 242
0.000045 250
0.000007 246
0.000016 246
0.000023 123
0.000034 492
0.000005 119
0.000017 4
0.000026 369
0.000021 123
0.000012 246
0.000057 492
0.000042 246
0.000009 246
0.000026 246
0.000010 123
0.000040 615
0.000067 369
0.000016 369
0.000023 365
0.000004 127
0.000051 492
0.000016 369
0.000025 123
0.000019 336
0.000020 156
0.000028 369
0.000009 369
0.000022 123
0.000025 246
0.000014 246
0.000013 246
0.000019 123
0.000024 246
0.000040 246
0.000026 492
0.000020 246
0.000065 492
0.000005 123
0.000063 488
0.000007 127
0.000027 488
0.000007 4
0.000023 369
0.000035 246
0.000031 369
0.000029 492
0.000065 492
0.000019 492
0.000043 615
0.000036 246
0.000018 246
0.000041 246
0.000008 246
0.000029 123
0.000060 861
0.000016 123
0.000036 246
0.000028 246
0.000008 246
0.000024 246
0.000021 369
0.000027 123
0.000025 246
0.000023 246
0.000006 246
0.000078 738
0.000028 246
0.000037 246
0.000029 365
0.000040 127
0.000024 246
0.000005 369
0.000015 123
0.000023 246
0.000029 492
0.000036 123
0.000030 369
0.000019 246
0.000021 369
0.000004 123
0.000066 246
0.000011 369
0.000020 246
0.000017 246
0.000045 492
0.000025 369
0.000016 246
0.000024 246
0.000025 123
0.000018 242
0.000004 4
0.000032 246
0.000032 369
0.000020 246
0.000021 123
0.000024 123
0.000014 246
0.000004 119
0.000004 4
0.000029 123
0.000021 246
0.000033 369
0.000042 615
0.000032 246
0.000019 246
0.000020 369
0.000021 246
0.000061 734
0.000005 4
0.000041 246
0.000012 123
0.000052 66
0.000019 303
0.000006 369
0.000024 123
0.000006 246
0.000031 492
0.000047 492
0.000055 369
0.000005 246
0.000006 123
0.000255 123
0.000023 2829
0.000023 246
0.000017 246
0.000019 365
0.000036 250
0.000022 123
0.000004 246
0.000018 123
0.000063 738
0.000016 123
0.000027 123
0.000030 246
0.000014 611
0.000014 4
0.000027 246
0.000014 246
0.000019 492
0.000081 492
0.000020 119
0.000019 123
0.000034 127
0.000033 246
0.000048 492
0.000006 369
0.000037 242
0.000007 127
0.000043 369
0.000007 369
0.000060 492
0.000019 123
0.000040 246
0.000009 492
0.000004 123
0.000017 123
0.000012 246
0.000016 123
0.000054 738
0.000032 123
0.000045 615
0.000017 123
0.000023 123
0.000026 369
0.000027 246
0.000042 492
0.000005 242
0.000009 4
0.000060 492
0.000015 246
0.000026 365
0.000027 250
0.000027 123
0.000012 246
0.000025 369
0.000024 242
0.000006 4
0.000034 246
0.000005 123
0.000019 246
0.000022 246
0.000023 123
0.000026 242
0.000010 4
0.000036 365
0.000006 4
0.000026 123
0.000006 246
0.000015 242
0.000014 127
0.000014 123
0.000022 123
0.000046 369
0.000007 369
0.000048 246
0.000031 492
0.000024 242
0.000008 4
0.000039 492
0.000048 369
0.000008 246
0.000051 246
0.000022 492
0.000029 123
0.000044 369
0.000005 246
0.000034 492
0.000043 246
0.000006 123
0.000015 242
0.000014 4
0.000027 246
0.000008 123
0.000021 246
0.000006 123
0.000027 123
0.000015 246
0.000022 369
0.000044 369
0.000017 365
0.000016 4
0.000032 369
0.000020 123
0.000028 246
0.000056 369
0.000005 246
0.000016 488
0.000017 4
0.000026 116
0.000027 376
0.000021 246
0.000033 615
0.000032 123
0.000016 369
0.000025 246
0.000009 123
0.000024 246
0.000025 246
0.000051 369
0.000006 246
0.000051 369
0.000043 615
0.000025 246
0.000004 123
0.000025 246
0.000019 123
0.000048 492
0.000016 369
0.000066 369
0.000013 246
0.000024 246
0.000024 369
0.000005 123
0.000050 369
0.000022 369
0.000004 123
0.000030 190
0.000016 302
0.000038 492
0.000011 246
0.000016 123
0.000023 123
0.000022 492
0.000026 246
0.000098 369
0.000007 246
0.000014 123
0.000031 369
0.000034 492
0.000031 123
0.000015 369
0.000050 492
0.000004 246
0.000035 369
0.000035 615
0.000031 369
0.000018 365
0.000023 4
0.000043 492
0.000087 861
0.000005 492
0.000052 369
0.000030 615
0.000058 738
0.000043 369
0.000041 615
0.000032 615
0.000005 119
0.000037 250
0.000024 246
0.000016 123
0.000035 369
0.000033 492
0.000040 492
0.000031 246
0.000024 369
0.000045 738
0.000031 123
0.000016 615
0.000045 246
0.000010 369
0.000047 369
0.000015 246
0.000030 369
0.000013 365
0.000029 4
0.000021 246
0.000035 365
0.000016 246
0.000024 127
0.000041 492
0.000043 492
0.000029 492
0.000017 123
0.000051 492
0.000039 734
0.000031 127
0.000032 246
0.000053 984
0.000049 246
0.000018 369
0.000054 492
0.000025 369
0.000024 365
0.000005 127
0.000015 123
0.000024 123
0.000036 492
0.000051 611
0.000041 250
0.000039 738
0.000061 861
0.000039 246
0.000054 984
0.000033 369
0.000004 246
0.000034 246
0.000004 246
0.000024 369
0.000038 615
0.000042 369
0.000041 369
0.000005 246
0.000060 738
0.000014 369
0.000047 492
0.000027 246
0.000018 369
0.000092 615
0.000022 861
0.000051 492
0.000036 492
0.000006 123
0.000023 492
0.000030 369
0.000076 738
0.000035 123
0.000007 488
0.000004 4
0.000021 246
0.000004 123
0.000038 369
0.000008 123
0.000022 369
0.000041 492
0.000073 492
0.000007 492
0.000035 615
0.000047 369
0.000009 365
0.000024 250
0.000018 246
0.000027 123
0.000021 369
0.000020 369
0.000023 246
0.000039 615
0.000009 242
0.000017 250
0.000027 246
0.000020 123
0.000050 615
0.000006 246
0.000006 246
0.000069 738
0.000007 246
0.000054 492
0.000022 246
0.000028 615
0.000029 492
0.000052 492
0.000005 242
0.000047 250
0.000031 246
0.000017 242
0.000039 127
0.000017 492
0.000045 369
0.000007 369
0.000015 123
0.000010 242
0.000038 250
0.000005 246
0.000029 246
0.000033 369
0.000005 365
0.000012 4
0.000020 369
0.000026 242
0.000014 127
0.000033 492
0.000030 488
0.000070 615
0.000029 373
0.000016 123
0.000042 492
0.000044 246
0.000050 615
0.000004 369
0.000075 1107
0.000055 615
0.000059 488
0.000006 250
0.000023 246
0.000052 738
0.000022 246
0.000023 246
0.000053 123
0.000007 738
0.000006 123
0.000044 123
0.000006 246
0.000015 246
0.000005 167
0.000017 202
0.000037 492
0.000017 242
0.000005 127
0.000042 246
0.000020 492
0.000030 246
0.000005 246
0.000004 246
0.000041 246
0.000033 369
0.000006 369
0.000034 369
0.000026 369
0.000065 738
0.000022 615
0.000020 123
0.000035 615
0.000042 492
0.000068 861
0.000030 492
0.000038 492
0.000023 246
0.000031 246
0.000009 365
0.000027 250
0.000027 615
0.000054 492
0.000005 246
0.000020 369
0.000033 246
0.000051 492
0.000008 123
0.000015 246
0.000035 615
0.000058 615
0.000008 123
0.000047 369
0.000016 369
0.000039 246
0.000005 365
0.000024 250
0.000019 123
0.000034 369
0.000010 246
0.000010 246
0.000016 123
0.000024 123
0.000010 369
0.000021 246
0.000017 246
0.000014 246
0.000011 246
0.000025 369
0.000018 123
0.000018 246
0.000017 246
0.000017 246
0.000023 492
0.000024 246
0.000014 246
0.000034 246
0.000017 246
0.000021 369
0.000012 123
0.000024 492
0.000019 123
0.000023 246
0.000022 369
0.000024 492
0.000029 488
0.000005 4
0.000006 123
0.000023 365
0.000005 4
0.000034 369
0.000039 369
0.000042 246
0.000007 246
0.000022 246
0.000022 246
0.000024 369
0.000029 615
0.000011 119
0.000020 127
0.000020 246
0.000005 246
0.000019 123
0.000022 369
0.000005 123
0.000035 246
0.000016 369
0.000025 246
0.000007 246
0.000023 246
0.000018 246
0.000010 369
0.000010 123
0.000039 369
0.000016 369
0.000009 123
0.000029 369
0.000019 369
0.000017 119
0.000020 250
0.000010 246
0.000020 246
0.000038 94
0.000034 890
0.000006 123
0.000026 369
0.000019 246
0.000031 369
0.000033 488
0.000005 246
0.000005 4
0.000005 123
0.000040 492
0.000005 123
0.000041 369
0.000007 246
0.000005 123
0.000027 246
0.000017 246
0.000046 492
0.000022 123
0.000021 246
0.000015 123
0.000077 492
0.000005 246
0.000044 369
0.000029 123
0.000038 615
0.000004 246
0.000025 369
0.000048 45
0.000016 693
0.000004 123
0.000020 369
0.000024 246
0.000004 123
0.000042 369
0.000044 615
0.000025 123
0.000074 1107
0.000059 857
0.000005 4
0.000036 369
0.000039 738
0.000074 861
0.000017 369
0.000054 492
0.000045 615
0.000039 611
0.000010 369
0.000021 4
0.000050 615
0.000021 123
0.000005 123
0.000045 246
0.000014 246
0.000024 246
0.000015 246
0.000019 246
0.000039 492
0.000006 242
0.000037 4
0.000005 369
0.000041 369
0.000008 246
0.000007 123
0.000035 611
0.000023 4
0.000024 369
0.000007 246
0.000005 246
0.000039 123
0.000035 492
0.000006 246
0.000016 123
0.000036 492
0.000017 123
0.000012 316
0.000016 176
0.000024 369
0.000006 123
0.000018 246
0.000015 123
0.000019 488
0.000018 127
0.000033 246
0.000011 246
0.000022 246
0.000061 861
0.000024 246
0.000017 123
0.000024 615
0.000035 246
0.000035 369
0.000008 369
0.000040 738
0.000005 123
0.000024 365
0.000006 127
0.000047 246
0.000005 246
0.000054 492
0.000022 369
0.000076 738
0.000007 492
0.000006 123
0.000032 246
0.000025 369
0.000019 246
0.000018 369
0.000016 246
0.000025 246
0.000020 365
0.000026 250
0.000021 369
0.000067 980
0.000006 4
0.000021 369
0.000060 984
0.000043 492
0.000025 492
0.000050 369
0.000027 488
0.000015 373
0.000026 119
0.000030 250
0.000044 492
0.000020 369
0.000022 369
0.000022 123
0.000020 369
0.000053 738
0.000027 365
0.000084 373
0.000007 123
0.000026 242
0.000035 369
0.000051 373
0.000021 365
0.000037 250
0.000022 369
0.000044 615
0.000006 369
0.000040 246
0.000039 615
0.000004 246
0.000042 246
0.000042 492
0.000007 123
0.000032 492
0.000035 369
0.000055 738
0.000029 246
0.000055 738
0.000036 488
0.000032 250
0.000035 492
0.000031 246
0.000006 369
0.000031 369
0.000036 492
0.000004 246
0.000023 246
0.000034 615
0.000026 369
0.000040 369
0.000025 123
0.000018 492
0.000037 492
0.000048 738
0.000037 492
0.000038 246
0.000021 246
0.000032 615
0.000033 369
0.000004 246
0.000030 246
0.000004 246
0.000048 734
0.000043 496
0.000291 123
0.000056 4095
0.000007 702
0.000039 615
0.000019 492
0.000027 123
0.000006 369
0.000025 369
0.000062 369
0.000010 246
0.000064 369
0.000005 369
0.000005 123
0.000012 123
0.000023 123
0.000023 246
0.000016 492
0.000035 246
0.000042 615
0.000021 123
0.000020 369
0.000028 246
0.000006 145
0.000052 347
0.000005 246
0.000012 369
0.000019 369
0.000021 123
0.000037 492
0.000004 246
0.000004 123
0.000020 123
0.000041 734
0.000023 127
0.000021 492
0.000015 123
0.000021 365
0.000031 4
0.000039 369
0.000060 738
0.000019 492
0.000005 246
0.000028 123
0.000038 615
0.000069 615
0.000007 369
0.000025 123
0.000005 246
0.000030 246
0.000042 488
0.000004 250
0.000022 123
0.000036 246
0.000007 246
0.000034 369
0.000019 246
0.000005 246
0.000025 246
0.000032 369
0.000023 246
0.000005 246
0.000049 123
0.000021 615
0.000044 492
0.000027 369
0.000035 738
0.000029 123
0.000036 615
0.000036 615
0.000037 369
0.000027 369
0.000027 170
0.000029 445
0.000027 246
0.000027 734
0.000027 4
0.000036 615
0.000037 246
0.000039 615
0.000029 369
0.000021 246
0.000004 246
0.000029 246
0.000042 246
0.000036 861
0.000005 123
0.000054 492
0.000073 246
0.000022 738
0.000033 123
0.000026 369
0.000038 615
0.000039 367
0.000024 125
0.000014 492
0.000042 615
0.000027 123
0.000032 369
0.000030 615
0.000021 369
0.000042 369
0.000034 246
0.000031 492
0.000034 738
0.000024 123
0.000006 246
0.000064 611
0.000039 742
0.000055 369
0.000054 738
0.000041 369
0.000014 492
0.000028 246
0.000037 492
0.000030 492
0.000040 246
0.000040 246
0.000019 492
0.000039 492
0.000005 242
0.000051 373
0.000043 369
0.000065 734
0.000009 250
0.000027 492
0.000042 369
0.000065 984
0.000046 369
0.000040 488
0.000026 373
0.000026 392
0.000028 223
0.000011 246
0.000004 369
0.000034 246
0.000042 615
0.000030 492
0.000027 369
0.000004 123
0.000031 123
0.000036 246
0.000013 369
0.000049 365
0.000045 619
0.000057 615
0.000039 615
0.000064 246
0.000016 369
0.000031 492
0.000035 369
0.000025 369
0.000025 246
0.000058 738
0.000078 369
0.000036 861
0.000033 488
0.000032 373
0.000015 246
0.000055 369
0.000039 615
0.000039 492
0.000044 492
0.000043 492
0.000039 615
0.000022 246
0.000040 369
0.000043 615
0.000027 369
0.000035 246
0.000015 488
0.000018 123
0.000024 127
0.000064 492
0.000005 369
0.000004 246
0.000038 123
0.000004 246
0.000055 738
0.000044 488
0.000025 250
0.000004 123
0.000067 611
0.000009 373
0.000042 246
0.000080 738
0.000021 488
0.000007 127
0.000036 246
0.000047 246
0.000036 615
0.000008 246
0.000032 369
0.000040 615
0.000027 122
0.000072 370
0.000006 738
0.000038 615
0.000060 369
0.000043 492
0.000009 369
0.000032 123
0.000067 492
0.000045 738
0.000042 369
0.000005 246
0.000028 242
0.000032 496
0.000017 246
0.000011 246
0.000034 123
0.000032 738
0.000020 365
0.000052 496
0.000050 492
0.000053 492
0.000007 246
0.000006 246
0.000022 369
0.000031 611
0.000031 4
0.000006 369
0.000021 246
0.000018 246
0.000033 615
0.000037 369
0.000028 488
0.000027 250
0.000038 615
0.000028 369
0.000033 123
0.000005 369
0.000051 615
0.000045 611
0.000023 127
0.000021 492
0.000026 123
0.000004 24
0.000046 345
0.000005 369
0.000019 369
0.000004 123
0.000021 246
0.000073 242
0.000005 246
0.000019 4
0.000033 246
0.000050 492
0.000056 1349
0.000037 250
0.000081 984
0.000087 1230
0.000039 492
0.000050 492
0.000007 369
0.000031 369
0.000049 615
0.000019 365
0.000028 250
0.000028 246
0.000024 615
0.000088 1107
0.000040 488
0.000049 246
0.000023 373
0.000037 369
0.000014 611
0.000046 250
0.000069 738
0.000006 369
0.000094 734
0.000021 619
0.000055 615
0.000009 246
0.000045 615
0.000004 123
0.000062 369
0.000008 369
0.000032 488
0.000005 4
0.000030 369
0.000024 369
0.000015 246
0.000024 365
0.000023 250
0.000030 492
0.000006 123
0.000059 492
0.000006 246
0.000027 369
0.000008 246
0.000041 738
0.000062 738
0.000026 369
0.000030 123
0.000059 369
0.000019 615
0.000051 492
0.000032 246
0.000053 369
0.000005 492
0.000043 369
0.000038 246
0.000038 492
0.000004 492
0.000049 492
0.000005 369
0.000023 123
0.000046 492
0.000040 246
0.000028 492
0.000026 246
0.000052 861
0.000042 123
0.000049 861
0.000023 369
0.000004 119
0.000004 4
0.000128 861
0.000050 1107
0.000006 492
0.000035 246
0.000040 365
0.000023 127
0.000011 492
0.000050 738
0.000015 123
0.000006 123
0.000029 246
0.000013 246
0.000073 615
0.000005 123
0.000046 738
0.000047 615
0.000005 123
0.000055 492
0.000006 246
0.000026 246
0.000031 369
0.000032 738
0.000006 119
0.000005 4
0.000015 123
0.000034 369
0.000027 369
0.000021 246
0.000024 246
0.000037 492
0.000043 488
0.000032 250
0.000032 615
0.000004 123
0.000062 984
0.000079 615
0.000014 123
0.000029 492
0.000037 246
0.000010 492
0.000082 738
0.000004 246
0.000014 123
0.000050 738
0.000034 246
0.000005 488
0.000040 127
0.000019 123
0.000060 246
0.000026 615
0.000031 246
0.000064 246
0.000036 1107
0.000031 492
0.000016 123
0.000043 492
0.000053 369
0.000031 615
0.000034 369
0.000040 173
0.000032 811
0.000028 369
0.000062 861
0.000055 492
0.000030 369
0.000030 492
0.000048 611
0.000005 127
0.000075 615
0.000005 492
0.000005 123
0.000013 123
0.000036 365
0.000038 250
0.000025 615
0.000051 615
0.000076 738
0.000008 369
0.000015 123
0.000040 492
0.000066 861
0.000004 246
0.000004 123
0.000021 123
0.000006 123
0.000069 738
0.000008 246
0.000069 984
0.000034 123
0.000054 984
0.000028 369
0.000051 615
0.000016 369
0.000021 246
0.000022 123
0.000026 492
0.000004 123
0.000016 123
0.000042 492
0.000044 369
0.000006 492
0.000025 246
0.000004 123
0.000055 492
0.000023 369
0.000063 246
0.000068 738
0.000049 984
0.000027 246
0.000016 369
0.000028 123
0.000038 246
0.000004 369
0.000028 369
0.000008 369
0.000077 861
0.000063 369
0.000006 369
0.000039 246
0.000036 492
0.000033 246
0.000031 611
0.000024 127
0.000028 246
0.000038 492
0.000043 492
0.000049 369
0.000027 246
0.000006 246
0.000037 492
0.000044 246
0.000021 246
0.000005 246
0.000045 246
0.000050 369
0.000024 123
0.000043 369
0.000043 123
0.000026 369
0.000026 246
0.000016 246
0.000038 246
0.000029 246
0.000039 492
0.000045 346
0.000039 515
0.000004 123
0.000031 369
0.000080 738
0.000039 369
0.000045 369
0.000018 246
0.000032 246
0.000013 246
0.000029 492
0.000056 492
0.000011 123
0.001276 123
0.000013 3741
0.000015 4095
0.000014 4095
0.000134 4095
0.000016 1440
0.000024 492
0.000020 246
0.000019 246
0.000054 615
0.000054 615
0.000015 123
0.000028 246
0.000005 76
0.000054 416
0.000014 246
0.000018 369
0.000037 123
0.000017 369
0.000061 369
0.000017 246
0.000034 246
0.000022 369
0.000023 488
0.000055 250
0.000014 246
0.000038 492
0.000064 861
0.000006 123
0.000075 738
0.000005 246
0.000030 246
0.000018 123
0.000048 246
0.000050 246
0.000051 738
0.000019 123
0.000056 492
0.000036 369
0.000013 246
0.000050 492
0.000031 369
0.000029 492
0.000021 246
0.000075 861
0.000015 123
0.000043 369
0.000006 123
0.000061 738
0.000011 242
0.000005 4
0.000039 488
0.000007 127
0.000060 615
0.000033 246
0.000021 246
0.000049 615
0.000057 615
0.000019 123
0.000024 492
0.000059 369
0.000006 242
0.000096 615
0.000078 373
0.000027 492
0.000026 242
0.000025 250
0.000006 123
0.000053 734
0.000014 4
0.000050 615
0.000046 246
0.000006 246
0.000033 492
0.000091 861
0.000024 369
0.000015 246
0.000044 492
0.000019 246
0.000053 738
0.000042 246
0.000006 369
0.000045 369
0.000025 246
0.000030 246
0.000023 369
0.000039 611
0.000032 127
0.000029 365
0.000029 4
0.000010 246
0.000101 861
0.000036 369
0.000023 492
0.000019 123
0.000041 492
0.000089 984
0.000030 246
0.000022 492
0.000015 123
0.000070 861
0.000042 123
0.000014 369
0.000010 119
0.000030 246
0.000022 127
0.000032 369
0.000033 369
0.000016 123
0.000055 369
0.000007 369
0.000004 123
0.000012 123
0.000052 369
0.000006 246
0.000044 369
0.000017 369
0.000043 246
0.000007 246
0.000053 615
0.000065 246
0.000096 615
0.000024 246
0.000044 369
0.000028 369
0.000004 369
0.000018 123
0.000043 246
0.000034 615
0.000043 738
0.000005 123
0.000039 734
0.000025 4
0.000037 738
0.000024 369
0.000028 246
0.000036 492
0.000072 615
0.000006 246
0.000043 738
0.000007 246
0.000035 246
0.000052 369
0.000005 369
0.000034 369
0.000033 492
0.000056 861
0.000018 369
0.000037 492
0.000020 369
0.000049 492
0.000060 246
0.000038 246
0.000034 246
0.000042 492
0.000006 123
0.000037 369
0.000031 246
0.000021 246
0.000046 369
0.000007 246
0.000024 369
0.000050 246
0.000016 246
0.000053 492
0.000005 246
0.000059 369
0.000019 246
0.000040 123
0.000035 369
0.000030 246
0.000006 246
0.000044 488
0.000004 4
0.000045 242
0.000032 127
0.000014 369
0.000020 246
0.000006 123
0.000039 246
0.000017 369
0.000047 246
0.000021 369
0.000053 246
0.000024 369
0.000037 123
0.000073 738
0.000014 119
0.000030 4
0.000033 492
0.000061 615
0.000005 123
0.000048 369
0.000005 123
0.000043 492
0.000058 369
0.000028 492
0.000014 123
0.000063 615
0.000033 123
0.000068 369
0.000006 246
0.000017 369
0.000022 123
0.000073 738
0.000049 365
0.000016 4
0.000020 492
0.000014 123
0.000055 492
0.000024 246
0.000031 246
0.000042 369
0.000045 123
0.000078 615
0.000030 246
0.000022 246
0.000025 492
0.000057 492
0.000027 246
0.000015 123
0.000059 492
0.000027 369
0.000054 246
0.000019 373
0.000019 242
0.000026 246
0.000023 246
0.000042 492
0.000018 242
0.000048 123
0.000006 250
0.000058 492
0.000016 488
0.000014 4
0.000059 369
0.000007 246
0.000006 246
0.000060 492
0.000003 123
0.000084 492
0.000008 246
0.000015 246
0.000019 123
0.000020 246
0.000040 246
0.000021 123
0.000021 246
0.000024 246
0.000037 369
0.000028 246
0.000041 492
0.000054 570
0.000018 168
0.000061 492
0.000005 246
0.000054 615
0.000054 615
0.000045 246
0.000031 246
0.000042 492
0.000035 246
0.000072 861
0.000065 492
0.000008 123
0.000056 734
0.000017 4
0.000024 369
0.000032 123
0.000071 738
0.000038 369
0.000072 492
0.000043 246
0.000057 615
0.000019 369
0.000024 242
0.000037 492
0.000004 4
0.000027 242
0.000041 127
0.000004 369
0.000029 246
0.000030 369
0.000031 246
0.000029 611
0.000006 4
0.000024 369
0.000069 615
0.000047 492
0.000037 369
0.000035 246
0.000042 369
0.000004 369
0.000032 246
0.000018 246
0.000022 246
0.000044 738
0.000011 123
0.000061 615
0.000056 615
0.000005 246
0.000031 123
0.000071 369
0.000033 123
0.000060 615
0.000005 365
0.000074 865
0.000044 246
0.000015 246
0.000034 246
0.000053 984
0.000042 615
0.000027 242
0.000054 619
0.000017 242
0.000013 250
0.000022 246
0.000010 246
0.000077 492
0.000008 492
0.000024 246
0.000016 246
0.000034 369
0.000035 615
0.000037 492
0.000037 246
0.000037 615
0.000034 369
0.000041 492
0.000036 615
0.000026 492
0.000072 123
0.000025 369
0.000050 369
0.000041 246
0.000005 246
0.000024 246
0.000031 369
0.000029 246
0.000026 369
0.000053 5
0.000027 610
0.000024 246
0.000026 246
0.000005 246
0.000048 492
0.000018 246
0.000026 246
0.000035 369
0.000031 488
0.000020 127
0.000035 246
0.000032 246
0.000032 369
0.000036 246
0.000025 369
0.000072 738
0.000056 246
0.000008 369
0.000028 246
0.000038 246
0.000005 246
0.000013 123
0.000062 369
0.000006 242
0.000010 4
0.000027 246
0.000045 246
0.000017 79
0.000037 536
0.000037 246
0.000035 365
0.000018 373
0.000030 246
0.000032 246
0.000024 369
0.000005 246
0.000057 492
0.000005 242
0.000005 4
0.000021 123
0.000057 615
0.000025 123
0.000048 369
0.000012 369
0.000021 123
0.000031 246
0.000060 615
0.000028 246
0.000005 246
0.000033 246
0.000034 246
0.000026 369
0.000047 492
0.000005 246
0.000048 369
0.000011 123
0.000005 123
0.000029 369
0.000080 369
0.000044 123
0.000050 861
0.000040 246
0.000026 246
0.000033 369
0.000013 369
0.000044 492
0.000060 369
0.000021 123
0.000031 369
0.000008 246
0.000055 615
0.000006 123
0.000025 246
0.000072 615
0.000047 492
0.000016 246
0.000026 123
0.000015 246
0.000013 246
0.000067 615
0.000006 246
0.000008 123
0.000030 123
0.000016 369
0.000033 488
0.000033 4
0.000032 492
0.000027 246
0.000017 246
0.000046 246
0.000110 246
0.000019 615
0.000056 615
0.000045 615
0.000030 369
0.000054 369
0.000023 369
0.000022 246
0.000040 738
0.000056 492
0.000030 547
0.000020 68
0.000026 369
0.000021 365
0.000004 127
0.000050 242
0.000042 373
0.000033 492
0.000027 246
0.000043 369
0.000029 246
0.000050 615
0.000026 369
0.000037 123
0.000032 369
0.000029 246
0.000022 369
0.000051 123
0.000006 369
0.000046 369
0.000038 369
0.000004 123
0.000058 246
0.000024 369
0.000030 246
0.000013 246
0.000045 615
0.000051 488
0.000006 4
0.000032 492
0.000005 246
0.000040 365
0.000004 4
0.000036 488
0.000024 127
0.000051 615
0.000046 246
0.000019 369
0.000019 369
0.000056 369
0.000049 492
0.000006 615
0.000035 246
0.000033 492
0.000058 492
0.000011 246
0.000030 123
0.000104 123
0.000016 369
0.000021 123
0.000018 246
0.000033 488
0.000021 250
0.000050 246
0.000006 365
0.000004 4
0.000041 246
0.000013 246
0.000024 369
0.000015 123
0.000004 123
0.000016 123
0.000004 123
0.000013 123
0.000014 123
0.000023 246
0.000034 246
0.000006 246
0.000045 369
0.000051 615
0.000040 369
0.000006 123
0.000017 246
0.000047 492
0.000032 492
0.000031 369
0.000005 123
0.000030 246
0.000004 123
0.000069 246
0.000042 615
0.000007 123
0.000012 369
0.000044 369
0.000032 365
0.000005 250
0.000075 611
0.000034 4
0.000026 246
0.000012 246
0.000021 246
0.000024 246
0.000015 246
0.000036 492
0.000054 492
0.000046 369
0.000023 242
0.000004 4
0.000028 246
0.000004 123
0.000025 246
0.000032 123
0.000004 246
0.000027 123
0.000005 246
0.000028 246
0.000024 123
0.000016 246
0.000020 123
0.000034 246
0.000004 246
0.000004 123
0.000055 734
0.000006 4
0.000070 615
0.000033 369
0.000037 369
0.000032 246
0.000037 246
0.000005 246
0.000048 492
0.000008 365
0.000005 4
0.000023 246
0.000035 369
0.000121 492
0.000007 123
0.000038 615
0.000074 369
0.000010 246
0.000029 492
0.000046 492
0.000057 615
0.000006 123
0.000042 246
0.000043 246
0.000006 488
0.000004 4
0.000028 246
0.000030 246
0.000032 369
0.000027 369
0.000039 369
0.000026 246
0.000050 492
0.000042 246
0.000019 365
0.000018 127
0.000042 492
0.000033 369
0.000024 246
0.000019 246
0.000048 492
0.000020 246
0.000045 246
0.000076 246
0.000005 123
0.000063 615
0.000005 123
0.000020 123
0.000055 615
0.000031 615
0.000004 246
0.000040 246
0.000030 369
0.000005 7
0.000030 362
0.000018 492
0.000054 738
0.000034 369
0.000020 246
0.000023 246
0.000028 492
0.000022 246
0.000007 246
0.000028 246
0.000056 242
0.000037 4
0.000038 369
0.000082 492
0.000048 369
0.000005 738
0.000019 488
0.000023 250
0.000030 369
0.000006 123
0.000005 123
0.000020 246
0.000026 492
0.000077 204
0.000058 780
0.000050 492
0.000016 492
0.000034 365
0.000043 742
0.000047 492
0.000026 369
0.000024 369
0.000031 492
0.000028 369
0.000004 242
0.000020 4
0.000018 246
0.000025 246
0.000005 246
0.000028 611
0.000021 127
0.000025 123
0.000006 246
0.000020 369
0.000021 246
0.000032 488
0.000015 250
0.000023 123
0.000015 123
0.000032 738
0.000033 123
0.000007 246
0.000027 246
0.000025 369
0.000004 242
0.000021 127
0.000030 615
0.000062 734
0.000005 127
0.000059 369
0.000026 242
0.000060 123
0.000008 742
0.000022 123
0.000050 857
0.000045 373
0.000029 242
0.000020 250
0.000016 369
0.000020 246
0.000022 246
0.000028 369
0.000025 246
0.000004 246
0.000020 246
0.000019 492
0.000061 738
0.000013 123
0.000021 246
0.000021 246
0.000057 738
0.000004 123
0.000041 246
0.000017 369
0.000022 369
0.000032 369
0.000040 369
0.000024 492
0.000076 984
0.000040 369
0.000036 492
0.000047 611
0.000039 250
0.000006 246
0.000060 246
0.000005 365
0.000058 373
0.000027 246
0.000021 246
0.000004 123
0.000031 369
0.000024 246
0.000022 246
0.000029 365
0.000025 127
0.000029 369
0.000004 119
0.000058 742
0.000061 980
0.000038 4
0.000026 615
0.000056 246
0.000007 369
0.000020 246
0.000043 246
0.000040 369
0.000005 369
0.000071 369
0.000024 369
0.000015 246
0.000039 246
0.000005 246
0.000011 246
0.000022 246
0.000019 369
0.000054 246
0.000024 246
0.000032 246
0.000040 123
0.000006 123
0.000018 123
0.000071 615
0.000033 246
0.000008 369
0.000029 246
0.000005 369
0.000032 246
0.000040 492
0.000021 369
0.000061 615
0.000007 246
0.000026 369
0.000026 328
0.000035 410
0.000005 246
0.000021 123
0.000040 369
0.000010 492
0.000023 492
0.000022 123
0.000062 738
0.000005 246
0.000061 492
0.000007 492
0.000039 246
0.000022 615
0.000005 119
0.000017 4
0.000047 246
0.000011 492
0.000034 492
0.000058 369
0.000033 369
0.000073 734
0.000046 246
0.000071 615
0.000033 865
0.000017 123
0.000051 246
0.000022 369
0.000009 123
0.000060 861
0.000032 123
0.000021 492
0.000031 492
0.000043 492
0.000006 369
0.000051 734
0.000004 123
0.000004 4
0.000043 492
0.000028 492
0.000051 738
0.000026 246
0.000025 492
0.000035 365
0.000019 4
0.000035 615
0.000025 369
0.000034 488
0.000017 250
0.000053 738
0.000022 246
0.000035 492
0.000038 246
0.000048 369
0.000006 492
0.000018 123
0.000043 734
0.000006 4
0.000015 246
0.000026 488
0.000012 123
0.000063 742
0.000027 488
0.000027 4
0.000039 304
0.000024 680
0.000005 123
0.000049 615
0.000025 492
0.000048 615
0.000028 369
0.000058 369
0.000054 984
0.000015 246
0.000031 492
0.000027 369
0.000032 615
0.000028 246
0.000044 738
0.000006 246
0.000011 246
0.000019 123
0.000061 861
0.000036 123
0.000025 246
0.000051 738
0.000005 119
0.000059 373
0.000016 123
0.000005 123
0.000052 492
0.000016 242
0.000027 250
0.000016 123
0.000066 369
0.000016 488
0.000011 127
0.000048 242
0.000015 250
0.000029 492
0.000069 492
0.000018 246
0.000043 492
0.000030 123
0.000045 492
0.000057 1107
0.000008 83
0.000044 409
0.000014 246
0.000008 119
0.000026 127
0.000034 365
0.000006 4
0.000019 123
0.000060 738
0.000019 246
0.000036 246
0.000016 246
0.000028 369
0.000044 123
0.000056 734
0.000018 127
0.000055 123
0.000048 492
0.000007 369
0.000029 246
0.000019 246
0.000056 369
0.000019 246
0.000034 492
0.000047 246
0.000020 369
0.000023 365
0.000028 373
0.000024 123
0.000037 492
0.000006 123
0.000032 123
0.000020 369
0.000021 369
0.000070 857
0.000025 127
0.000021 492
0.000019 119
0.000032 250
0.000013 246
0.000052 246
0.000005 246
0.000012 123
0.000014 123
0.000052 615
0.000040 246
0.000038 369
0.000042 246
0.000019 369
0.000010 123
0.000045 615
0.000052 246
0.000009 246
0.000023 246
0.000029 246
0.000018 123
0.000034 246
0.000021 492
0.000010 123
0.000028 123
0.000025 123
0.000004 246
0.000014 119
0.000034 246
0.000004 250
0.000033 123
0.000023 246
0.000043 492
0.000007 246
0.000037 369
0.000033 492
0.000043 246
0.000043 492
0.000008 123
0.000025 369
0.000009 123
0.000071 369
0.000038 738
0.000028 369
0.000025 369
0.000014 123
0.000123 738
0.000054 369
0.000022 369
0.000031 246
0.000014 246
0.000008 246
0.000041 369
0.000054 369
0.000036 369
0.000029 123
0.000048 246
0.000039 492
0.000022 369
0.000043 492
0.000006 365
0.000044 127
0.000019 369
0.000017 246
0.000029 369
0.000018 123
0.000027 369
0.000052 369
0.000029 369
0.000020 369
0.000027 246
0.000058 492
0.000042 492
0.000048 369
0.000007 369
0.000025 246
0.000022 123
0.000045 738
0.000016 123
0.000033 488
0.000037 4
0.000033 615
0.000033 369
0.000022 123
0.000004 246
0.000028 123
0.000013 123
0.000045 369
0.000008 246
0.000014 242
0.000057 250
0.000058 615
0.000034 369
0.000036 246
0.000035 492
0.000005 119
0.000023 4
0.000040 492
0.000046 488
0.000031 496
0.000037 369
0.000016 246
0.000044 488
0.000025 127
0.000049 246
0.000006 365
0.000021 127
0.000033 365
0.000037 369
0.000043 246
0.000039 250
0.000094 615
0.000031 246
0.000041 980
0.000046 496
0.000048 246
0.000024 492
0.000032 123
0.000022 365
0.000026 373
0.000039 123
0.000004 123
0.000019 242
0.000028 250
0.000030 492
0.000065 492
0.000037 492
0.000017 246
0.000023 369
0.000026 246
0.000038 492
0.000027 246
0.000035 369
0.000027 246
0.000055 492
0.000041 492
0.000072 492
0.000056 369
0.000004 123
0.000028 246
0.000026 246
0.000040 246
0.000037 615
0.000023 123
0.000021 119
0.000024 250
0.000006 369
0.000033 232
0.000049 629
0.000068 615
0.000033 246
0.000029 492
0.000039 246
0.000041 492
0.000029 246
0.000025 246
0.000029 488
0.000004 4
0.000025 246
0.000028 246
0.000045 246
0.000009 365
0.000010 4
0.000060 615
0.000065 488
0.000028 250
0.000071 246
0.000041 369
0.000037 365
0.000006 4
0.000022 123
0.000025 246
0.000019 369
0.000042 306
0.000077 309
0.000068 123
0.000032 861
0.000970 4095
0.000084 4095
0.000049 2757
0.000022 369
0.000006 246
0.000037 369
0.000003 123
0.000049 615
0.000015 123
0.000040 980
0.000025 4
0.000049 861
0.000040 246
0.000037 738
0.000041 492
0.000026 492
0.000035 246
0.000069 615
0.000005 369
0.000032 369
0.000003 123
0.000070 492
0.000005 242
0.000019 4
0.000027 369
0.000057 615
0.000006 246
0.000023 369
0.000016 369
0.000049 738
0.000025 369
0.000025 488
0.000020 127
0.000051 528
0.000037 456
0.000026 492
0.000039 738
0.000021 246
0.000026 611
0.000025 4
0.000019 492
0.000044 492
0.000059 734
0.000032 492
0.000005 127
0.000059 492
0.000008 123
0.000039 738
0.000037 369
0.000033 123
0.000006 611
0.000025 127
0.000057 369
0.000031 369
0.000074 611
0.000007 246
0.000024 369
0.000048 127
0.000008 615
0.000058 369
0.000043 861
0.000034 738
0.000042 365
0.000030 742
0.000019 123
0.000052 488
0.000006 250
0.000039 492
0.000022 246
0.000022 246
0.000038 492
0.000006 246
0.000044 553
0.000004 185
0.000051 365
0.000005 250
0.000030 246
0.000019 615
0.000046 369
0.000008 246
0.000020 488
0.000052 4
0.000042 492
0.000005 492
0.000035 246
0.000059 246
0.000087 615
0.000005 246
0.000004 123
0.000034 369
0.000022 369
0.000037 492
0.000004 246
0.000029 369
0.000030 369
0.000025 369
0.000042 615
0.000037 246
0.000041 738
0.000033 369
0.000036 246
0.000017 246
0.000024 365
0.000037 373
0.000019 246
0.000029 615
0.000059 615
0.000036 246
0.000041 861
0.000031 492
0.000022 369
0.000027 369
0.000059 738
0.000026 246
0.000061 615
0.000005 123
0.000049 123
0.000073 246
0.000008 369
0.000064 369
0.000018 369
0.000040 615
0.000056 738
0.000042 246
0.000015 246
0.000040 369
0.000045 369
0.000068 861
0.000046 615
0.000035 246
0.000013 246
0.000026 369
0.000054 369
0.000012 246
0.000023 246
0.000005 242
0.000006 4
0.000032 246
0.000019 246
0.000046 37
0.000013 701
0.000033 488
0.000020 4
0.000034 492
0.000023 246
0.000042 246
0.000040 369
0.000005 123
0.000068 369
0.000014 123
0.000016 246
0.000038 246
0.000022 492
0.000010 246
0.000051 615
0.000006 123
0.000046 615
0.000054 492
0.000010 246
0.000038 369
0.000006 246
0.000021 246
0.000038 492
0.000067 488
0.000024 250
0.000029 615
0.000056 738
0.000059 738
0.000021 246
0.000045 123
0.000006 369
0.000005 123
0.000015 123
0.000064 861
0.000053 246
0.000037 369
0.000028 365
0.000005 250
0.000090 615
0.000024 615
0.000018 369
0.000058 492
0.000049 369
0.000005 246
0.000031 369
0.000034 365
0.000018 250
0.000055 738
0.000024 246
0.000052 615
0.000025 246
0.000064 861
0.000051 369
0.000015 246
0.000028 246
0.000010 246
0.000026 369
0.000076 492
0.000015 246
0.000038 246
0.000023 615
0.000054 492
0.000013 246
0.000024 492
0.000073 857
0.000006 4
0.000085 369
0.000018 246
0.000056 615
0.000018 246
0.000008 246
0.000031 246
0.000025 369
0.000005 246
0.000045 246
0.000007 246
0.000030 492
0.000071 738
0.000008 246
0.000024 123
0.000023 246
0.000022 246
0.000023 123
0.000063 615
0.000021 365
0.000024 250
0.000035 123
0.000057 615
0.000005 365
0.000015 4
0.000051 734
0.000005 4
0.000039 369
0.000021 246
0.000022 369
0.000030 365
0.000004 4
0.000078 615
0.000005 123
0.000030 246
0.000065 492
0.000033 242
0.000025 373
0.000049 492
0.000043 492
0.000029 615
0.000048 369
0.000028 615
0.000032 246
0.000048 492
0.000019 246
0.000024 284
0.000006 208
0.000050 615
0.000046 734
0.000031 127
0.000046 369
0.000004 365
0.000029 127
0.000033 369
0.000019 123
0.000068 984
0.000048 492
0.000032 492
0.000037 615
0.000026 246
0.000050 738
0.000043 123
0.000068 615
0.000055 738
0.000038 369
0.000038 369
0.000043 615
0.000025 246
0.000051 492
0.000006 242
0.000037 373
0.000051 492
0.000019 246
0.000028 369
0.000037 369
0.000005 123
0.000041 246
0.000031 492
0.000023 123
0.000031 369
0.000035 369
0.000005 242
0.000027 250
0.000026 123
0.000041 615
0.000035 615
0.000035 369
0.000029 246
0.000047 615
0.000028 369
0.000043 246
0.000057 369
0.000050 492
0.000029 488
0.000024 4
0.000030 615
0.000050 369
0.000033 246
0.000005 488
0.000039 250
0.000008 123
0.000022 246
0.000028 246
0.000024 246
0.000004 246
0.000042 369
0.000018 246
0.000034 246
0.000011 369
0.000021 246
0.000023 123
0.000023 369
0.000003 123
0.000042 383
0.000006 232
0.000077 369
0.000005 246
0.000028 246
0.000004 246
0.000034 246
0.000034 369
0.000024 365
0.000062 4
0.000007 246
0.000023 246
0.000065 488
0.000006 127
0.000056 246
0.000054 492
0.000044 246
0.000006 123
0.000022 246
0.000047 369
0.000023 246
0.000031 246
0.000005 246
0.000031 246
0.000033 492
0.000023 123
0.000052 369
0.000029 492
0.000058 734
0.000004 4
0.000032 246
0.000037 611
0.000006 127
0.000075 369
0.000005 369
0.000016 123
0.000017 123
0.000033 369
0.000011 123
0.000043 246
0.000004 246
0.000024 369
0.000005 123
0.000047 492
0.000090 615
0.000006 369
0.000046 615
0.000006 119
0.000030 127
0.000076 369
0.000019 365
0.000049 250
0.000006 369
0.000045 369
0.000007 123
0.000082 861
0.000038 246
0.000006 246
0.000039 611
0.000020 4
0.000050 857
0.000017 127
0.000021 123
0.000056 861
0.000015 123
0.000075 738
0.000028 123
0.000087 492
0.000040 369
0.000025 369
0.000004 123
0.000051 488
0.000006 4
0.000007 123
0.000054 123
0.000052 492
0.000067 492
0.000007 246
0.000071 492
0.000029 123
0.000077 615
0.000008 369
0.000007 123
0.000061 738
0.000036 246
0.000006 123
0.000038 123
0.000005 246
0.000032 365
0.000020 4
0.000022 492
0.000052 488
0.000045 127
0.000025 369
0.000022 246
0.000021 369
0.000039 246
0.000009 123
0.000041 369
0.000019 123
0.000050 615
0.000025 123
0.000031 246
0.000004 246
0.000031 123
0.000004 246
0.000073 611
0.000042 250
0.000007 123
0.000048 246
0.000026 246
0.000036 492
0.000027 123
0.000043 369
0.000030 246
0.000005 246
0.000038 492
0.000026 123
0.000040 492
0.000004 123
0.000052 369
0.000005 123
0.000025 246
0.000020 242
0.000016 492
0.000018 4
0.000054 492
0.000022 246
0.000031 492
0.000040 246
0.000053 369
0.000005 365
0.000038 250
0.000048 246
0.000041 615
0.000038 492
0.000029 246
0.000066 492
0.000044 492
0.000047 242
0.000021 246
0.000039 127
0.000005 246
0.000023 246
0.000022 369
0.000034 369
0.000032 246
0.000078 246
0.000052 738
0.000044 492
0.000028 123
0.000025 611
0.000003 4
0.000018 246
0.000053 365
0.000028 250
0.000031 369
0.000017 365
0.000050 216
0.000005 157
0.000047 246
0.000005 123
0.000030 246
0.000022 369
0.000024 246
0.000026 246
0.000029 369
0.000034 242
0.000039 373
0.000031 492
0.000066 246
0.000022 246
0.000027 365
0.000031 4
0.000038 246
0.000094 369
0.000005 492
0.000043 369
0.000004 246
0.000018 246
0.000032 246
0.000040 615
0.000027 242
0.000035 250
0.000032 492
0.000040 123
0.000017 246
0.000026 492
0.000045 369
0.000029 492
0.000035 369
0.000031 123
0.000040 492
0.000029 246
0.000042 492
0.000005 123
0.000032 246
0.000031 369
0.000031 492
0.000031 246
0.000043 246
0.000005 246
0.000040 123
0.000052 246
0.000004 242
0.000032 127
0.000030 492
0.000032 246
0.000059 492
0.000044 369
0.000005 246
0.000032 246
0.000031 369
0.000035 492
0.000045 615
0.000050 369
0.000018 246
0.000045 369
0.000025 246
0.000065 492
0.000006 369
0.000026 369
0.000047 123
0.000004 369
0.000021 123
0.000052 611
0.000034 250
0.000027 369
0.000010 123
0.000057 615
0.000005 246
0.000043 246
0.000006 242
0.000065 250
0.000042 615
0.000053 434
0.000007 181
0.000030 246
0.000023 123
0.000030 123
0.000025 369
0.000038 369
0.000014 123
0.000026 246
0.000027 246
0.000016 492
0.000013 123
0.000049 242
0.000026 4
0.000021 242
0.000048 4
0.000017 369
0.000054 369
0.000053 488
0.000013 250
0.000056 738
0.000037 369
0.000060 369
0.000035 615
0.000017 246
0.000046 123
0.000040 615
0.000036 492
0.000081 369
0.000039 246
0.000037 492
0.000031 246
0.000019 369
0.000032 369
0.000051 369
0.000018 246
0.000051 369
0.000016 246
0.000016 246
0.000004 246
0.000045 246
0.000029 246
0.000014 246
0.000026 246
0.000004 246
0.000028 246
0.000033 492
0.000028 123
0.000028 492
0.000040 369
0.000036 369
0.000032 246
0.000032 492
0.000029 336
0.000041 279
0.000020 246
0.000042 492
0.000004 123
0.000057 369
0.000021 246
0.000037 246
0.000042 246
0.000043 369
0.000045 369
0.000004 246
0.000025 246
0.000025 369
0.000079 615
0.000040 492
0.000025 246
0.000048 369
0.000007 246
0.000022 246
0.000062 246
0.000032 615
0.000016 123
0.000038 369
0.000038 492
0.000042 246
0.000005 41
0.000034 447
0.000018 250
0.000041 369
0.000005 119
0.000041 4
0.000056 369
0.000016 246
0.000036 492
0.000049 123
0.000054 492
0.000008 246
0.000049 369
0.000083 246
0.000006 492
0.000054 246
0.000016 123
0.000006 246
0.000052 369
0.000014 246
0.000033 369
0.000012 242
0.000041 250
0.000049 246
0.000017 246
0.000007 369
0.000048 123
0.000007 369
0.000038 369
0.000004 242
0.000017 4
0.000063 488
0.000028 373
0.000021 246
0.000007 123
0.000037 369
0.000052 611
0.000018 4
0.000005 119
0.000020 127
0.000028 369
0.000039 369
0.000042 369
0.000004 123
0.000116 738
0.000006 492
0.000067 492
0.000060 492
0.000032 492
0.000043 246
0.000006 123
0.000033 246
0.000106 615
0.000072 369
0.000060 984
0.000005 492
0.000078 738
0.000016 369
0.000075 246
0.000006 492
0.000033 615
0.000029 246
0.000072 615
0.000029 369
0.000045 492
0.000040 492
0.000031 123
0.000052 615
0.000067 369
0.000031 246
0.000007 246
0.000026 369
0.000034 369
0.000034 246
0.000051 615
0.000030 123
0.000040 615
0.000027 123
0.000041 369
0.000018 246
0.000026 369
0.000004 123
0.000028 246
0.000045 492
0.000034 488
0.000040 127
0.000005 246
0.000020 369
0.000062 492
0.000033 369
0.000030 246
0.000020 246
0.000042 738
0.000047 246
0.000032 369
0.000074 738
0.000077 369
0.000077 369
0.000103 738
0.000100 1107
0.000070 1226
0.000026 127
0.000043 369
0.000006 369
0.000034 492
0.000041 492
0.000023 369
0.000035 492
0.000017 246
0.000050 861
0.000029 369
0.000040 488
0.000006 373
0.000030 246
0.000038 615
0.000048 369
0.000026 123
0.000050 615
0.000007 246
0.000095 369
0.000111 1107
0.000011 734
0.000047 742
0.000031 246
0.000071 738
0.000009 369
0.000045 615
0.000045 492
0.000007 123
0.000031 492
0.000028 611
0.000077 988
0.000037 369
0.000032 615
0.000066 857
0.000007 4
0.000033 369
0.000067 738
0.000008 492
0.000054 369
0.000020 246
0.000045 984
0.000032 246
0.000050 313
0.000007 302
0.000124 1107
0.000030 369
0.000024 369
0.000031 492
0.000030 369
0.000034 492
0.000037 488
0.000028 373
0.000028 123
0.000042 615
0.000019 242
0.000026 615
0.000044 127
0.000005 492
0.000035 246
0.000042 492
0.000007 365
0.000028 127
0.000027 611
0.000024 4
0.000033 611
0.000042 496
0.000031 246
0.000039 492
0.000035 369
0.000014 246
0.000064 984
0.000034 369
0.000062 492
0.000006 123
0.000107 1230
0.000040 369
0.000031 734
0.000025 250
0.000042 242
0.000023 250
0.000048 461
0.000015 400
0.000046 492
0.000006 369
0.000037 369
0.000050 615
0.000007 246
0.000036 492
0.000038 738
0.000045 615
0.000037 246
0.000033 738
0.000028 246
0.000032 492
0.000006 123
0.000026 246
0.000047 492
0.000007 246
0.000032 369
0.000058 492
0.000011 492
0.000045 369
0.000043 611
0.000056 496
0.000026 369
0.000038 492
0.000023 246
0.000032 369
0.000032 738
0.000032 246
0.000061 492
0.000013 246
0.000046 615
0.000024 246
0.000036 615
0.000027 615
0.000056 738
0.000025 246
0.000026 117
0.000053 621
0.000006 246
0.000031 738
0.000048 734
0.000038 373
0.000045 492
0.000057 615
0.000058 738
0.000033 369
0.000036 365
0.000036 246
0.000006 250
0.000056 369
0.000050 246
0.000023 246
0.000015 246
0.000029 369
0.000027 492
0.000022 123
0.000024 369
0.000045 369
0.000067 738
0.000027 246
0.000041 369
0.000016 246
0.000020 369
0.000048 492
0.000028 369
0.000044 492
0.000012 123
0.000027 492
0.000046 246
0.000006 246
0.000027 369
0.000029 369
0.000049 242
0.000052 619
0.000024 365
0.000028 4
0.000032 738
0.000049 861
0.000044 242
0.000085 865
0.000005 123
0.000030 365
0.000049 250
0.000005 369
0.000034 369
0.000039 369
0.000038 615
0.000035 246
0.000053 611
0.000004 127
0.000039 246
0.000055 738
0.000008 369
0.000057 492
0.000008 246
0.000026 369
0.000025 246
0.000034 369
0.000005 369
0.000041 492
0.000049 738
0.000029 369
0.000059 369
0.000005 246
0.000024 246
0.000045 492
0.000048 615
0.000059 365
0.000048 127
0.000077 492
0.000009 615
0.000036 369
0.000026 369
0.000040 246
0.000005 492
0.000028 246
0.000027 246
0.000026 246
0.000066 1107
0.000055 369
0.000058 734
0.000006 250
0.000025 365
0.000033 369
0.000048 127
0.000005 246
0.000040 492
0.000047 369
0.000051 492
0.000005 123
0.000033 369
0.000048 615
0.000051 246
0.000040 492
0.000016 246
0.000025 369
0.000030 246
0.000005 123
0.000023 246
0.000066 615
0.000030 246
0.000027 369
0.000043 615
0.000025 369
0.000044 369
0.000005 492
0.000025 246
0.000030 369
0.000036 492
0.000034 615
0.000025 246
0.000035 246
0.000008 246
0.000026 492
0.000021 246
0.000027 369
0.000006 123
0.000023 246
0.000033 615
0.000026 246
0.000047 615
0.000026 246
0.000022 246
0.000026 246
0.000035 369
0.000036 369
0.000024 365
0.000052 615
0.000031 127
0.000030 369
0.000058 123
0.000035 488
0.000034 127
0.000026 492
0.000031 246
0.000049 492
0.000068 369
0.000004 246
0.000028 492
0.000023 123
0.000024 246
0.000023 123
0.000023 246
0.000044 738
0.000025 123
0.000026 488
0.000027 373
0.000072 738
0.000036 369
0.000004 123
0.000026 246
0.000021 369
0.000056 369
0.000042 492
0.000073 615
0.000049 492
0.000059 615
0.000061 492
0.000099 246
0.000057 611
0.000004 373
0.000026 369
0.000026 365
0.000054 250
0.000005 615
0.000044 369
0.000026 463
0.000055 398
0.000035 611
0.000005 127
0.000032 365
0.000014 127
0.000040 615
0.000004 119
0.000032 373
0.000033 492
0.000034 246
0.000004 246
0.000005 123
0.000026 123
0.000117 984
0.000010 615
0.000035 492
0.000031 369
0.000029 611
0.000036 4
0.000005 246
0.000030 615
0.000060 291
0.000005 201
0.000025 123
0.000006 246
0.000025 369
0.000035 369
0.000026 365
0.000008 4
0.000021 246
0.000029 123
0.000008 492
0.000020 246
0.000035 246
0.000005 369
0.000004 242
0.000020 4
0.000033 492
0.000035 369
0.000039 615
0.000025 488
0.000006 4
0.000021 246
0.000037 369
0.000026 492
0.000023 369
0.000031 246
0.000032 615
0.000024 123
0.000031 246
0.000012 369
0.000025 369
0.000022 492
0.000027 369
0.000028 246
0.000005 123
0.000051 369
0.000032 246
0.000004 369
0.000022 369
0.000036 369
0.000039 119
0.000011 496
0.000042 365
0.000040 250
0.000050 492
0.000013 369
0.000025 369
0.000041 615
0.000028 246
0.000038 246
0.000005 369
0.000022 439
0.000023 176
0.000038 492
0.000007 369
0.000021 123
0.000007 246
0.000047 615
0.000033 369
0.000029 369
0.000035 492
0.000025 369
0.000031 246
0.000025 492
0.000036 369
0.000039 738
0.000032 246
0.000005 246
0.000005 123
0.000006 123
0.000041 369
0.000032 492
0.000004 123
0.000031 246
0.000037 492
0.000019 246
0.000004 246
0.000069 246
0.000009 488
0.000033 127
0.000047 369
0.000027 123
0.000025 369
0.000028 246
0.000005 492
0.000025 246
0.000037 615
0.000017 246
0.000027 492
0.000062 242
0.000006 619
0.000022 123
0.000028 369
0.000026 365
0.000031 127
0.000005 246
0.000010 365
0.000012 4
0.000032 242
0.000029 127
0.000006 246
0.000027 492
0.000045 492
0.000059 492
0.000007 492
0.000019 242
0.000022 369
0.000007 4
0.000025 369
0.000039 492
0.000030 123
0.000006 369
0.000039 615
0.000024 246
0.000029 369
0.000031 369
0.000006 123
0.000038 365
0.000030 250
0.000070 369
0.000028 246
0.000033 492
0.000004 369
0.000021 246
0.000024 246
0.000029 246
0.000008 369
0.000005 169
0.000005 196
0.000023 4
0.000029 246
0.000021 369
0.000032 738
0.000024 246
0.000030 369
0.000039 246
0.000008 369
0.000037 492
0.000025 123
0.000034 492
0.000028 369
0.000006 123
0.000056 369
0.000009 369
0.000032 369
0.000006 369
0.000006 123
0.000032 369
0.000037 246
0.000008 246
0.000040 492
0.000035 615
0.000030 365
0.000035 123
0.000021 619
0.000070 738
0.000038 734
0.000040 4
0.000067 615
0.000056 984
0.000034 369
0.000053 615
0.000039 615
0.000021 369
0.000027 246
0.000028 246
0.000005 369
0.000036 369
0.000033 369
0.000021 369
0.000039 615
0.000069 861
0.000006 123
0.000033 492
0.000035 246
0.000006 369
0.000020 246
0.000034 492
0.000016 246
0.000034 123
0.000005 492
0.000018 246
0.000019 123
0.000030 246
0.000006 369
0.000059 738
0.000076 980
0.000051 4
0.000018 246
0.000030 492
0.000035 492
0.000028 492
0.000078 369
0.000006 492
0.000033 492
0.000030 492
0.000027 369
0.000029 369
0.000042 492
0.000014 123
0.000025 369
0.000035 734
0.000006 4
0.000009 123
0.000012 123
0.000030 365
0.000037 369
0.000014 127
0.000034 246
0.000031 738
0.000056 615
0.000021 123
0.000021 492
0.000028 123
0.000006 369
0.000005 123
0.000012 123
0.000007 123
0.000041 492
0.000034 611
0.000021 127
0.000008 123
0.000009 123
0.000024 246
0.000062 615
0.000042 492
0.000073 492
0.000022 246
0.000025 246
0.000038 369
0.000005 611
0.000026 4
0.000037 615
0.000045 615
0.000006 242
0.000004 4
0.000024 246
0.000018 246
0.000022 246
0.000012 246
0.000033 416
0.000004 199
0.000030 246
0.000022 369
0.000032 246
0.000040 615
0.000007 246
0.000025 246
0.000005 123
0.000023 369
0.000022 123
0.000030 492
0.000016 123
0.000022 369
0.000030 123
0.000007 492
0.000065 246
0.000006 246
0.000034 615
0.000028 369
0.000022 242
0.000035 250
0.000020 492
0.000082 492
0.000016 246
0.000018 246
0.000009 123
0.000078 615
0.000007 488
0.000027 127
0.000041 492
0.000038 615
0.000038 615
0.000074 369
0.000008 488
0.000098 1111
0.000011 246
0.000053 369
0.000043 615
0.000008 246
0.000036 369
0.000015 246
0.000007 246
0.000039 488
0.000034 250
0.000026 615
0.000077 369
0.000042 492
0.000007 611
0.000038 496
0.000031 369
0.000022 246
0.000066 369
0.000006 615
0.000054 369
0.000040 369
0.000009 246
0.000037 492
0.000039 615
0.000020 369
0.000021 119
0.000026 373
0.000040 123
0.000024 492
0.000063 884
0.000049 838
0.000005 123
0.000056 369
0.000032 615
0.000025 369
0.000057 615
0.000021 246
0.000038 492
0.000006 246
0.000034 369
0.000031 246
0.000033 615
0.000032 369
0.000026 246
0.000005 369
0.000039 369
0.000039 738
0.000034 492
0.000029 246
0.000025 246
0.000065 365
0.000009 250
0.000037 246
0.000039 861
0.000027 246
0.000025 615
0.000035 123
0.000024 615
0.000027 246
0.000034 246
0.000038 615
0.000027 369
0.000035 369
0.000031 369
0.000031 369
0.000032 492
0.000030 246
0.000032 369
0.000031 492
0.000037 492
0.000037 171
0.000045 690
0.000046 246
0.000043 738
0.000008 369
0.000042 369
0.000041 615
0.000067 615
0.000055 369
0.000025 492
0.000005 246
0.000027 246
0.000065 492
0.000006 611
0.000026 127
0.000034 246
0.000035 738
0.000085 738
0.000018 492
0.000037 246
0.000033 734
0.000054 369
0.000005 250
0.000033 369
0.000026 369
0.000033 246
0.000007 246
0.000030 369
0.000032 492
0.000030 246
0.000016 246
0.000026 369
0.000036 615
0.000052 492
0.000032 369
0.000040 369
0.000005 492
0.000043 738
0.000020 123
0.000022 492
0.000064 369
0.000005 369
0.000022 246
0.000046 615
0.000033 123
0.000028 492
0.000044 492
0.000052 738
0.000025 246
0.000064 615
0.000015 365
0.000067 988
0.000048 492
0.000016 246
0.000065 369
0.000022 615
0.000042 516
0.000037 468
0.000025 246
0.000007 369
0.000024 369
0.000031 246
0.000024 246
0.000004 123
0.000019 123
0.000021 492
0.000035 611
0.000024 127
0.000004 123
0.000044 492
0.000033 123
0.000134 369
0.000007 246
0.000040 369
0.000033 365
0.000007 127
0.000027 246
0.000044 246
0.000006 369
0.000040 246
0.000013 123
0.000038 492
0.000039 246
0.000041 246
0.000045 615
0.000053 611
0.000058 492
0.000026 127
0.000029 246
0.000048 492
0.000044 492
0.000031 246
0.000044 369
0.001639 4095
0.000035 8192
0.000017 3457
0.000073 492
0.000009 369
0.000008 123
0.000059 123
0.000057 123
0.000023 123
0.000093 369
0.000020 492
0.000004 123
0.000026 246
0.000040 246
0.000026 246
0.000032 123
0.000046 119
0.000039 250
0.000030 369
0.000038 365
0.000006 127
0.000028 246
0.000038 369
0.000023 246
0.000048 369
0.000013 246
0.000033 246
0.000028 369
0.000028 242
0.000032 373
0.000039 369
0.000033 246
0.000052 246
0.000021 369
0.000027 369
0.000062 492
0.000035 246
0.000030 246
0.000052 246
0.000026 369
0.000017 246
0.000032 369
0.000021 123
0.000040 246
0.000007 246
0.000048 369
0.000044 492
0.000053 492
0.000059 492
0.000024 369
0.000004 123
0.000059 246
0.000027 369
0.000067 738
0.000042 246
0.000004 123
0.000030 246
0.000026 365
0.000016 4
0.000020 246
0.000003 123
0.000049 246
0.000026 246
0.000021 246
0.000016 246
0.000004 246
0.000108 246
0.000006 615
0.000022 246
0.000045 369
0.000034 492
0.000035 369
0.000044 369
0.000040 492
0.000024 246
0.000037 492
0.000077 492
0.000036 119
0.000030 250
0.000054 611
0.000029 127
0.000036 615
0.000055 369
0.000033 246
0.000005 246
0.000007 246
0.000023 123
0.000006 123
0.000025 246
0.000037 369
0.000077 492
0.000008 246
0.000038 246
0.000004 246
0.000036 246
0.000025 246
0.000041 246
0.000026 492
0.000035 492
0.000017 246
0.000033 369
0.000026 242
0.000023 250
0.000069 861
0.000037 369
0.000006 369
0.000036 123
0.000057 123
0.000005 123
0.000077 246
0.000045 492
0.000030 492
0.000051 492
0.000035 246
0.000036 246
0.000022 246
0.000052 123
0.000060 492
0.000047 492
0.000020 369
0.000029 369
0.000030 123
0.000017 246
0.000051 369
0.000038 369
0.000030 123
0.000029 492
0.000015 242
0.000033 127
0.000029 246
0.000006 246
0.000025 492
0.000030 246
0.000005 123
0.000017 123
0.000041 369
0.000062 246
0.000008 246
0.000042 246
0.000043 365
0.000045 250
0.000020 246
0.000053 369
0.000020 242
0.000004 4
0.000044 246
0.000040 492
0.000022 246
0.000026 246
0.000012 123
0.000004 123
0.000021 123
0.000026 369
0.000037 369
0.000052 369
0.000009 246
0.000037 611
0.000016 4
0.000023 369
0.000031 369
0.000027 246
0.000005 123
0.000030 246
0.000065 492
0.000017 246
0.000025 246
0.000016 246
0.000022 246
0.000057 369
0.000004 369
0.000028 246
0.000031 492
0.000090 365
0.000019 4
0.000020 123
0.000092 738
0.000008 123
0.000053 369
0.000041 246
0.000015 246
0.000021 246
0.000016 123
0.000030 246
0.000007 242
0.000030 127
0.000038 492
0.000030 492
0.000028 123
0.000037 615
0.000005 119
0.000041 123
0.000004 250
0.000024 246
0.000019 246
0.000019 246
0.000030 369
0.000033 123
0.000025 246
0.000008 369
0.000089 615
0.000034 369
0.000007 246
0.000033 369
0.000004 123
0.000040 246
0.000047 492
0.000029 123
0.000058 369
0.000060 492
0.000043 369
0.000034 246
0.000027 615
0.000033 123
0.000023 246
0.000053 492
0.000042 246
0.000005 246
0.000040 123
0.000039 615
0.000038 492
0.000028 123
0.000005 123
0.000025 246
0.000023 246
0.000036 369
0.000033 246
0.000044 246
0.000042 246
0.000006 369
0.000074 369
0.000007 369
0.000029 246
0.000008 123
0.000046 369
0.000023 246
0.000044 365
0.000044 619
0.000075 246
0.000037 492
0.000030 246
0.000007 123
0.000032 369
0.000059 123
0.000007 369
0.000005 123
0.000026 123
0.000037 246
0.000006 246
0.000004 242
0.000025 127
0.000018 246
0.000053 369
0.000020 246
0.000028 246
0.000033 246
0.000004 123
0.000020 246
0.000004 123
0.000007 123
0.000024 365
0.000018 4
0.000025 246
0.000039 369
0.000038 246
0.000052 734
0.000028 250
0.000047 369
0.000070 492
0.000005 123
0.000030 246
0.000038 246
0.000028 365
0.000032 127
0.000090 492
0.000027 492
0.000005 123
0.000005 123
0.000021 123
0.000065 615
0.000024 246
0.000018 123
0.000024 246
0.000014 123
0.000071 738
0.000031 123
0.000042 492
0.000008 246
0.000064 738
0.000029 123
0.000037 492
0.000048 369
0.000038 365
0.000005 4
0.000032 488
0.000053 373
0.000005 123
0.000020 246
0.000020 123
0.000037 488
0.000059 4
0.000043 861
0.000057 246
0.000038 369
0.000062 369
0.000028 246
0.000045 488
0.000015 250
0.000042 492
0.000039 242
0.000015 4
0.000028 369
0.000026 369
0.000006 123
0.000058 246
0.000005 246
0.000047 492
0.000038 492
0.000074 246
0.000032 861
0.000029 488
0.000017 4
0.000044 488
0.000029 250
0.000050 246
0.000054 734
0.000007 127
0.000062 492
0.000030 242
0.000007 127
0.000032 369
0.000049 246
0.000006 246
0.000053 123
0.000058 246
0.000015 246
0.000027 369
0.000033 246
0.000005 369
0.000049 246
0.000036 246
0.000016 615
0.000021 246
0.000037 369
0.000004 123
0.000050 246
0.000022 246
0.000018 369
0.000004 242
0.000033 250
0.000029 365
0.000023 127
0.000021 123
0.000094 615
0.000007 492
0.000018 246
0.000043 369
0.000040 246
0.000023 492
0.000057 242
0.000015 496
0.000086 369
0.000006 492
0.000019 123
0.000107 611
0.000041 373
0.000005 246
0.000024 246
0.000019 246
0.000026 365
0.000027 246
0.000060 127
0.000051 492
0.000024 246
0.000027 369
0.000037 123
0.000004 246
0.000018 175
0.000010 317
0.000047 492
0.000045 738
0.000035 246
0.000019 492
0.000047 246
0.000016 246
0.000030 246
0.000006 246
0.000028 246
0.000026 369
0.000057 123
0.000004 369
0.000029 246
0.000023 246
0.000021 369
0.000012 369
0.000039 246
0.000028 123
0.000021 369
0.000089 492
0.000031 615
0.000046 615
0.000014 246
0.000008 123
0.000077 615
0.000048 615
0.000038 246
0.000006 123
0.000024 369
0.000005 123
0.000019 123
0.000059 369
0.000071 738
0.000007 365
0.000007 127
0.000022 123
0.000061 615
0.000005 246
0.000029 369
0.000022 123
0.000006 365
0.000032 250
0.000017 119
0.000025 127
0.000023 246
0.000032 492
0.000026 123
0.000015 123
0.000028 246
0.000039 492
0.000018 77
0.000010 415
0.000044 242
0.000014 127
0.000045 369
0.000046 369
0.000048 738
0.000060 615
0.000026 492
0.000030 123
0.000051 492
0.000024 246
0.000021 246
0.000045 246
0.000020 246
0.000027 246
0.000021 246
0.000021 246
0.000004 246
0.000044 369
0.000069 615
0.000017 242
0.000005 123
0.000012 4
0.000026 123
0.000008 365
0.000023 127
0.000015 123
0.000025 369
0.000024 123
0.000066 738
0.000014 123
0.000033 369
0.000018 123
0.000030 492
0.000046 369
0.000025 123
0.000072 615
0.000034 369
0.000035 369
0.000015 246
0.000029 123
0.000049 369
0.000020 492
0.000054 246
0.000020 369
0.000010 369
0.000019 246
0.000026 119
0.000023 127
0.000017 246
0.000027 242
0.000022 250
0.000023 246
0.000005 242
0.000024 127
0.000016 102
0.000009 144
0.000022 242
0.000003 4
0.000038 492
0.000063 492
0.000017 246
0.000023 246
0.000016 246
0.000023 246
0.000017 246
0.000024 246
0.000027 246
0.000017 369
0.000042 615
0.000023 246
0.000030 123
0.000020 246
0.000047 246
0.000025 246
0.000063 123
0.000037 738
0.000019 246
0.000020 369
0.000020 123
0.000005 242
0.000026 4
0.000004 246
0.000036 369
0.000020 246
0.000018 246
0.000010 246
0.000035 123
0.000007 365
0.000026 250
0.000020 123
0.000025 246
0.000020 246
0.000030 246
0.000017 369
0.000017 246
0.000020 369
0.000022 123
0.000017 246
0.000012 246
0.000004 123
0.000004 123
0.000052 369
0.000019 246
0.000024 246
0.000006 246
0.000041 492
0.000032 123
0.000027 369
0.000018 246
0.000039 492
0.000027 246
0.000039 123
0.000015 369
0.000045 246
0.000023 246
0.000027 242
0.000008 4
0.000066 250
0.000019 361
0.000005 127
0.000049 492
0.000043 369
0.000028 246
0.000036 492
0.000020 123
0.000005 365
0.000017 4
0.000035 611
0.000025 4
0.000020 492
0.000004 123
0.000045 369
0.000042 488
0.000005 127
0.000013 246
0.000034 246
0.000037 369
0.000020 246
0.000033 615
0.000011 123
0.000057 615
0.000032 488
0.000034 451
0.000033 291
0.000030 369
0.000040 615
0.000021 369
0.000030 492
0.000016 119
0.000016 369
0.000010 4
0.000053 734
0.000017 127
0.000041 246
0.000022 123
0.000009 369
0.000017 123
0.000038 369
0.000006 246
0.000005 246
0.000039 246
0.000019 246
0.000020 369
0.000040 488
0.000018 619
0.000021 123
0.000048 738
0.000044 119
0.000005 33
0.000023 463
0.000023 615
0.000048 615
0.000042 369
0.000019 611
0.000041 496
0.000038 369
0.000031 492
0.000064 615
0.000035 615
0.000006 246
0.000005 246
0.000038 246
0.000006 242
0.000044 127
0.000005 492
0.000007 123
0.000042 369
0.000013 246
0.000044 492
0.000006 123
0.000032 123
0.000037 246
0.000078 123
0.000060 492
0.000006 369
0.000029 246
0.000028 246
0.000015 492
0.000016 246
0.000032 369
0.000005 242
0.000054 373
0.000023 246
0.000009 369
0.000071 492
0.000016 369
0.000032 369
0.000044 738
0.000008 123
0.000044 369
0.000039 492
0.000037 492
0.000007 246
0.000024 492
0.000036 123
0.000007 369
0.000044 615
0.000061 369
0.000062 738
0.000028 738
0.000040 246
0.000052 369
0.000041 615
0.000045 738
0.000039 492
0.000035 369
0.000025 492
0.000022 246
0.000044 369
0.000019 369
0.000020 369
0.000047 369
0.000061 492
0.000005 369
0.000044 492
0.000046 861
0.000040 369
0.000028 369
0.000040 615
0.000034 369
0.000068 861
0.000015 369
0.000032 246
0.000020 369
0.000006 369
0.000038 492
0.000042 369
0.000030 369
0.000047 615
0.000033 202
0.000061 782
0.000042 369
0.000035 611
0.000044 496
0.000009 123
0.000030 369
0.000006 246
0.000026 123
0.000015 123
0.000034 857
0.000009 4
0.000025 246
0.000037 492
0.000025 123
0.000027 246
0.000026 369
0.000008 369
0.000038 615
0.000062 492
0.000048 369
0.000025 861
0.000031 369
0.000005 123
0.000023 242
0.000026 127
0.000006 123
0.000050 615
0.000009 246
0.000041 615
0.000041 123
0.000042 492
0.000005 369
0.000006 123
0.000017 123
0.000044 246
0.000032 365
0.000046 373
0.000012 246
0.000048 738
0.000029 369
0.000007 242
0.000017 4
0.000027 246
0.000030 492
0.000031 611
0.000019 127
0.000045 350
0.000076 757
0.000007 246
0.000041 492
0.000029 123
0.000029 369
0.000025 246
0.000007 369
0.000039 369
0.000038 369
0.000032 492
0.000037 365
0.000032 250
0.000024 246
0.000022 369
0.000034 492
0.000020 246
0.000051 615
0.000023 369
0.000025 123
0.000035 492
0.000027 369
0.000035 369
0.000006 55
0.000031 187
0.000020 373
0.000012 365
0.000008 127
0.000019 123
0.000042 246
0.000014 246
0.000038 738
0.000050 365
0.000042 373
0.000007 246
0.000035 615
0.000036 246
0.000038 246
0.000006 246
0.000047 734
0.000021 246
0.000008 4
0.000041 492
0.000057 861
0.000006 123
0.000027 123
0.000036 492
0.000022 375
0.000005 240
0.000028 123
0.000005 123
0.000016 365
0.000006 4
0.000040 246
0.000009 488
0.000005 123
0.000016 123
0.000028 127
0.000013 246
0.000060 615
0.000008 369
0.000044 246
0.000060 246
0.000036 492
0.000020 123
0.000047 369
0.000028 365
0.000007 127
0.000052 615
0.000037 369
0.000016 123
0.000043 365
0.000034 373
0.000008 123
0.000092 492
0.000019 246
0.000053 326
0.000023 412
0.000005 369
0.000048 246
0.000007 246
0.000043 246
0.000007 246
0.000014 242
0.000025 4
0.000027 246
0.000017 246
0.000027 246
0.000039 369
0.000036 369
0.000041 369
0.000035 369
0.000033 123
0.000048 492
0.000007 123
0.000027 246
0.000064 738
0.000035 246
0.000021 369
0.000047 369
0.000033 369
0.000061 369
0.000053 246
0.000005 492
0.000086 615
0.000007 369
0.000013 246
0.000032 365
0.000016 127
0.000038 369
0.000019 369
0.000041 246
0.000021 246
0.000034 611
0.000024 127
0.000005 119
0.000047 250
0.000025 246
0.000013 246
0.000036 369
0.000023 246
0.000021 246
0.000038 615
0.000019 123
0.000051 369
0.000032 246
0.000079 246
0.000023 369
0.000031 246
0.000011 246
0.000019 369
0.000040 369
0.000040 369
0.000031 369
0.000029 246
0.000037 611
0.000020 4
0.000036 246
0.000004 369
0.000021 119
0.000019 250
0.000032 123
0.000020 369
0.000033 369
0.000031 246
0.000049 492
0.000008 246
0.000014 123
0.000047 246
0.000016 246
0.000022 246
0.000022 246
0.000039 492
0.000016 246
0.000029 123
0.000022 369
0.000039 369
0.000018 123
0.000035 246
0.000045 492
0.000020 123
0.000039 246
0.000025 246
0.000017 123
0.000024 369
0.000025 123
0.000023 369
0.000019 123
0.000007 242
0.000021 246
0.000024 127
0.000025 369
0.000043 246
0.000036 369
0.000011 246
0.000019 246
0.000028 246
0.000030 246
0.000037 369
0.000054 365
0.000026 250
0.000042 492
0.000058 492
0.000027 369
0.000036 369
0.000018 369
0.000033 369
0.000050 123
0.000013 369
0.000016 123
0.000034 492
0.000041 369
0.000033 492
0.000049 369
0.000085 369
0.000053 492
0.000007 369
0.000025 119
0.000020 250
0.000032 246
0.000037 369
0.000005 123
0.000042 246
0.000023 369
0.000020 123
0.000004 242
0.000018 4
0.000047 492
0.000054 246
0.000006 369
0.000056 246
0.000048 861
0.000035 369
0.000018 123
0.000069 246
0.000028 738
0.000036 246
0.000041 611
0.000019 127
0.000018 246
0.000037 246
0.000020 246
0.000051 369
0.000021 369
0.000093 492
0.000014 123
0.000043 611
0.000075 373
0.000007 246
0.000025 246
0.000055 369
0.000006 246
0.000025 246
0.000043 615
0.000061 369
0.000039 492
0.000039 492
0.000048 246
0.000007 369
0.000039 246
0.000037 369
0.000030 369
0.000063 369
0.000023 369
0.000027 369
0.000032 246
0.000049 492
0.000030 246
0.000005 246
0.000046 492
0.000032 246
0.000018 123
0.000023 246
0.000012 246
0.000047 365
0.000030 127
0.000036 369
0.000028 246
0.000016 246
0.000011 246
0.000031 242
0.000038 496
0.000043 492
0.000036 246
0.000037 492
0.000048 246
0.000043 492
0.000030 492
0.000027 365
0.000050 373
0.000045 246
0.000037 369
0.000032 246
0.000006 246
0.000035 246
0.000038 492
0.000035 365
0.000023 4
0.000025 246
0.000015 246
0.000014 246
0.000032 488
0.000006 4
0.000072 611
0.000004 4
0.000093 492
0.000051 369
0.000057 492
0.000038 615
0.000004 123
0.000073 738
0.000014 246
0.000030 123
0.000016 246
0.000040 246
0.000006 369
0.000020 246
0.000047 369
0.000040 369
0.000035 123
0.000028 246
0.000004 123
0.000064 369
0.000004 369
0.000028 123
0.000023 369
0.000007 123
0.000032 123
0.000019 488
0.000032 4
0.000022 488
0.000021 4
0.000032 488
0.000020 4
0.000037 365
0.000006 127
0.000020 246
0.000028 369
0.000022 123
0.000050 369
0.000043 246
0.000007 123
0.000013 246
0.000048 365
0.000031 373
0.000053 246
0.000004 246
0.000036 365
0.000028 127
0.000004 123
0.000030 123
0.000043 492
0.000015 369
0.000035 123
0.000023 246
0.000018 369
0.000026 246
0.000029 365
0.000078 496
0.000005 246
0.000041 369
0.000040 246
0.000006 246
0.000014 246
0.000047 369
0.000030 246
0.000024 369
0.000036 123
0.000024 246
0.000022 246
0.000006 246
0.000035 246
0.000018 246
0.000043 611
0.000004 4
0.000093 615
0.000035 246
0.000029 246
0.000006 246
0.000020 123
0.000027 246
0.000019 246
0.000004 242
0.000013 4
0.001086 3846
0.000087 4095
0.000019 4095
0.000015 2478
0.000054 246
0.000040 611
0.000034 4
0.000007 492
0.000026 123
0.000047 369
0.000056 246
0.000007 492
0.000051 246
0.000036 369
0.000021 734
0.000022 127
0.000018 123
0.000019 246
0.000028 123
0.000044 738
0.000037 123
0.000104 734
0.000023 492
0.000055 4
0.000007 615
0.000015 123
0.000068 861
0.000046 246
0.000058 492
0.000020 123
0.000012 369
0.000005 119
0.000004 4
0.000097 615
0.000005 123
0.000023 488
0.000058 492
0.000017 4
0.000027 123
0.000006 123
0.000020 123
0.000017 365
0.000007 4
0.000034 123
0.000027 246
0.000015 246
0.000035 492
0.000049 492
0.000005 123
0.000076 615
0.000005 369
0.000050 369
0.000006 365
0.000047 4
0.000027 492
0.000044 123
0.000026 369
0.000034 488
0.000005 4
0.000042 492
0.000031 246
0.000037 369
0.000039 369
0.000005 123
0.000050 738
0.000036 369
0.000005 365
0.000019 127
0.000023 123
0.000019 369
0.000018 123
0.000028 246
0.000015 246
0.000021 246
0.000039 369
0.000026 369
0.000035 119
0.000023 127
0.000007 369
0.000032 123
0.000030 246
0.000024 369
0.000039 246
0.000006 246
0.000036 123
0.000028 611
0.000019 4
0.000026 369
0.000021 123
0.000045 123
0.000005 246
0.000060 246
0.000007 365
0.000038 4
0.000057 369
0.000034 369
0.000019 246
0.000034 123
0.000006 246
0.000039 365
0.000041 246
0.000006 4
0.000020 246
0.000037 123
0.000011 246
0.000085 615
0.000056 492
0.000008 246
0.000044 369
0.000044 615
0.000030 365
0.000015 4
0.000035 123
0.000009 246
0.000028 365
0.000017 4
0.000029 365
0.000042 250
0.000015 123
0.000021 246
0.000059 369
0.000009 246
0.000021 246
0.000021 123
0.000024 246
0.000061 246
0.000008 246
0.000032 246
0.000004 242
0.000028 369
0.000023 4
0.000047 492
0.000021 246
0.000016 123
0.000128 1107
0.000052 369
0.000006 246
0.000025 123
0.000075 246
0.000019 615
0.000041 365
0.000008 250
0.000051 369
0.000004 123
0.000024 246
0.000024 123
0.000044 365
0.000004 373
0.000073 734
0.000006 127
0.000075 369
0.000038 492
0.000021 123
0.000005 492
0.000021 123
0.000048 246
0.000047 369
0.000050 369
0.000024 492
0.000055 246
0.000016 246
0.000047 492
0.000028 123
0.000024 246
0.000009 246
0.000021 246
0.000026 246
0.000059 492
0.000038 246
0.000024 369
0.000032 123
0.000015 369
0.000018 246
0.000012 123
0.000024 369
0.000072 492
0.000037 369
0.000005 119
0.000039 127
0.000007 369
0.000018 119
0.000006 4
0.000020 123
0.000019 123
0.000026 246
0.000023 246
0.000005 246
0.000045 123
0.000048 242
0.000043 127
0.000028 369
0.000006 119
0.000037 4
0.000023 369
0.000036 246
0.000033 365
0.000014 123
0.000029 250
0.000034 369
0.000004 123
0.000022 246
0.000047 365
0.000004 250
0.000039 492
0.000006 123
0.000017 242
0.000015 4
0.000022 123
0.000019 123
0.000042 615
0.000008 123
0.000041 123
0.000022 369
0.000012 123
0.000006 123
0.000029 246
0.000036 369
0.000009 119
0.000004 4
0.000027 246
0.000010 119
0.000019 4
0.000029 246
0.000005 246
0.000022 123
0.000038 246
0.000058 734
0.000005 4
0.000038 492
0.000005 123
0.000023 123
0.000017 246
0.000021 242
0.000005 127
0.000055 246
0.000031 246
0.000006 123
0.000043 492
0.000048 242
0.000028 250
0.000031 369
0.000029 123
0.000035 369
0.000050 369
0.000029 246
0.000007 246
0.000025 123
0.000008 123
0.000021 246
0.000014 123
0.000071 615
0.000005 246
0.000034 611
0.000005 4
0.000040 123
0.000017 246
0.000030 246
0.000032 492
0.000034 242
0.000005 4
0.000023 246
0.000047 246
0.000004 123
0.000041 246
0.000020 615
0.000040 35
0.000012 334
0.000039 246
0.000066 369
0.000070 369
0.000043 369
0.000009 365
0.000034 127
0.000026 369
0.000052 123
0.000020 492
0.000054 369
0.000003 123
0.000018 246
0.000053 123
0.000063 738
0.000040 861
0.000004 365
0.000020 127
0.000038 492
0.000050 246
0.000035 615
0.000035 615
0.000100 369
0.000024 369
0.000024 369
0.000007 246
0.000049 488
0.000035 250
0.000007 123
0.000047 246
0.000008 369
0.000049 246
0.000035 369
0.000062 369
0.000007 246
0.000025 123
0.000027 246
0.000067 246
0.000023 980
0.000025 4
0.000053 369
0.000006 369
0.000044 246
0.000022 369
0.000020 123
0.000029 246
0.000025 246
0.000024 246
0.000024 246
0.000038 246
0.000032 492
0.000064 615
0.000028 123
0.000056 615
0.000081 488
0.000007 246
0.000004 127
0.000031 123
0.000038 369
0.000004 123
0.000017 123
0.000076 488
0.000036 127
0.000010 123
0.000058 246
0.000023 492
0.000012 246
0.000019 369
0.000031 123
0.000024 246
0.000004 246
0.000061 492
0.000074 369
0.000035 492
0.000004 123
0.000045 246
0.000015 492
0.000069 246
0.000006 365
0.000016 4
0.000016 246
0.000045 246
0.000094 857
0.000006 4
0.000038 369
0.000051 492
0.000006 246
0.000026 369
0.000038 492
0.000038 369
0.000005 123
0.000057 246
0.000075 246
0.000005 246
0.000027 369
0.000004 119
0.000020 4
0.000021 246
0.000006 123
0.000023 123
0.000015 365
0.000057 127
0.000008 246
0.000011 246
0.000031 123
0.000085 615
0.000006 85
0.000082 530
0.000014 369
0.000030 369
0.000043 246
0.000018 492
0.000041 123
0.000037 615
0.000072 615
0.000010 492
0.000019 123
0.000041 246
0.000007 123
0.000033 242
0.000004 127
0.000027 246
0.000047 369
0.000052 369
0.000087 246
0.000014 123
0.000028 369
0.000040 246
0.000012 246
0.000023 246
0.000028 369
0.000034 123
0.000024 246
0.000007 246
0.000053 369
0.000008 246
0.000053 369
0.000047 615
0.000023 246
0.000051 488
0.000008 4
0.000039 246
0.000045 492
0.000047 611
0.000021 4
0.000022 246
0.000026 246
0.000070 615
0.000015 246
0.000010 242
0.000004 127
0.000069 488
0.000003 4
0.000022 246
0.000005 123
0.000018 242
0.000005 4
0.000056 488
0.000014 127
0.000022 123
0.000034 246
0.000037 369
0.000015 119
0.000013 123
0.000058 373
0.000038 246
0.000031 246
0.000050 492
0.000004 246
0.000042 246
0.000019 369
0.000004 123
0.000047 369
0.000009 123
0.000023 123
0.000024 369
0.000075 615
0.000050 615
0.000042 246
0.000006 492
0.000019 123
0.000043 123
0.000004 246
0.000046 365
0.000041 246
0.000016 127
0.000006 123
0.000051 123
0.000006 369
0.000030 488
0.000063 250
0.000014 119
0.000062 127
0.000055 369
0.000046 369
0.000004 123
0.000023 123
0.000031 369
0.000006 123
0.000062 369
0.000007 246
0.000047 246
0.000043 615
0.000031 123
0.000020 488
0.000030 4
0.000012 246
0.000015 123
0.000022 246
0.000047 611
0.000017 127
0.000079 1230
0.000043 246
0.000055 488
0.000004 4
0.000053 369
0.000037 246
0.000012 123
0.000018 246
0.000021 123
0.000030 246
0.000021 365
0.000056 246
0.000046 127
0.000007 246
0.000029 123
0.000021 246
0.000045 492
0.000032 123
0.000016 246
0.000029 246
0.000024 246
0.000025 246
0.000047 492
0.000005 119
0.000007 4
0.000071 246
0.000021 246
0.000035 492
0.000026 123
0.000013 246
0.000020 246
0.000005 123
0.000059 611
0.000034 127
0.000016 246
0.000026 246
0.000026 246
0.000013 246
0.000033 246
0.000014 246
0.000053 492
0.000020 246
0.000032 369
0.000012 123
0.000050 369
0.000004 246
0.000043 123
0.000028 123
0.000019 246
0.000044 246
0.000013 242
0.000044 250
0.000020 242
0.000020 127
0.000020 246
0.000035 369
0.000033 492
0.000034 123
0.000025 246
0.000013 246
0.000038 246
0.000030 369
0.000025 246
0.000005 246
0.000021 123
0.000018 246
0.000057 369
0.000005 246
0.000039 246
0.000024 246
0.000049 492
0.000046 492
0.000036 369
0.000036 246
0.000005 246
0.000021 246
0.000029 123
0.000004 246
0.000026 246
0.000004 123
0.000058 246
0.000015 246
0.000017 246
0.000067 492
0.000006 246
0.000056 369
0.000056 615
0.000083 492
0.000015 369
0.000026 123
0.000012 246
0.000027 242
0.000014 127
0.000055 734
0.000035 127
0.000022 488
0.000033 127
0.000025 123
0.000016 246
0.000023 246
0.000053 488
0.000024 250
0.000047 369
0.000050 492
0.000077 738
0.000005 369
0.000021 123
0.000013 246
0.000026 492
0.000051 369
0.000004 123
0.000026 123
0.000029 246
0.000023 246
0.000050 246
0.000069 369
0.000020 123
0.000043 365
0.000066 742
0.000059 369
0.000004 123
0.000045 492
0.000069 246
0.000056 861
0.000048 123
0.000056 615
0.000006 246
0.000027 123
0.000059 738
0.000037 488
0.000013 4
0.000022 123
0.000034 488
0.000028 4
0.000059 246
0.000023 123
0.000066 246
0.000062 123
0.000081 123
0.000054 369
0.000065 242
0.000044 4
0.000038 123
0.000042 242
0.000027 4
0.000064 246
0.000065 246
0.000032 123
0.000035 246
0.000065 123
0.000016 123
0.000060 123
0.000031 123
0.000031 123
0.000057 246
0.000013 123
0.000035 123
0.000047 123
0.000004 119
0.000021 4
0.000064 246
0.000085 246
0.000052 123
0.000031 123
0.000028 123
0.000063 246
0.000017 123
0.000073 13
0.000029 356
0.000029 119
0.000022 127
0.000038 242
0.000007 4
0.000083 615
0.000017 119
0.000022 4
0.000049 242
0.000005 4
0.000066 123
0.000033 123
0.000039 123
0.000050 123
0.000031 123
0.000059 246
0.000087 365
0.000031 127
0.000086 246
0.001038 4095
0.000015 4095
0.000035 4095
0.000011 2844
0.000014 123
0.000052 123
0.000029 123
0.000061 365
0.000014 4
0.000074 123
0.000026 123
0.000049 123
0.000031 123
0.000066 123
0.000020 123
0.000036 123
0.000065 123
0.000005 123
0.000029 123
0.000068 246
0.000066 123
0.000063 123
0.000024 123
0.000073 123
0.000053 123
0.000056 123
0.000035 242
0.000035 4
0.000023 246
0.000069 246
0.000058 123
0.000024 246
0.000058 123
0.000022 123
0.000056 123
0.000041 246
0.000025 123
0.000069 123
0.000018 242
0.000028 4
0.000066 123
0.000037 246
0.000024 123
0.000058 242
0.000035 4
0.000062 246
0.000090 123
0.000042 123
0.000030 123
0.000036 123
0.000051 123
0.000021 123
0.000074 369
0.000022 123
0.000052 242
0.000053 123
0.000005 4
0.000039 123
0.000039 123
0.000047 123
0.000029 123
0.000053 123
0.000043 123
0.000012 246
0.000026 123
0.000027 119
0.000031 127
0.000037 246
0.000026 123
0.000067 246
0.000089 246
0.000046 123
0.000056 123
0.000028 123
0.000040 123
0.000046 242
0.000004 4
0.000062 242
0.000012 4
0.000046 123
0.000023 242
0.000052 4
0.000026 123
0.000054 123
0.000015 123
0.000058 123
0.000056 123
0.000004 123
0.000031 119
0.000003 4
0.000064 246
0.000049 123
0.000029 123
0.000044 246
0.000059 123
0.000075 123
0.000071 123
0.000059 123
0.000025 123
0.000060 369
0.000009 119
0.000029 127
0.000033 242
0.000041 127
0.000050 246
0.000052 123
0.000028 246
0.000063 246
0.000019 123
0.000028 242
0.000032 4
0.000034 369
0.000009 123
0.000024 119
0.000014 4
0.000038 123
0.000026 123
0.000026 123
0.000050 123
0.000015 246
0.000056 242
0.000032 4
0.000104 369
0.000023 123
0.000059 246
0.000028 123
0.000074 369
0.000042 246
0.000004 123
0.000067 369
0.000004 246
0.000079 365
0.000015 4
0.000055 246
0.000015 119
0.000032 4
0.000069 369
0.000021 123
0.000048 123
0.000037 246
0.000034 123
0.000061 123
0.000005 246
0.000068 488
0.000033 4
0.000082 369
0.000034 123
0.000067 123
0.000006 123
0.000043 123
0.000045 123
0.000041 123
0.000030 123
0.000046 123
0.000050 123
0.000045 246
0.000030 123
0.000049 123
0.000084 492
0.000009 246
0.000037 123
0.000014 123
0.000048 242
0.000016 4
0.000019 123
0.000039 123
0.000043 123
0.000022 123
0.000044 242
0.000033 4
0.000071 369
0.000075 246
0.000019 119
0.000051 127
0.000038 615
0.000021 123
0.000034 615
0.000014 123
0.000040 369
0.000025 369
0.000031 611
0.000023 127
0.000040 369
0.000004 334
0.000053 650
0.000048 738
0.000019 123
0.000006 246
0.000035 492
0.000009 123
0.000046 492
0.000028 123
0.000033 369
0.000007 369
0.000068 615
0.000035 369
0.000008 369
0.000057 611
0.000034 250
0.000006 369
0.000026 246
0.000029 246
0.000015 369
0.000029 492
0.000030 123
0.000041 246
0.000098 984
0.000005 365
0.000020 4
0.000061 611
0.000019 619
0.000041 492
0.000032 734
0.000027 4
0.000041 369
0.000014 492
0.000024 369
0.000035 246
0.000007 492
0.000047 369
0.000020 369
0.000024 246
0.000022 369
0.000036 246
0.000019 615
0.000048 246
0.000005 369
0.000032 369
0.000038 492
0.000006 246
0.000035 369
0.000006 369
0.000007 123
0.000048 369
0.000016 246
0.000044 492
0.000004 246
0.000058 488
0.000023 250
0.000070 615
0.000007 123
0.000033 369
0.000028 246
0.000027 738
0.000040 492
0.000023 246
0.000032 369
0.000027 679
0.000008 182
0.000076 369
0.000007 615
0.000014 246
0.000027 492
0.000036 246
0.000037 738
0.000037 369
0.000033 492
0.001358 4095
0.000068 8192
0.000106 6282
0.000013 619
0.000040 738
0.000058 615
0.000040 611
0.000028 4
0.000007 369
0.000030 369
0.000033 492
0.000012 123
0.000036 492
0.000016 246
0.000036 246
0.000006 369
0.000026 369
0.000005 242
0.000005 4
0.000020 246
0.000035 488
0.000022 246
0.000029 127
0.000005 246
0.000029 246
0.000015 246
0.000041 369
0.000022 365
0.000006 250
0.000021 369
0.000040 123
0.000005 492
0.000022 246
0.000036 369
0.000014 114
0.000009 378
0.000020 123
0.000048 492
0.000006 369
0.000049 492
0.000075 123
0.000006 738
0.000049 369
0.000020 369
0.000021 492
0.000031 123
0.000004 246
0.000071 369
0.000029 615
0.000031 734
0.000032 4
0.000006 492
0.000028 369
0.000038 492
0.000027 369
0.000032 369
0.000005 246
0.000030 369
0.000006 246
0.000043 611
0.000005 123
0.000005 4
0.000022 123
0.000023 611
0.000038 373
0.000028 369
0.000005 123
0.000017 123
0.000021 246
0.000005 365
0.000033 250
0.000004 246
0.000044 246
0.000006 246
0.000020 365
0.000030 250
0.000017 123
0.000060 984
0.000058 369
0.000038 369
0.000026 246
0.000021 492
0.000051 492
0.000005 123
0.000117 734
0.000025 496
0.000040 738
0.000035 123
0.000040 492
0.000029 615
0.000047 246
0.000032 492
0.000012 615
0.000023 369
0.000081 738
0.000033 369
0.000005 369
0.000030 492
0.000019 123
0.000041 492
0.000020 213
0.000066 525
0.000008 246
0.000029 615
0.000037 246
0.000004 246
0.000020 123
0.000043 861
0.000074 369
0.000025 492
0.000031 369
0.000053 492
0.000005 492
0.000026 246
0.000004 246
0.000025 246
0.000036 492
0.000079 615
0.000038 615
0.000045 123
0.000038 984
0.000004 123
0.000037 246
0.000004 246
0.000035 246
0.000032 492
0.000026 369
0.000026 369
0.000021 492
0.000031 123
0.000021 369
0.000026 492
0.000040 492
0.000056 246
0.000040 984
0.000028 246
0.000026 369
0.000017 246
0.000032 492
0.000035 246
0.000061 492
0.000045 246
0.000006 115
0.000077 746
0.000007 369
0.000027 369
0.000039 246
0.000035 492
0.000040 861
0.000027 369
0.000024 246
0.000039 492
0.000034 369
0.000025 246
0.000004 246
0.000029 492
0.000070 861
0.000053 615
0.000028 369
0.000030 369
0.000039 246
0.000007 369
0.000062 492
0.000033 738
0.000031 369
0.000022 369
0.000033 488
0.000071 4
0.000030 123
0.000076 369
0.000005 246
0.000029 123
0.000007 242
0.000022 127
0.000019 246
0.000022 242
0.000017 4
0.000065 246
0.000006 492
0.000005 123
0.000029 246
0.000020 246
0.000020 123
0.000020 369
0.000035 246
0.000004 123
0.000035 123
0.000004 369
0.000037 246
0.000031 246
0.000005 246
0.000027 246
0.000003 123
0.000055 369
0.000006 242
0.000024 127
0.000043 492
0.000015 246
0.000037 369
0.000036 365
0.000023 127
0.000040 615
0.000029 246
0.000021 123
0.000061 369
0.000011 123
0.000088 123
0.000074 1230
0.000036 369
0.000045 492
0.000004 123
0.000035 369
0.000029 123
0.000036 492
0.000044 246
0.000008 246
0.000034 246
0.000017 246
0.000023 91
0.000005 278
0.000039 246
0.000028 492
0.000036 369
0.000005 123
0.000067 734
0.000035 4
0.000004 123
0.000026 611
0.000030 4
0.000032 246
0.000006 369
0.000030 246
0.000036 369
0.000030 369
0.000043 492
0.000040 246
0.000007 123
0.000033 123
0.000027 246
0.000089 369
0.000006 246
0.000037 246
0.000022 369
0.000024 369
0.000029 242
0.000028 250
0.000023 123
0.000030 246
0.000033 369
0.000030 246
0.000004 123
0.000022 123
0.000021 246
0.000034 492
0.000019 369
0.000024 123
0.000026 492
0.000026 246
0.000025 246
0.000043 369
0.000016 246
0.000045 488
0.000042 127
0.000030 369
0.000005 246
0.000023 123
0.000004 246
0.000028 246
0.000020 246
0.000061 492
0.000023 369
0.000007 246
0.000055 246
0.000025 123
0.000061 365
0.000032 127
0.000005 246
0.000028 246
0.000039 369
0.000038 365
0.000034 250
0.000029 123
0.000007 369
0.000037 369
0.000052 738
0.000065 492
0.000040 492
0.000015 242
0.000019 127
0.000027 246
0.000019 123
0.000020 246
0.000029 492
0.000054 615
0.000004 123
0.000021 242
0.000023 4
0.000032 246
0.000053 492
0.000041 246
0.000017 123
0.000020 246
0.000037 369
0.000028 123
0.000021 190
0.000043 425
0.000071 492
0.000084 492
0.000012 246
0.000048 611
0.000050 246
0.000043 4
0.000004 492
0.000057 611
0.000044 246
0.000015 127
0.000103 492
0.000044 369
0.000023 738
0.000010 123
0.000039 492
0.000025 246
0.000057 369
0.000034 369
0.000006 369
0.000025 246
0.000025 242
0.000025 373
0.000012 246
0.000028 246
0.000036 492
0.000023 246
0.000021 246
0.000027 123
0.000020 246
0.000004 119
0.000024 4
0.000046 492
0.000038 246
0.000022 246
0.000019 492
0.000078 492
0.000026 246
0.000042 369
0.000025 246
0.000005 369
0.000052 492
0.000073 1103
0.000060 373
0.000037 738
0.000015 246
0.000053 492
0.000086 861
0.000006 246
0.000037 615
0.000069 369
0.000020 738
0.000019 369
0.000052 492
0.000070 246
0.000007 857
0.000026 250
0.000051 246
0.000038 246
0.000026 492
0.000046 615
0.000030 119
0.000007 4
0.000104 492
0.000006 246
0.000005 123
0.000026 123
0.000029 246
0.000023 246
0.000035 615
0.000033 246
0.000031 369
0.000037 615
0.000053 492
0.000050 492
0.000030 369
0.000040 615
0.000005 246
0.000032 123
0.000007 123
0.000032 246
0.000030 369
0.000004 246
0.000025 246
0.000078 861
0.000030 246
0.000042 369
0.000041 246
0.000056 492
0.000008 123
0.000075 365
0.000008 619
0.000036 369
0.000030 246
0.000034 492
0.000069 738
0.000015 123
0.000034 246
0.000027 615
0.000009 246
0.000082 369
0.000027 615
0.000005 369
0.000065 369
0.000046 984
0.000040 492
0.000034 123
0.000044 246
0.000024 314
0.000047 547
0.000023 369
0.000041 615
0.000035 492
0.000065 246
0.000097 615
0.000021 492
0.000029 123
0.000036 369
0.000054 615
0.000005 246
0.000023 246
0.000027 246
0.000079 615
0.000044 492
0.000045 738
0.000008 369
0.000069 984
0.000040 369
0.000054 738
0.000080 1230
0.000044 492
0.000033 615
0.000065 492
0.000059 369
0.000007 861
0.000065 984
0.000078 492
0.000008 369
0.000040 611
0.000031 343
0.000095 891
0.000024 861
0.000053 492
0.000037 857
0.000046 496
0.000042 246
0.000029 615
0.000006 119
0.000043 373
0.000031 369
0.000030 861
0.000051 492
0.000039 492
0.000032 492
0.000005 123
0.000053 492
0.000049 615
0.000043 738
0.000058 738
0.000035 123
0.000005 615
0.000093 1230
0.000078 369
0.000007 615
0.000057 492
0.000006 492
0.000073 738
0.000060 984
0.000044 369
0.000085 1353
0.000029 492
0.000051 492
0.000006 246
0.000039 369
0.000070 1230
0.000061 738
0.000056 615
0.000046 492
0.000029 615
0.001593 4351
0.000030 4095
0.000062 4095
0.000018 4095
0.000033 4095
0.000013 1655
0.000037 492
0.000017 246
0.000012 123
0.000032 369
0.000022 246
0.000060 861
0.000039 246
0.000075 980
0.000029 4
0.000025 168
0.000034 939
0.000035 615
0.000063 123
0.000039 369
0.000046 369
0.000066 984
0.000021 369
0.000034 369
0.000043 369
0.000006 123
0.000043 123
0.000019 492
0.000035 615
0.000064 492
0.000004 123
0.000045 369
0.000021 246
0.000026 369
0.000027 246
0.000007 246
0.000052 492
0.000016 246
0.000008 365
0.000021 4
0.000049 615
0.000005 123
0.000054 369
0.000028 488
0.000017 127
0.000049 246
0.000020 369
0.000017 365
0.000005 4
0.000048 246
0.000019 246
0.000029 246
0.000026 246
0.000040 738
0.000069 492
0.000013 246
0.000027 246
0.000006 123
0.000040 246
0.000027 369
0.000027 369
0.000014 246
0.000043 492
0.000045 246
0.000014 246
0.000007 123
0.000051 369
0.000033 246
0.000032 246
0.000052 738
0.000040 488
0.000053 496
0.000044 615
0.000040 246
0.000013 246
0.000059 369
0.000006 246
0.000027 365
0.000038 250
0.000055 246
0.000060 123
0.000007 369
0.000036 492
0.000063 492
0.000017 365
0.000005 123
0.000018 4
0.000026 246
0.000026 246
0.000013 246
0.000056 615
0.000013 119
0.000017 127
0.000038 369
0.000056 738
0.000031 246
0.000055 615
0.000043 492
0.000005 123
0.000032 242
0.000006 4
0.000073 488
0.000006 496
0.000042 492
0.000060 615
0.000049 615
0.000029 369
0.000028 369
0.000022 123
0.000059 492
0.000145 1107
0.000115 984
0.000022 984
0.000056 615
0.000157 1226
0.000008 619
0.000149 1845
0.000005 123
0.000032 492
0.000143 1107
0.000057 1476
0.000138 861
0.000037 1349
0.000043 4
0.000148 492
0.000085 123
0.000009 1230
0.000036 611
0.000029 127
0.000026 369
0.000020 492
0.000027 123
0.000042 738
0.000008 246
0.000057 492
0.000073 738
0.000040 492
0.000104 738
0.000008 984
0.000082 492
0.000005 492
0.000110 1353
0.000088 369
0.000010 861
0.000122 615
0.000043 492
0.000006 615
0.000033 123
0.000038 738
0.000030 615
0.000032 492
0.000030 123
0.000025 492
0.000044 615
0.000006 242
0.000024 4
0.000035 492
0.000007 123
0.000055 738
0.000051 615
0.000031 369
0.000027 246
0.000029 492
0.000025 391
0.000055 347
0.000011 369
0.000020 369
0.000005 246
0.000031 123
0.000028 369
0.000019 242
0.000005 250
0.000004 123
0.000023 246
0.000068 369
0.000005 119
0.000033 250
0.000016 369
0.000005 365
0.000020 127
0.000065 492
0.000005 492
0.000022 123
0.000038 615
0.000033 369
0.000053 861
0.000030 246
0.000078 615
0.000037 369
0.000051 615
0.000030 369
0.000055 861
0.000005 123
0.000038 369
0.000005 246
0.000005 242
0.000050 373
0.000030 369
0.000006 246
0.000023 246
0.000012 246
0.000024 246
0.000055 246
0.000029 861
0.000012 246
0.000049 492
0.000035 611
0.000045 127
0.000030 246
0.000005 492
0.000025 123
0.000015 246
0.000029 246
0.000045 738
0.000007 123
0.000033 369
0.000007 123
0.000014 123
0.000036 246
0.000005 365
0.000020 250
0.000051 246
0.000021 615
0.000025 488
0.000038 4
0.000034 246
0.000031 861
0.000029 492
0.000033 492
0.000022 123
0.000032 611
0.000005 123
0.000017 4
0.000044 492
0.000104 984
0.000055 615
0.000008 365
0.000029 615
0.000043 127
0.000059 492
0.000021 369
0.000045 738
0.000030 246
0.000038 615
0.000016 365
0.000015 127
0.000028 488
0.000017 123
0.000022 496
0.000045 492
0.000020 369
0.000027 246
0.000010 123
0.000073 615
0.000032 72
0.000040 666
0.000019 492
0.000036 492
0.000047 984
0.000016 123
0.000045 492
0.000006 242
0.000024 373
0.000060 738
0.000006 123
0.000030 369
0.000024 246
0.000032 615
0.000027 246
0.000056 734
0.000029 123
0.000022 250
0.000013 369
0.000101 615
0.000074 492
0.000035 369
0.000049 369
0.000007 246
0.000039 369
0.000012 246
0.000053 369
0.000005 246
0.000006 123
0.000016 123
0.000045 369
0.000026 369
0.000006 123
0.000051 492
0.000006 123
0.000046 369
0.000027 246
0.000031 369
0.000065 615
0.000036 246
0.000005 246
0.000046 246
0.000012 246
0.000051 492
0.000005 246
0.000035 246
0.000033 246
0.000044 611
0.000006 127
0.000006 119
0.000015 127
0.000109 615
0.000007 246
0.000060 492
0.000029 123
0.000006 369
0.000055 615
0.000007 123
0.000006 246
0.000027 123
0.000031 369
0.000005 246
0.000006 246
0.000005 119
0.000014 123
0.000017 4
0.000033 242
0.000009 127
0.000011 492
0.000022 123
0.000018 246
0.000016 369
0.000004 123
0.000020 123
0.000022 246
0.000056 909
0.000006 75
0.000006 123
0.000044 246
0.000005 246
0.000022 369
0.000026 365
0.000030 373
0.000014 123
0.000035 615
0.000034 492
0.000032 369
0.000005 123
0.000067 861
0.000032 123
0.000007 365
0.000032 127
0.000034 369
0.000056 615
0.000126 1107
0.000025 246
0.000023 492
0.000007 123
0.000126 245
0.000091 1969
0.000021 492
0.000032 246
0.000038 246
0.000035 615
0.000005 246
0.000065 615
0.000008 488
0.000020 250
0.000035 369
0.000012 246
0.000041 615
0.000042 734
0.000017 4
0.000051 246
0.000020 369
0.000024 738
0.000041 123
0.000031 246
0.000007 492
0.000057 492
0.000081 615
0.000037 615
0.000007 369
0.000035 492
0.000050 615
0.000071 246
0.000008 861
0.000049 246
0.000014 369
0.000039 369
0.000004 246
0.000015 123
0.000064 857
0.000028 250
0.000020 270
0.000032 591
0.000004 123
0.000057 738
0.000016 246
0.000022 123
0.000013 246
0.000025 611
0.000056 373
0.000044 123
0.000006 615
0.000093 861
0.000005 365
0.000015 123
0.000046 742
0.000035 365
0.000063 619
0.000024 246
0.000020 246
0.000025 734
0.000017 4
0.000034 492
0.000043 369
0.000009 369
0.000032 369
0.000024 369
0.000034 615
0.000035 123
0.000050 492
0.000010 492
0.000021 365
0.000021 369
0.000028 250
0.000014 246
0.000058 615
0.000016 369
0.000026 246
0.000030 369
0.000005 369
0.000050 615
0.000007 246
0.000042 369
0.000046 369
0.000048 492
0.000005 492
0.000034 369
0.000029 369
0.000041 246
0.000028 369
0.000007 246
0.000018 123
0.000063 369
0.000030 615
0.000023 369
0.000085 492
0.000048 861
0.000006 492
0.000038 123
0.001409 4095
0.000016 4095
0.000015 4095
0.000100 4095
0.000062 3669
0.000036 615
0.000028 615
0.000043 246
0.000028 365
0.000005 4
0.000060 615
0.000082 615
0.000007 246
0.000024 246
0.000025 246
0.000049 492
0.000041 492
0.000087 738
0.000006 123
0.000041 246
0.000025 246
0.000022 242
0.000003 4
0.000017 99
0.000052 393
0.000027 369
0.000023 123
0.000026 246
0.000068 615
0.000031 369
0.000031 492
0.000007 369
0.000036 246
0.000042 492
0.000006 246
0.000069 492
0.000017 246
0.000063 492
0.000041 369
0.000033 492
0.000022 242
0.000025 250
0.000032 246
0.000037 369
0.000017 246
0.000019 246
0.000034 246
0.000005 296
0.000019 196
0.000036 492
0.000022 123
0.000016 492
0.000030 246
0.000070 369
0.000041 492
0.000007 369
0.000069 492
0.000022 123
0.000027 738
0.000015 123
0.000038 246
0.000057 615
0.000051 615
0.000059 615
0.000020 246
0.000059 615
0.000062 488
0.000042 250
0.000042 246
0.000005 123
0.000053 246
0.000009 615
0.000040 369
0.000027 369
0.000039 246
0.000038 365
0.000022 127
0.000023 369
0.000019 123
0.000017 123
0.000031 488
0.000017 4
0.000024 246
0.000031 123
0.000032 369
0.000038 123
0.000018 123
0.000029 123
0.000072 738
0.000036 492
0.000043 861
0.000031 246
0.000046 615
0.000027 123
0.000032 492
0.000019 246
0.000096 615
0.000024 246
0.000049 615
0.000032 246
0.000040 369
0.000042 492
0.000030 246
0.000032 365
0.000025 373
0.000045 369
0.000035 246
0.000025 123
0.000043 492
0.000026 246
0.000033 123
0.000032 369
0.000116 123
0.000097 123
2.546400 123
0.254406 123
0.000051 123
0.000302 123
0.000096 123
0.010222 123
0.000070 123
0.002875 123
0.000076 123
0.005239 123
0.000064 123
0.000188 123
0.000085 123
0.000236 123
0.000062 123
0.002535 123
0.000112 123
0.000268 123
0.000068 123
0.000316 123
0.000030 123
0.000303 293
1.563074 50
0.008687 50
0.004771 50
0.026317 100
0.002061 100
0.003186 100
0.001139 100
0.000094 100
0.000286 100
0.296615 102
0.015865 102
0.042830 102
0.006761 102
0.000238 102
0.001036 102
0.007110 102
0.000922 102
0.003076 102
0.000858 102
0.004803 102
0.000619 102
0.000135 102
0.000489 102
0.000096 102
0.000479 102
0.001272 102
0.000625 102
0.001087 102
0.000688 102
0.000824 102
0.000348 102
0.000100 102
0.013753 102
0.024390 51
0.053181 132
0.000570 66
0.028462 134
0.113499 130
0.000666 63
0.000983 63
0.024119 124
0.004513 806
0.000007 8
0.000012 115
0.000080 488
0.000039 576
0.000023 657
0.000028 106
0.000038 614
0.000087 610
0.000006 306
0.000024 455
0.000031 195
0.000007 9
0.000027 144
0.000005 153
0.000015 9
0.000058 306
0.000008 565
0.000023 306
0.000044 308
0.000005 37
0.000054 314
0.000072 451
0.000062 575
0.000006 189
0.000040 464
0.000017 110
0.000107 1067
0.000021 195
0.000018 306
0.000041 270
0.000036 500
0.000008 119
0.000038 331
0.000042 463
0.000005 154
0.000033 276
0.000025 293
0.000024 195
0.000016 115
0.000034 497
0.000005 9
0.000005 106
0.000015 191
0.000023 162
0.000030 259
0.000036 162
0.000032 459
0.000050 297
0.000032 659
0.000024 108
0.000081 612
0.000007 7
0.000039 182
0.000017 115
0.000054 621
0.000035 336
0.000023 314
0.000025 108
0.000035 351
0.000026 450
0.000005 115
0.000016 155
0.000029 198
0.000019 153
0.000032 261
0.000049 457
0.000005 9
0.000038 452
0.000019 457
0.000061 761
0.000025 51
0.000025 306
0.000027 298
0.000006 157
0.000005 110
0.000005 39
0.000018 8
0.000024 421
0.000006 30
0.000033 306
0.000030 314
0.000019 298
0.000031 269
0.000029 190
0.000027 157
0.000016 265
0.000018 190
0.000021 416
0.000020 6
0.000020 194
0.000019 259
0.000019 196
0.000012 152
0.000034 430
0.000077 153
0.000032 650
0.000041 144
0.000025 421
0.000007 461
0.000030 300
0.000023 306
0.000024 43
0.000006 310
0.000023 265
0.000026 198
0.000021 153
0.000006 268
0.000005 146
0.000014 41
0.000005 148
0.000014 115
0.000024 155
0.000031 300
0.000018 348
0.000028 311
0.000005 263
0.000034 344
0.000007 264
0.000013 13
0.000019 140
0.000021 310
0.000018 306
0.000005 196
0.000017 157
0.000013 115
0.000021 340
0.000020 112
0.000019 351
0.000013 153
0.000004 108
0.000020 41
0.000013 306
0.000018 240
0.000012 185
0.000042 459
0.000005 146
0.000022 342
0.000019 9
0.000027 414
0.000019 41
0.000005 272
0.000020 146
0.000014 190
0.000021 110
0.000014 153
0.000004 42
0.000024 115
0.000029 149
0.000013 312
0.000006 41
0.000004 110
0.000023 196
0.000016 157
0.000004 106
0.000014 39
0.000027 116
0.000021 495
0.000037 115
0.000005 461
0.000041 347
0.000029 416
0.000031 39
0.000021 611
0.000010 124
0.000032 38
0.000018 412
0.000005 196
0.000017 119
0.000021 459
0.000013 34
0.000026 301
0.000005 111
0.000025 204
0.000021 144
0.000043 727
0.000006 47
0.000006 145
0.000004 153
0.000022 8
0.000020 261
0.000015 495
0.000012 111
0.000019 43
0.000013 310
0.000013 149
0.000026 114
0.000020 308
0.000005 189
0.000014 162
0.000022 261
0.000003 41
0.000022 259
0.000024 196
0.000026 305
0.000004 117
0.000018 37
0.000005 161
0.004774 412
0.000099 4095
0.000025 4095
0.000031 8192
0.001771 4095
0.000021 4095
0.000041 4095
0.000019 4095
0.000041 8192
0.000009 2903
0.000018 4095
0.002052 4095
0.000022 4095
0.000028 4095
0.000040 4095
0.000018 4095
0.001584 4095
0.000040 4095
0.000016 4095
0.004706 4095
0.000034 4095
0.000016 4095
0.000016 4095
0.000032 4109
0.000015 4095
0.000064 4095
0.000019 2050
0.000045 4095
0.000022 3804
0.000020 498
0.000035 314
0.000039 408
0.000030 204
0.000042 408
0.000027 200
0.000025 153
0.000043 454
0.000012 124
0.000004 38
0.000018 145
0.000036 463
0.000094 1037
0.000006 30
0.000048 8
0.000005 450
0.000066 117
0.000022 306
0.000031 500
0.000026 157
0.000060 608
0.000045 119
0.000008 612
0.000031 183
0.000042 463
0.000029 148
0.000004 268
0.000021 308
0.000005 147
0.000004 43
0.000024 161
0.000016 108
0.000083 459
0.000062 1065
0.000037 159
0.000005 459
0.000004 151
0.000017 39
0.000006 123
0.000039 446
0.000006 13
0.000028 293
0.000019 51
0.000030 421
0.000006 34
0.000052 578
0.000032 140
0.000007 357
0.000022 153
0.000007 149
0.000042 459
0.000037 454
0.000007 5
0.000032 265
0.000005 342
0.000090 774
0.000028 408
0.000029 42
0.000038 423
0.000018 342
0.000005 117
0.000028 190
0.000018 114
0.000005 47
0.000029 108
0.000027 657
0.000024 108
0.000008 190
0.000018 161
0.000026 108
0.000039 457
0.000033 308
0.000047 504
0.000036 459
0.000031 451
0.000018 110
0.000014 42
0.000038 162
0.000060 880
0.000043 450
0.000018 153
0.000033 506
0.000036 102
0.000021 159
0.000023 198
0.000022 144
0.000012 307
0.000025 153
0.000006 114
0.000006 9
0.000005 144
0.000026 153
0.000082 353
0.000007 115
0.000032 612
0.000025 38
0.000020 297
0.000042 430
0.000007 183
0.000031 263
0.000089 1113
0.000006 154
0.000005 152
0.000014 153
0.000043 421
0.000007 38
0.000013 111
0.000019 195
0.000026 117
0.000021 610
0.000017 9
0.000017 344
0.000011 115
0.000015 299
0.000006 41
0.000025 259
0.000047 616
0.000036 502
0.000028 263
0.000025 302
0.000005 43
0.000015 114
0.000008 149
0.000046 312
0.000032 313
0.000031 646
0.000006 119
0.000031 297
0.000027 192
0.000034 459
0.000024 161
0.000030 255
0.000039 353
0.000007 157
0.000004 115
0.000021 38
0.000036 604
0.000027 458
0.000018 9
0.000006 145
0.000023 263
0.000035 510
0.000014 115
0.000023 38
0.000010 302
0.000014 148
0.000019 9
0.000023 459
0.000004 108
0.000017 153
0.000012 41
0.000042 565
0.000013 43
0.000012 157
0.000004 112
0.000024 151
0.000009 196
0.000005 106
0.000016 42
0.000004 124
0.000018 293
0.000021 195
0.000030 277
0.000019 450
0.000024 47
0.000019 298
0.000005 123
0.000042 299
0.000029 648
0.000031 306
0.000037 306
0.000007 9
0.000014 259
0.000014 43
0.000087 761
0.000006 157
0.000007 112
0.000059 459
0.000005 118
0.000027 225
0.000012 114
0.000006 191
0.000006 5
0.000083 412
0.000031 43
0.000028 735
0.000005 29
0.000029 423
0.000007 36
0.000025 158
0.000030 425
0.000036 335
0.000050 270
0.000007 457
0.000017 302
0.000025 42
0.000052 774
0.000006 144
0.000032 459
0.000011 270
0.000031 313
0.000029 38
0.000015 297
0.000029 460
0.000018 152
0.000014 307
0.000017 161
0.000031 108
0.000023 459
0.000014 198
0.000007 115
0.000009 144
0.000005 9
0.000050 140
0.000049 510
0.000005 451
0.000021 8
0.000035 459
0.000023 612
0.000004 102
0.000020 196
0.000035 114
0.000005 353
0.000031 297
0.000052 1
0.000028 569
0.000004 42
0.000038 307
0.000007 110
0.000036 353
0.000006 119
0.000074 952
0.000031 112
0.000037 802
0.000016 8
0.000099 1330
0.000049 468
0.000004 182
0.000052 464
0.000048 612
0.001456 259
0.001321 4095
0.000018 4095
0.000081 4095
0.000016 4095
0.000017 4095
0.000005 74
0.000006 259
0.000041 459
0.000037 463
0.000801 8192
0.000028 3891
0.005359 4095
0.000042 4095
0.000019 4095
0.000046 8192
0.000015 4095
0.000171 4095
0.000023 4095
0.000039 8192
0.000021 4095
0.000014 2381
0.000892 312
0.000019 306
0.000005 41
0.000011 110
0.000004 2
0.000004 45
0.000029 255
0.000156 1383
0.000047 504
0.000007 298
0.000006 152
0.000004 9
0.000080 408
0.000006 312
0.000030 495
0.000076 430
0.000053 293
0.000008 200
0.000045 418
0.000005 36
0.000034 264
0.000008 47
0.000005 112
0.000016 7
0.000026 293
0.000024 166
0.000065 335
0.000006 306
0.000063 459
0.000005 124
0.000005 182
0.000100 111
0.000063 663
0.000028 412
0.000008 43
0.000050 119
0.000018 493
0.000004 149
0.000025 310
0.000008 112
0.000005 37
0.000087 728
0.000017 466
0.000014 144
0.000022 47
0.000036 565
0.000024 47
0.000019 451
0.000023 305
0.000006 117
0.000005 147
0.000030 42
0.000009 270
0.000019 304
0.000044 306
0.000020 192
0.000024 429
0.000007 38
0.000017 106
0.000005 302
0.000009 47
0.000024 263
0.000016 9
0.000016 182
0.000019 306
0.000015 115
0.000015 9
0.000027 446
0.000036 353
0.000035 119
0.000015 497
0.000012 108
0.000004 36
0.000015 9
0.000012 255
0.000032 310
0.000074 191
0.000062 264
0.000016 200
0.000027 301
0.000006 421
0.000035 455
0.000004 13
0.000017 187
0.000027 265
0.000027 300
0.000035 319
0.000019 183
0.000029 314
0.000015 115
0.000021 191
0.000023 259
0.000005 294
0.000022 161
0.000014 153
0.000008 47
0.000024 153
0.000021 263
0.000019 459
0.000017 9
0.000006 140
0.000034 166
0.000025 336
0.000022 420
0.000037 196
0.000005 263
0.000028 191
0.000016 268
0.000014 155
0.000004 41
0.000014 259
0.000006 6
0.000006 7
0.000042 335
0.000039 460
0.000005 114
0.000006 39
0.000016 269
0.000013 41
0.000035 112
0.000005 459
0.000014 41
0.000082 463
0.000004 108
0.000068 306
0.000037 610
0.000008 38
0.000022 270
0.000034 198
0.000007 255
0.000021 47
0.000075 565
0.000004 47
0.000043 416
0.000008 43
0.000027 157
0.000031 412
0.000018 162
0.000023 293
0.000041 312
0.000038 504
0.000007 144
0.000003 5
0.000023 263
0.000021 149
0.000005 153
0.000044 43
0.000004 263
0.000056 765
0.000090 771
0.000006 190
0.000013 116
0.000004 36
0.000018 5
0.000026 459
0.000030 110
0.000005 191
0.000029 468
0.000040 565
0.000026 39
0.000015 575
0.000064 305
0.000005 154
0.000026 7
0.001276 4095
0.000017 4095
0.000116 1296
0.002341 8192
0.000026 4095
0.000065 4095
0.000015 3087
0.000072 757
0.000020 276
0.000087 336
0.001395 4095
0.000021 4095
0.000016 4095
0.000009 2258
0.000005 108
0.000019 153
0.000013 41
0.000021 110
0.000082 461
0.000007 36
0.000040 268
0.000033 191
0.000010 9
0.000026 106
0.000006 38
0.000014 117
0.000020 45
0.000008 145
0.000006 4
0.000027 157
0.000006 106
0.000023 155
0.000010 37
0.000020 110
0.000007 6
0.000050 153
0.000013 41
0.000008 112
0.000005 7
0.000014 140
0.000076 200
0.000028 265
0.000019 151
0.000005 38
0.000006 9
0.000024 144
0.000036 162
0.000049 412
0.000010 9
0.000006 140
0.000019 6
0.000099 351
0.005655 574
0.000067 4095
0.000024 4095
0.000019 4095
0.000052 8192
0.000066 4095
0.000026 4095
0.000017 4095
0.000093 8192
0.000014 2491
0.000066 806
0.000031 310
0.000028 604
0.000016 306
0.000023 305
0.000111 723
0.000006 349
0.000062 881
0.000059 41
0.000005 189
0.000031 535
0.000034 649
0.000024 123
0.000050 641
0.000005 9
0.000009 108
0.000069 457
0.000006 191
0.000016 115
0.000023 306
0.000017 162
0.000005 38
0.000018 153
0.000036 145
0.000072 881
0.000018 300
0.000045 816
0.000051 565
0.000016 149
0.000040 4
0.000012 47
0.000017 261
0.000075 612
0.000005 160
0.000015 299
0.000011 41
0.000024 119
0.000015 340
0.000010 110
0.000020 47
0.000039 603
0.000005 5
0.000019 157
0.000017 306
0.000005 108
0.000016 151
0.000022 349
0.000029 301
0.000044 153
0.000026 124
0.000015 140
0.000040 472
0.000019 30
0.000051 305
0.000037 153
0.000008 162
0.000005 149
0.000042 110
0.000005 47
0.000017 115
0.000021 187
0.000041 149
0.000008 575
0.000006 41
0.000017 4
0.000022 451
0.000006 114
0.000037 455
0.000007 13
0.000022 299
0.000006 36
0.000005 9
0.000007 106
0.000014 43
0.000006 110
0.000021 43
0.000013 301
0.000004 9
0.000005 149
0.000005 119
0.000005 30
0.000005 8
0.000006 106
0.000005 39
0.000005 110
0.000006 13
0.000026 38
0.000031 306
0.000006 198
0.000012 367
0.000011 47
0.000027 259
0.000016 162
0.000007 153
0.000018 297
0.000032 302
0.000008 51
0.000004 115
0.000018 38
0.000025 108
0.000018 457
0.000038 153
0.000006 461
0.000016 160
0.000013 38
0.000012 306
0.000017 108
0.000020 37
0.000020 420
0.000012 196
0.000016 148
0.000027 115
0.000008 302
0.000006 43
0.000017 263
0.000007 43
0.000008 116
0.000011 37
0.000039 276
0.000022 297
0.000007 9
0.000023 191
0.000005 144
0.000052 268
0.000022 200
0.000022 259
0.000015 153
0.000022 38
0.000007 158
0.000005 119
0.000040 187
0.000021 310
0.000010 414
0.000021 36
0.000037 264
0.000006 472
0.000015 146
0.000014 153
0.000004 151
0.000015 9
0.000022 187
0.000005 259
0.000033 47
0.000004 157
0.000035 612
0.000038 115
0.000031 603
0.000038 345
0.000037 620
0.000062 115
0.000007 642
0.000021 123
0.000021 297
0.000015 192
0.000029 114
0.000009 38
0.000017 307
0.000130 726
0.000148 1071
0.000067 614
0.000007 198
0.000136 1326
0.000045 465
0.000061 772
0.000022 146
0.000040 648
0.000016 115
0.000017 192
0.000034 429
0.000005 146
0.000015 36
0.000017 115
0.000023 196
0.000031 272
0.000030 306
0.000007 344
0.000045 412
0.000005 191
0.000048 583
0.000028 183
0.000043 157
0.000007 604
0.000028 165
0.000016 145
0.000008 267
0.000034 345
0.000018 267
0.000034 344
0.000015 268
0.000017 153
0.000030 9
0.000031 299
0.002340 189
0.000040 111
0.000006 4
0.000029 2
0.000030 189
0.000038 417
0.000006 4
0.000036 162
0.000006 30
0.000023 157
0.000025 106
0.000022 157
0.000007 191
0.000040 124
0.000050 756
0.000006 162
0.000037 297
0.000032 459
0.000023 9
0.000021 488
0.000026 117
0.000005 45
0.000022 268
0.000029 38
0.000005 306
0.000021 115
0.000004 299
0.002852 4095
0.000025 4095
0.000021 4095
0.004977 8192
0.000032 4095
0.000018 4095
0.000040 8192
0.000016 4095
0.000041 8192
0.000037 8192
0.000044 7069
0.001042 4095
0.000020 4095
0.000013 3328
0.000061 314
0.000063 914
0.000012 119
0.000036 452
0.000049 619
0.000022 34
0.000029 272
0.000046 489
0.000007 569
0.000021 42
0.000023 459
0.000033 153
0.000019 270
0.000019 306
0.000041 313
0.000006 146
0.000057 918
0.000006 45
0.000006 145
0.000005 123
0.000008 21
0.000007 125
0.000005 7
0.000006 146
0.000079 610
0.000028 47
0.000066 757
0.000005 153
0.000022 422
0.000026 151
0.000049 349
0.000086 265
0.000045 606
0.000025 196
0.000030 305
0.000031 154
0.000035 314
0.000008 297
0.000005 115
0.000031 39
0.000025 310
0.000026 416
0.000032 308
0.000006 45
0.000046 603
0.000006 124
0.000026 340
0.000029 301
0.000056 459
0.000021 228
0.000031 79
0.000055 722
0.000007 310
0.000015 43
0.000015 265
0.000032 306
0.000005 37
0.000017 114
0.000024 47
0.000015 297
0.000006 154
0.000004 8
0.000038 108
0.000015 459
0.000012 194
0.000032 110
0.000007 315
0.000007 34
0.000021 149
0.000017 116
0.000081 190
0.000101 764
0.000007 268
0.000033 502
0.000014 110
0.000027 39
0.000036 575
0.000027 351
0.000038 412
0.000045 315
0.000005 34
0.000006 148
0.000028 270
0.000026 160
0.000039 493
0.000033 112
0.000009 457
0.000023 308
0.000032 194
0.000017 306
0.000005 153
0.000006 149
0.000006 110
0.000004 13
0.000005 38
0.000024 108
0.000041 495
0.000030 111
0.000006 357
0.000006 255
0.000031 459
0.000025 6
0.000036 466
0.000010 38
0.000012 261
0.000011 37
0.000006 110
0.000024 157
0.000031 200
0.000029 144
0.000015 162
0.000038 153
0.000007 565
0.000007 191
0.000005 9
0.000007 115
0.000009 30
0.000005 110
0.000034 13
0.000083 605
0.000005 160
0.002028 4095
0.000019 4095
0.000015 4095
0.000015 4095
0.000026 896
0.000059 465
0.000064 36
0.000005 270
0.000084 300
0.000029 6
0.000023 7
0.000063 144
0.000032 2
0.000033 153
0.000061 151
0.000041 9
0.000053 30
0.000028 116
0.000007 153
0.000090 304
0.000026 38
0.000056 124
0.000033 30
0.000035 8
0.000007 106
0.000021 2
0.000102 306
0.000069 306
0.000064 151
0.000021 9
0.000077 336
0.000117 881
0.000107 1836
0.000005 36
0.000007 9
0.000005 145
0.000052 306
0.003583 4095
0.000022 4095
0.002053 8192
0.000025 4095
0.000016 4095
0.000053 8192
0.000113 8192
0.000016 4095
0.000058 8192
0.000007 570
0.000076 159
0.000008 342
0.000005 162
0.000066 414
0.000018 189
0.000019 459
0.000046 307
0.000023 422
0.000035 194
0.000004 310
0.000005 115
0.000036 153
0.000025 191
0.000089 727
0.000006 38
0.000008 108
0.000004 151
0.000040 308
0.000022 313
0.000039 38
0.000020 574
0.000035 336
0.000033 429
0.000021 183
0.000022 305
0.000020 264
0.000025 204
0.000016 144
0.000012 124
0.000019 146
0.000042 619
0.000050 191
0.000053 873
0.000005 189
0.000051 727
0.000005 9
0.000021 297
0.000031 455
0.000021 47
0.000005 148
0.000048 464
0.000020 272
0.000013 144
0.000020 43
0.000035 607
0.000005 5
0.000025 306
0.000029 149
0.000022 463
0.000023 112
0.000005 151
0.000019 153
0.000020 200
0.000021 108
0.000040 347
0.000005 112
0.000021 306
0.000024 45
0.000006 297
0.000006 162
0.000045 414
0.000005 41
0.000022 119
0.000024 183
0.000030 269
0.000005 313
0.000036 299
0.000006 153
0.000024 198
0.000033 149
0.000008 310
0.000033 459
0.000006 108
0.000005 7
0.000030 340
0.000052 425
0.000034 459
0.000011 146
0.000042 457
0.000015 47
0.000086 880
0.000009 336
0.000028 8
0.000027 259
0.000036 614
0.000038 496
0.000033 276
0.000036 752
0.000005 42
0.000005 1
0.000060 310
0.000028 463
0.000024 153
0.000049 421
0.000043 641
0.000005 5
0.000025 106
0.000058 353
0.000032 616
0.000075 259
0.000087 1664
0.000057 670
0.000007 306
0.000006 153
0.000033 420
0.000005 9
0.000010 34
0.000023 110
0.000010 191
0.000006 1
0.000006 114
0.000008 155
0.000013 151
0.000032 39
0.000011 269
0.000010 198
0.000018 108
0.000005 153
0.000015 306
0.000004 45
0.000023 108
0.000017 351
0.000054 412
0.000011 155
0.000020 45
0.000015 414
0.000006 153
0.000018 151
0.000028 349
0.000012 153
0.000011 112
0.000044 496
0.000008 4
0.000008 302
0.000028 152
0.000004 117
0.000029 153
0.000040 160
0.000005 297
0.000042 349
0.000017 272
0.000012 187
0.000028 265
0.000005 153
0.000029 343
0.000043 416
0.000020 349
0.000020 152
0.000025 459
0.000047 576
0.000037 347
0.000048 877
0.000017 147
0.000025 196
0.000006 152
0.000006 111
0.000012 51
0.000005 144
0.000006 5
0.000006 112
0.000036 313
0.000022 38
0.000038 459
0.000040 612
0.000028 408
0.000029 349
0.000030 263
0.000006 166
0.000005 153
0.000005 38
0.000038 561
0.000006 13
0.000006 34
0.000033 302
0.000005 116
0.000026 45
0.000020 604
0.000035 429
0.000005 38
0.000080 408
0.000006 159
0.000051 304
0.000044 196
0.000007 265
0.000018 351
0.000005 106
0.000007 38
0.000005 115
0.000016 39
0.000024 152
0.000873 1
0.000094 4095
0.000017 4095
0.000014 4095
0.000012 2670
0.000004 43
0.000054 463
0.000031 259
0.000033 651
0.000037 422
0.000011 153
0.000005 153
0.000012 41
0.000019 263
0.000026 191
0.000022 468
0.000022 115
0.000013 293
0.000013 43
0.000021 153
0.000033 569
0.000032 348
0.000006 5
0.000004 110
0.000019 9
0.000019 153
0.000005 297
0.000013 9
0.000004 38
0.000020 115
0.000021 191
0.000008 196
0.000004 263
0.000033 108
0.000005 160
0.000027 446
0.000020 43
0.000041 616
0.000022 112
0.000016 351
0.000016 261
0.000030 160
0.000015 182
0.000006 9
0.000013 144
0.000006 124
0.000010 30
0.000014 157
0.000028 157
0.000046 298
0.000025 269
0.000006 147
0.000017 310
0.000005 2
0.000021 198
0.000005 144
0.000014 9
0.000010 144
0.000031 270
0.000004 189
0.000009 158
0.000018 148
0.000005 264
0.000014 166
0.000008 38
0.000015 144
0.000017 9
0.000012 149
0.000013 306
0.000005 112
0.000004 41
0.000031 302
0.000037 123
0.000008 297
0.000028 468
0.000049 446
0.000034 43
0.000007 420
0.000004 155
0.000016 147
0.000048 353
0.000021 272
0.000016 299
0.000013 347
0.000019 157
0.000039 297
0.000077 774
0.000005 144
0.000006 154
0.000053 459
0.000015 161
0.000018 108
0.000019 453
0.000006 13
0.000023 297
0.000016 162
0.000004 140
0.000015 51
0.000022 108
0.000020 343
0.000004 8
0.000006 108
0.000011 36
0.000033 153
0.000004 9
0.000049 414
0.000032 147
0.000027 465
0.000005 41
0.000015 148
0.000025 111
0.000021 319
0.000023 94
0.000078 705
0.000012 463
0.000027 259
0.000029 315
0.000026 446
0.000026 196
0.000006 114
0.000004 2
0.000020 194
0.000028 110
0.000031 498
0.000005 152
0.000022 277
0.000040 187
0.000043 578
0.000006 191
0.000016 153
0.000006 153
0.000005 145
0.000045 416
0.000030 4
0.000017 502
0.000039 302
0.000026 573
0.000021 196
0.000033 454
0.000011 5
0.000029 463
0.000008 106
0.000025 153
0.000053 608
0.000005 153
0.000040 166
0.002865 493
0.000050 263
0.000439 3099
0.003549 4095
0.002158 8192
0.000038 4095
0.000030 8192
0.000070 4095
0.000019 4095
0.000058 4095
0.000017 4095
0.000016 3875
0.000033 1041
0.000041 293
0.000030 769
0.000030 315
0.000027 191
0.000044 918
0.000059 871
0.000024 153
0.000024 344
0.000047 723
0.000012 166
0.000037 450
0.000031 459
0.000014 344
0.000031 727
0.000031 149
0.000050 348
0.000011 583
0.000026 293
0.000019 319
0.000037 34
0.000005 265
0.000034 190
0.000053 620
0.000007 149
0.000036 565
0.000018 13
0.000028 340
0.000066 769
0.000005 115
0.000047 603
0.000016 162
0.000011 34
0.000057 722
0.000005 9
0.000026 30
0.000025 420
0.000021 191
0.000038 617
0.000044 501
0.000025 264
0.000053 259
0.000007 310
0.000004 191
0.000005 117
0.000020 153
0.000020 153
0.000016 37
0.000025 310
0.000005 302
0.000024 267
0.000016 38
0.000023 117
0.000008 304
0.000023 191
0.000033 153
0.000006 162
0.000005 108
0.000026 343
0.000029 116
0.000056 763
0.000004 47
0.000005 153
0.000062 297
0.000005 9
0.000051 765
0.000017 106
0.000015 345
0.000004 110
0.000004 42
0.000012 111
0.000016 42
0.000018 430
0.000024 187
0.000004 110
0.000004 38
0.000019 270
0.000024 37
0.000005 267
0.000025 168
0.000006 177
0.000040 153
0.000006 305
0.000005 115
0.000017 9
0.000029 599
0.000006 13
0.000004 29
0.000009 111
0.000026 6
0.000027 466
0.000032 191
0.000045 604
0.000021 116
0.000055 504
0.000004 115
0.000005 183
0.000022 267
0.000040 315
0.000037 299
0.000015 194
0.000034 455
0.000008 114
0.000025 149
0.000041 612
0.000006 13
0.000011 34
0.000006 110
0.000012 162
0.000024 38
0.000062 455
0.000027 119
0.000006 340
0.000048 157
0.000051 412
0.000007 153
0.000031 98
0.000006 255
0.000050 259
0.000021 47
0.000024 459
0.000016 115
0.000036 344
0.000006 115
0.000031 306
0.000064 752
0.000006 43
0.000054 459
0.000013 123
0.000057 752
0.000054 157
0.000012 344
0.000049 576
0.000005 7
0.000065 299
0.000059 657
0.000018 297
0.000048 727
0.000028 345
0.000021 153
0.000045 276
0.000035 325
0.000030 478
0.000006 108
0.000067 653
0.000037 310
0.000026 421
0.000026 446
0.000004 42
0.000023 9
0.000019 459
0.000005 115
0.000022 191
0.000025 261
0.000004 41
0.000032 265
0.000012 194
0.000039 459
0.000006 112
0.000039 500
0.000035 119
0.000006 293
0.000015 200
0.000013 112
0.000050 343
0.000048 875
0.000015 306
0.000023 195
0.000061 430
0.000015 38
0.000007 217
0.000023 238
0.000031 306
0.000005 4
0.000008 149
0.000026 416
0.000015 191
0.000007 5
0.000005 106
0.000005 13
0.000025 191
0.000022 255
0.000008 6
0.000005 41
0.000014 112
0.000019 198
0.000006 115
0.000040 153
0.000043 344
0.000025 259
0.002266 39
0.000038 110
0.000081 765
0.000007 13
0.000127 599
0.000011 312
0.000037 496
0.000068 123
0.000007 642
0.000028 420
0.000006 38
0.000004 5
0.000006 119
0.000007 30
0.000018 114
0.000035 345
0.000021 153
0.000083 611
0.000005 156
0.000089 920
0.000151 1343
0.000075 918
0.000101 803
0.000019 565
0.000014 47
0.000020 145
0.000088 612
0.000048 463
0.000029 265
0.000055 765
0.000069 189
0.000048 617
0.000004 119
0.000020 38
0.000071 383
0.000025 490
0.000006 189
0.000063 617
0.000053 301
0.000063 576
0.000075 504
0.000005 261
0.000052 300
0.000016 51
0.000005 144
0.000043 570
0.000076 459
0.000007 348
0.000004 115
0.000017 43
0.000071 724
0.000005 7
0.000143 1415
0.000061 574
0.000053 183
0.000022 8
0.000030 313
0.000006 142
0.000017 149
0.000040 114
0.000008 306
0.000018 43
0.000057 463
0.000036 261
0.000008 160
0.000008 153
0.000026 153
0.004795 493
0.000070 4095
0.000020 4095
0.000097 4095
0.000042 4095
0.000025 4095
0.000016 4095
0.000054 4095
0.000030 4095
0.000030 8192
0.000008 974
0.000096 1224
0.000034 1024
0.000034 200
0.000023 297
0.000027 315
0.000019 108
0.000042 606
0.000005 196
0.000027 267
0.000065 804
0.000010 123
0.000025 297
0.000031 459
0.000022 196
0.000049 119
0.000010 650
0.000030 153
0.000031 302
0.000005 119
0.000006 191
0.000031 574
0.000037 340
0.000005 4
0.000023 298
0.000005 4
0.000062 412
0.000008 349
0.000004 110
0.000006 13
0.000023 306
0.000054 493
0.000006 112
0.000005 151
0.000003 38
0.000050 315
0.000005 102
0.000017 157
0.000051 155
0.000005 7
0.000024 38
0.000016 297
0.000013 158
0.000027 416
0.000005 47
0.000029 261
0.000007 160
0.000005 14
0.000006 173
0.000015 106
0.000047 353
0.000007 265
0.000007 36
0.000005 111
0.000004 42
0.000005 9
0.000018 108
0.000029 457
0.000017 9
0.000006 299
0.000028 41
0.000026 301
0.000015 277
0.000028 642
0.000016 269
0.000023 45
0.000026 298
0.000026 467
0.000012 115
0.000006 182
0.000006 1
0.000025 116
0.000005 198
0.000005 144
0.000042 576
0.000007 153
0.000015 147
0.000014 47
0.000015 157
0.000012 108
0.000030 190
0.000041 276
0.000008 612
0.000017 144
0.000010 39
0.000025 305
0.000028 9
0.000028 459
0.000022 259
0.000005 43
0.000005 119
0.000065 497
0.000006 450
0.000052 306
0.000028 117
0.000027 457
0.000004 43
0.000020 110
0.000047 650
0.000028 306
0.000010 124
0.000051 605
0.000026 153
0.000018 194
0.000005 157
0.000030 149
0.000005 301
0.000021 153
0.000023 306
0.000008 117
0.000026 313
0.000007 144
0.000022 155
0.000049 343
0.000007 123
0.000033 488
0.000004 9
0.000025 108
0.000008 147
0.000028 472
0.000059 488
0.000006 270
0.000028 343
0.000040 161
0.000008 261
0.000026 153
0.000043 612
0.000038 612
0.000027 189
0.000029 162
0.000064 867
0.000080 616
0.000008 38
0.000037 158
0.000033 306
0.000041 571
0.001867 810
0.000076 4095
0.000030 4095
0.000007 1757
0.000036 4095
0.000040 4095
0.000019 19
0.001063 465
0.000011 342
0.000022 5
0.000019 153
0.000015 263
0.000018 155
0.000016 37
0.000026 116
0.000051 466
0.000032 642
0.000012 114
0.000005 192
0.000021 161
0.000020 108
0.000013 189
0.000011 153
0.000008 158
0.000018 110
0.000017 43
0.000010 153
0.000016 110
0.000014 192
0.000023 114
0.000006 43
0.000010 112
0.000012 160
0.000017 34
0.000011 157
0.000016 261
0.000005 37
0.000011 116
0.000019 45
0.000009 108
0.000014 190
0.000017 110
0.000012 42
0.000018 270
0.000033 7
0.000011 187
0.000035 454
0.000005 5
0.000014 112
0.000057 160
0.000006 29
0.000020 115
0.000019 155
0.000014 41
0.000019 110
0.000017 353
0.000015 108
0.000006 41
0.000005 112
0.000005 37
0.000005 8
0.000012 15
0.000008 93
0.000006 41
0.000028 259
0.000006 47
0.000018 148
0.000014 5
0.000013 153
0.000068 119
0.000017 756
0.000014 2
0.000016 190
0.000005 8
0.000007 108
0.000007 37
0.000008 8
0.000029 145
0.000024 114
0.000027 461
0.000017 41
0.000046 272
0.000057 599
0.000029 357
0.000020 108
0.000023 160
0.000094 293
0.000007 618
0.000043 648
0.000005 9
0.000026 306
0.000019 102
0.000017 312
0.000023 189
0.000021 1
0.000016 157
0.000028 119
0.000051 182
0.000013 162
0.000103 720
0.000042 300
0.000052 349
0.000049 467
0.000029 268
0.000037 187
0.000032 425
0.000086 1058
0.000036 157
0.000033 302
0.000032 204
0.000029 298
0.000054 463
0.000014 148
0.000031 421
0.000028 302
0.000037 472
0.000006 30
0.000034 267
0.000006 191
0.000034 459
0.000050 430
0.000085 187
0.000057 718
0.000038 232
0.000022 227
0.000038 349
0.000053 728
0.000045 306
0.000005 343
0.000036 263
0.000036 348
0.000055 307
0.000018 306
0.000048 310
0.000036 459
0.000053 265
0.000037 466
0.000020 183
0.000005 116
0.000009 36
0.000010 9
0.000044 145
0.000021 310
0.000017 259
0.000004 13
0.000068 459
0.000342 2333
0.000011 302
0.000114 877
0.000045 453
0.000041 348
0.000009 9
0.000099 880
0.000032 336
0.000015 114
0.000023 149
0.000006 13
0.000061 299
0.000042 194
0.000026 608
0.000008 152
0.000007 5
0.000061 463
0.000011 255
0.000047 501
0.000008 117
0.000014 36
0.000028 154
0.000027 263
0.000213 655
0.000030 459
0.000074 611
0.000011 270
0.000065 801
0.000022 162
0.000032 297
0.000042 111
0.000039 769
0.000025 9
0.000005 182
0.000062 264
0.000009 306
0.000020 153
0.000006 13
0.000005 30
0.000013 114
0.000006 9
0.000029 29
0.000036 315
0.000035 259
0.000006 162
0.000046 306
0.000008 493
0.000025 418
0.000016 160
0.000027 297
0.000006 2
0.000024 153
0.000008 36
0.000023 306
0.000011 153
0.000014 117
0.000029 313
0.000005 140
0.000036 306
0.000005 43
0.000005 116
0.000105 504
0.000007 261
0.000006 306
0.000062 300
0.000006 43
0.000059 611
0.000043 621
0.000033 421
0.000032 183
0.004151 575
0.000060 4095
0.000017 4095
0.000017 4095
0.000077 4095
0.000033 4095
0.000047 4095
0.000021 4095
0.000064 4095
0.000015 4095
0.000012 2772
0.000124 954
0.000022 430
0.000005 187
0.000029 306
0.000005 106
0.000036 6
0.000091 306
0.000007 304
0.000073 502
0.000004 4
0.000051 459
0.000004 108
0.000016 342
0.000090 918
0.000007 9
0.000044 451
0.000026 429
0.000050 336
0.000004 8
0.000034 108
0.000041 657
0.000030 298
0.000005 114
0.000034 461
0.000014 194
0.000020 112
0.000027 194
0.000036 306
0.000007 110
0.000004 38
0.000020 158
0.000019 112
0.000006 189
0.000020 153
0.000034 5
0.000007 416
0.000026 308
0.000005 7
0.000003 34
0.000037 265
0.000004 153
0.000014 7
0.000014 191
0.000083 106
0.000009 308
0.000006 37
0.000061 611
0.000107 583
0.000007 182
0.000028 727
0.000100 650
0.000031 270
0.000067 466
0.000006 187
0.000007 110
0.000035 192
0.000054 458
0.000127 1071
0.002735 4095
0.000018 4095
0.000041 4095
0.000034 4095
0.000039 3015
0.000033 759
0.000021 353
0.000037 463
0.000027 455
0.000006 306
0.000088 259
0.000717 1077
0.000039 8192
0.000012 2372
0.000014 293
0.000061 506
0.000017 119
0.000005 30
0.000024 267
0.000043 153
0.000007 344
0.000006 268
0.000036 149
0.000026 204
0.000026 306
0.000026 302
0.000031 418
0.000015 306
0.000041 457
0.000023 155
0.000011 151
0.000027 315
0.000032 299
0.000005 45
0.004787 421
0.000049 4095
0.000020 4095
0.000041 4095
0.000074 8192
0.000024 4095
0.000089 4095
0.000017 4095
0.000028 8192
0.000011 2759
0.000139 3404
0.000012 1112
0.000005 119
0.000007 146
0.000080 300
0.000007 353
0.000032 418
0.000056 313
0.000060 1064
0.000045 606
0.000052 506
0.000061 765
0.000007 119
0.000064 948
0.000018 153
0.000083 1070
0.000018 115
0.000038 308
0.000005 304
0.000004 153
0.000056 353
0.000065 603
0.000006 111
0.000006 51
0.000018 144
0.000045 613
0.000031 153
0.000061 1028
0.000012 200
0.000005 119
0.000006 30
0.000032 114
0.000033 612
0.000026 39
0.000006 422
0.000025 194
0.000040 263
0.000008 461
0.000024 45
0.000025 268
0.000025 459
0.000004 191
0.000025 306
0.000033 408
0.000013 47
0.000016 263
0.000015 192
0.000025 306
0.000016 116
0.000047 612
0.000013 300
0.000007 51
0.000017 412
0.000026 39
0.000027 420
0.000020 43
0.000032 718
0.000006 153
0.000014 13
0.000026 140
0.000015 357
0.000004 108
0.000012 41
0.000021 153
0.000024 310
0.000044 302
0.000088 454
0.000006 124
0.000060 909
0.000037 9
0.000008 489
0.000070 310
0.000054 718
0.000007 306
0.000026 200
0.000026 416
0.000005 196
0.000008 106
0.000005 47
0.000006 4
0.000006 115
0.000006 34
0.000006 110
0.000021 47
0.000038 565
0.000007 192
0.000005 114
0.000022 162
0.000006 38
0.000054 108
0.000081 772
0.000010 336
0.000021 314
0.000040 144
0.000005 430
0.000051 605
0.000034 190
0.000085 582
0.000005 38
0.000258 2563
0.000009 38
0.003009 4095
0.000026 4095
0.000060 4095
0.002300 4095
0.000054 4095
0.000218 8192
0.000017 4095
0.000064 8192
0.000033 4095
0.000060 4325
0.000013 1375
0.000038 9
0.000027 493
0.000041 265
0.000005 306
0.000051 496
0.000025 310
0.000014 110
0.000006 9
0.000030 297
0.000030 43
0.000006 412
0.000024 166
0.000004 34
0.000034 302
0.000027 157
0.000007 412
0.000087 153
0.000007 654
0.000047 417
0.000004 51
0.000018 144
0.000019 270
0.000016 147
0.000015 43
0.000007 114
0.000005 38
0.000006 9
0.000017 259
0.000019 2
0.000004 147
0.000013 153
0.000005 157
0.000005 38
0.000021 9
0.000037 450
0.000004 111
0.000016 4
0.000024 192
0.000021 116
0.000005 128
0.000013 185
0.000004 29
0.000053 154
0.000009 422
0.000016 41
0.000019 112
0.000011 190
0.000041 420
0.000006 38
0.000005 9
0.000025 108
0.000040 189
0.000007 306
0.000027 311
0.000026 110
0.000033 497
0.000016 124
0.000004 29
0.000016 111
0.000032 51
0.000006 412
0.000036 155
0.000022 41
0.000037 301
0.000019 111
0.000014 306
0.000027 153
0.000013 42
0.000047 460
0.000005 8
0.000005 106
0.000005 9
0.000025 191
0.000021 106
0.000023 200
0.000009 108
0.000020 189
0.000021 111
0.000018 51
0.000015 298
0.000011 8
0.000026 108
0.000019 457
0.000013 38
0.000015 117
0.000029 151
0.000017 306
0.000004 47
0.000026 108
0.000030 457
0.000006 9
0.000016 146
0.000004 147
0.000005 13
0.000021 144
0.000017 43
0.000023 418
0.000044 194
0.000014 106
0.000021 348
0.000004 9
0.000025 108
0.000107 1218
0.000020 42
0.000039 264
0.000004 306
0.000024 166
0.000006 140
0.000086 459
0.000006 465
0.000017 151
0.000033 162
0.000042 191
0.000006 298
0.000025 157
0.000012 149
0.000043 573
0.000017 149
0.000039 618
0.000033 347
0.000049 578
0.000005 38
0.000049 459
0.000014 255
0.000036 310
0.000015 191
0.000024 315
0.000051 574
0.000005 144
0.000005 2
0.000022 194
0.000045 157
0.000018 306
0.000030 450
0.000026 268
0.000015 149
0.000030 42
0.000044 430
0.000015 140
0.000038 166
0.000007 293
0.000010 157
0.000021 191
0.000013 5
0.000012 149
0.000013 267
0.000027 196
0.000019 149
0.000019 4
0.000020 157
0.000049 450
0.000020 9
0.000013 149
0.000007 112
0.000028 304
0.000021 149
0.000023 312
0.000018 37
0.000074 573
0.000007 192
0.000006 116
0.000018 153
0.000005 37
0.000045 114
0.000042 608
0.000034 465
0.000023 459
0.000023 41
0.000017 463
0.000020 115
0.000017 293
0.000061 501
0.000017 5
0.000048 463
0.000009 261
0.000052 606
0.000022 13
0.000025 450
0.000048 38
0.000012 124
0.000007 146
0.000047 300
0.000005 200
0.000008 119
0.000009 38
0.000024 149
0.000022 157
0.000027 603
0.000006 9
0.000004 115
0.000015 30
0.000005 157
0.000004 110
0.000018 38
0.000040 277
0.000024 187
0.000004 4
0.000016 255
0.000004 13
0.000004 140
0.000026 13
0.000013 187
0.000020 148
0.000022 423
0.000020 36
0.000019 264
0.000018 157
0.000004 149
0.000016 6
0.000014 194
0.000029 265
0.000005 7
0.000005 153
0.000021 182
0.000004 9
0.000006 102
0.000017 47
0.000022 265
0.000013 190
0.000022 306
0.000032 420
0.000031 306
0.000005 38
0.000023 154
0.000045 458
0.000011 9
0.000021 106
0.000022 192
0.000014 153
0.000019 152
0.000010 124
0.000016 153
0.000013 30
0.000026 116
0.000006 343
0.000038 306
0.000024 267
0.000078 9
0.000016 497
0.000004 108
0.000017 151
0.000023 200
0.000006 144
0.000013 9
0.000019 115
0.000022 191
0.000005 145
0.000020 152
0.000014 264
0.000021 157
0.000024 200
0.000038 408
0.000021 312
0.000019 300
0.000019 204
0.000030 565
0.000024 302
0.000021 159
0.000013 45
0.000005 106
0.000004 43
0.000013 119
0.000019 30
0.000031 459
0.000025 123
0.000015 306
0.000022 187
0.000018 265
0.000021 160
0.000065 947
0.000066 570
0.000021 166
0.000019 153
0.000024 153
0.000016 293
0.000013 200
0.000020 112
0.000023 459
0.000048 306
0.000010 313
0.000005 30
0.000019 276
0.000038 182
0.000035 307
0.000025 416
0.000012 6
0.000031 151
0.000007 155
0.000030 190
0.000016 310
0.000025 265
0.000027 313
0.000004 187
0.000013 302
0.000026 161
0.000005 145
0.000013 123
0.000023 29
0.000022 277
0.000022 450
0.000022 162
0.000017 34
0.000003 112
0.000026 45
0.000009 302
0.000004 148
0.000014 115
0.000022 200
0.000007 106
0.000020 47
0.000013 306
0.000028 297
0.000005 9
0.000020 153
0.000022 259
0.000005 153
0.000020 196
0.000030 310
0.000013 106
0.000019 308
0.000004 36
0.000021 264
0.000020 6
0.000017 306
0.000013 41
0.000028 425
0.000006 38
0.000049 268
0.000027 756
0.000016 9
0.000024 191
0.000034 603
0.000010 9
0.000038 565
0.000060 149
0.000021 472
0.000012 297
0.000023 196
0.000015 4
0.000006 153
0.000005 115
0.000007 34
0.000032 310
0.000019 149
0.000023 302
0.000023 110
0.000021 463
0.000013 47
0.000022 106
0.000020 344
0.000005 124
0.000026 38
0.000006 115
0.000003 34
0.000018 259
0.000010 4
0.000027 308
0.000004 147
0.000032 306
0.000017 4
0.000027 353
0.000007 145
0.000027 269
0.000005 37
0.000022 123
0.000006 187
0.000024 272
0.000025 183
0.000009 116
0.000020 304
0.000015 192
0.000029 153
0.000007 116
0.000007 37
0.000016 269
0.000020 198
0.000022 106
0.000016 162
0.000027 452
0.000017 147
0.000039 42
0.000035 727
0.000015 162
0.000005 140
0.000013 6
0.000019 45
0.000005 298
0.000035 263
0.000026 195
0.000024 277
0.000024 293
0.000026 310
0.000005 38
0.000013 124
0.000020 183
0.000018 8
0.000014 412
0.000015 196
0.000020 149
0.000006 8
0.000016 153
0.000031 259
0.000034 353
0.000007 115
0.000022 293
0.000006 200
0.000004 112
0.000031 45
0.000007 261
0.000022 153
0.000021 151
0.000020 162
0.000017 299
0.000004 45
0.000022 255
0.000065 348
0.000072 727
0.000056 502
0.000060 607
0.000044 876
0.000005 42
0.000035 154
0.000016 314
0.000032 414
0.000027 342
0.000022 162
0.000029 149
0.000006 265
0.000005 37
0.000026 161
0.000024 115
0.000016 299
0.000006 36
0.000038 117
0.000057 504
0.000013 153
0.000035 718
0.000029 153
0.000026 308
0.000079 343
0.000034 573
0.000016 498
0.000014 114
0.000004 43
0.000051 565
0.000006 6
0.000004 41
0.000007 149
0.000025 157
0.000005 110
0.001774 3644
0.000025 4095
0.000543 4095
0.000009 2
0.002525 4095
0.000026 4095
0.000017 4095
0.000087 4095
0.000024 4095
0.000015 4095
0.000051 4095
0.000015 4095
0.000021 5788
0.000005 144
0.000004 115
0.000018 47
0.000047 561
0.000045 465
0.000003 41
0.000030 418
0.000024 7
0.000025 493
0.000031 306
0.000017 112
0.000008 41
0.000032 112
0.000025 351
0.000005 306
0.000025 268
0.000045 146
0.000004 160
0.000024 335
0.000006 162
0.000046 108
0.000007 45
0.000065 565
0.000005 43
0.000031 153
0.000029 412
0.000022 200
0.000005 110
0.000023 155
0.000027 160
0.000010 153
0.000016 297
0.000005 39
0.000018 267
0.000041 43
0.000020 425
0.000005 450
0.000013 38
0.000015 117
0.000027 351
0.000005 106
0.000015 38
0.000004 111
0.000070 465
0.000008 198
0.000037 298
0.000046 310
0.000036 724
0.000028 7
0.000008 344
0.000037 565
0.000044 459
0.000008 162
0.000004 29
0.000031 306
0.000055 468
0.000007 268
0.000207 650
0.000051 608
0.000026 265
0.000005 45
0.000019 268
0.000030 140
0.000029 506
0.000015 265
0.000024 459
0.000042 347
0.000045 731
0.000008 34
0.000006 106
0.000004 6
0.000018 37
0.000020 458
0.000005 9
0.000021 108
0.000018 343
0.000022 114
0.000058 651
0.000005 8
0.000006 259
0.000021 47
0.000022 298
0.000028 310
0.000032 310
0.000005 108
0.000026 304
0.000022 306
0.000035 302
0.000033 204
0.000052 1026
0.000005 41
0.000030 455
0.000034 123
0.000088 795
0.000007 153
0.000051 420
0.000024 192
0.000021 267
0.000024 39
0.000004 276
0.000017 146
0.000016 45
0.000034 565
0.000036 155
0.000007 194
0.000006 106
0.000004 13
0.000018 38
0.000026 298
0.000006 8
0.000011 153
0.000020 414
0.000044 304
0.000030 200
0.000017 298
0.000005 306
0.000021 110
0.000051 510
0.000007 108
0.000008 147
0.000019 6
0.000004 7
0.000005 146
0.000018 41
0.000005 157
0.000005 115
0.000018 182
0.000017 115
0.000003 38
0.000026 5
0.000004 265
0.000011 190
0.000044 114
0.000007 497
0.000014 124
0.000041 344
0.000018 259
0.000021 302
0.000017 42
0.000029 311
0.000019 148
0.000005 117
0.000045 649
0.000017 110
0.000017 166
0.000023 299
0.000004 41
0.000011 110
0.000026 196
0.000079 722
0.000011 302
0.000037 319
0.000022 293
0.000023 348
0.000014 5
0.000008 110
0.000005 38
0.000019 270
0.000025 194
0.000020 265
0.000004 45
0.000013 108
0.000017 160
0.000017 153
0.000029 191
0.000015 421
0.000018 340
0.000014 4
0.000025 306
0.000006 102
0.000029 43
0.000004 310
0.000039 302
0.000021 306
0.000033 582
0.000023 191
0.000031 421
0.000004 30
0.000025 161
0.000034 144
0.000014 268
0.000033 651
0.000023 4
0.000033 463
0.000016 108
0.000045 313
0.000043 459
0.000031 605
0.000039 466
0.000017 140
0.000012 159
0.000036 347
0.000005 259
0.000035 42
0.000011 124
0.000035 191
0.000047 567
0.000064 606
0.000009 465
0.000004 37
0.000032 276
0.000018 182
0.000031 459
0.000020 154
0.000029 611
0.000008 115
0.000045 302
0.000027 349
0.000038 467
0.000043 567
0.000006 45
0.000006 144
0.000034 115
0.000012 315
0.000032 306
0.000030 299
0.000022 160
0.000011 299
0.000051 347
0.000040 418
0.000020 351
0.000042 297
0.000010 268
0.000049 468
0.000023 153
0.000018 182
0.000036 459
0.000057 612
0.000070 268
0.000110 1220
0.000078 501
0.000042 401
0.000059 823
0.000006 115
0.000062 353
0.000057 720
0.000026 351
0.000043 565
0.000025 192
0.000055 422
0.000082 1112
0.000056 310
0.000042 567
0.000030 453
0.000046 312
0.000024 300
0.000016 51
0.000045 880
0.000005 140
0.000012 195
0.000064 9
0.000032 322
0.000052 596
0.000008 268
0.000035 493
0.000023 148
0.000057 464
0.000025 425
0.000052 450
0.000053 302
0.000011 357
0.000051 459
0.000009 412
0.000066 308
0.000018 313
0.000037 299
0.000060 160
0.000011 612
0.000053 297
0.000005 353
0.000064 414
0.000015 347
0.000071 769
0.000505 4095
0.000013 1566
0.000033 414
0.000051 610
0.002180 4095
0.000019 4095
0.000054 4095
0.000018 4095
0.000009 1457
0.000074 4095
0.000023 4095
0.000011 2
0.000031 755
0.000100 1406
0.000008 460
0.000010 116
0.000109 457
0.000014 468
0.000031 605
0.000059 453
0.000056 654
0.000089 882
0.000005 160
0.000024 344
0.000024 255
0.000082 510
0.000025 412
0.000025 455
0.000007 42
0.000106 617
0.000072 722
0.000005 191
0.000026 117
0.000034 306
0.000040 916
0.000059 200
0.000054 720
0.000056 306
0.000075 619
0.000006 459
0.000028 38
0.000033 302
0.000023 463
0.000005 115
0.000059 641
0.000004 9
0.000032 144
0.000024 158
0.000005 265
0.000009 151
0.000069 491
0.000043 276
0.000015 190
0.000006 161
0.000062 153
0.000019 145
0.000080 161
0.000015 102
0.000052 4
0.000028 43
0.000081 4
0.000046 1492
0.000006 140
0.000005 47
0.000015 110
0.000007 43
0.000042 463
0.000010 259
0.000032 200
0.000008 108
0.000016 36
0.000019 115
0.000304 196
0.000014 3478
0.000023 153
0.000007 113
0.003975 544
0.000046 4095
0.000093 4159
0.000131 4095
0.000030 4095
0.000022 4095
0.000022 4095
0.000163 5354
0.000009 1179
0.000244 45
0.000130 3778
0.000008 614
0.000045 189
0.000033 459
0.000043 117
0.000052 495
0.000006 154
0.000005 110
0.000005 6
0.000030 189
0.000049 459
0.000017 270
0.000024 190
0.000004 8
0.000026 153
0.000025 297
0.000018 268
0.000035 302
0.000058 472
0.000007 182
0.000035 268
0.000029 353
0.000044 451
0.000012 116
0.000048 504
0.000005 149
0.000024 272
0.000026 335
0.000023 268
0.000026 38
0.000004 124
0.000044 144
0.000053 344
0.000036 417
0.000007 47
0.000035 157
0.000006 106
0.000018 191
0.000004 162
0.000005 144
0.000015 115
0.000045 349
0.000024 272
0.000028 446
0.000028 6
0.000026 347
0.000036 306
0.000030 259
0.000004 13
0.000005 34
0.000032 112
0.000020 306
0.000016 313
0.000019 183
0.000038 467
0.000005 106
0.000037 38
0.000006 422
0.000004 42
0.000007 110
0.000007 39
0.000082 263
0.000007 357
0.000022 144
0.000004 124
0.000025 187
0.000016 148
0.000032 154
0.000006 269
0.000043 306
0.000018 190
0.000015 153
0.000014 110
0.000005 43
0.000023 116
0.000019 198
0.000016 149
0.000005 4
0.000033 108
0.000047 306
0.000006 36
0.000028 162
0.000007 106
0.000039 353
0.000058 459
0.000007 255
0.000037 196
0.000025 267
0.000005 38
0.000034 307
0.000015 4
0.000032 149
0.000024 306
0.000006 161
0.000004 106
0.000014 2
0.000022 160
0.000013 140
0.000006 43
0.000015 123
0.000021 140
0.000004 47
0.000012 148
0.000004 111
0.000025 42
0.000034 268
0.000033 308
0.000028 504
0.000052 302
0.000007 310
0.000006 106
0.000004 2
0.000017 41
0.000005 149
0.000014 110
0.000006 157
0.000018 9
0.000026 297
0.000003 2
0.000015 41
0.000019 272
0.000056 306
0.000006 144
0.000040 2
0.000005 300
0.000020 166
0.000056 30
0.000006 152
0.000527 5967
0.000006 153
0.000543 117
0.000025 4095
0.000009 1301
0.000049 616
0.000079 727
0.000083 241
0.000011 821
0.000078 345
0.000729 4095
0.000010 2294
0.000038 637
0.000007 16
0.000028 157
0.000049 115
0.000039 182
0.000031 153
0.000021 1
0.001724 4095
0.000036 8192
0.000017 4095
0.000026 1059
0.000039 158
0.000023 4
0.000117 1224
0.000007 144
0.001331 311
0.000067 8192
0.000021 4095
0.004984 4095
0.000040 4095
0.000033 8192
0.000039 4095
0.000096 4095
0.000053 4095
0.000051 4095
0.000024 4095
0.000232 4095
0.000020 4095
0.000018 4095
0.000013 1297
0.000084 1232
0.000044 910
0.000026 467
0.000035 414
0.000030 351
0.000028 115
0.000040 297
0.000006 344
0.000028 576
0.000040 300
0.000036 6
0.000049 772
0.000006 153
0.000006 38
0.000005 115
0.000005 34
0.000005 4
0.000026 412
0.000013 43
0.000008 153
0.000006 119
0.000005 38
0.000026 306
0.000019 108
0.000005 194
0.000042 425
0.000005 38
0.000037 298
0.000039 569
0.000005 6
0.000004 151
0.000015 39
0.000004 152
0.000027 277
0.000012 293
0.000022 13
0.000006 191
0.000031 261
0.000020 313
0.000033 489
0.000018 110
0.000005 166
0.000013 182
0.000006 124
0.000011 146
0.000029 147
0.000006 159
0.000005 153
0.000012 160
0.000026 344
0.000030 414
0.000006 36
0.000024 158
0.000026 259
0.000012 196
0.000018 267
0.000034 306
0.000024 767
0.000018 153
0.000041 409
0.000022 95
0.000012 268
0.000014 144
0.000034 497
0.000006 115
0.000013 200
0.000016 115
0.000005 38
0.000025 414
0.000015 151
0.000023 39
0.000013 463
0.000017 4
0.000037 567
0.000025 300
0.000020 310
0.000005 47
0.000071 412
0.000033 497
0.000007 162
0.000043 255
0.000013 157
0.000016 47
0.000032 561
0.000006 6
0.000028 160
0.000020 182
0.000022 270
0.000006 36
0.000006 162
0.000027 106
0.000006 191
0.000005 124
0.000005 140
0.000007 6
0.000021 37
0.000020 420
0.000006 38
0.000007 117
0.000026 7
0.000024 191
0.000042 603
0.000006 9
0.000007 298
0.000007 8
0.000021 108
0.000018 300
0.000022 6
0.000012 153
0.000019 313
0.000024 187
0.000020 263
0.000005 38
0.000009 117
0.000023 147
0.000026 306
0.000027 153
0.000031 618
0.000006 45
0.000011 115
0.000005 30
0.000023 8
0.000017 149
0.000027 306
0.000057 306
0.000007 455
0.000031 267
0.000004 38
0.000437 4095
0.000011 457
0.000005 9
0.000034 340
0.000006 149
0.000012 153
0.000067 582
0.000006 191
0.000034 153
0.000041 306
0.000043 421
0.000006 30
0.000014 110
0.001673 47
0.000068 4095
0.000018 4095
0.000026 4095
0.001818 2369
0.000029 4095
0.000018 4095
0.002438 4095
0.000026 4095
0.002676 8192
0.000030 4095
0.000016 4095
0.000017 4095
0.000015 1777
0.000019 4095
0.000018 4097
0.000027 4095
0.000023 4095
0.000011 2206
0.000072 641
0.000015 115
0.000004 153
0.000072 927
0.000008 34
0.000103 871
0.000009 463
0.000062 767
0.000047 459
0.000005 194
0.000017 119
0.000094 758
0.000090 1108
0.000007 764
0.000027 270
0.000032 313
0.000033 599
0.000043 43
0.000006 573
0.000021 153
0.000033 47
0.000031 565
0.000028 353
0.000012 421
0.000032 612
0.000078 795
0.000027 306
0.000034 611
0.000022 270
0.000005 41
0.000058 760
0.000005 75
0.000005 87
0.000007 144
0.000005 5
0.000016 110
0.000006 162
0.000034 299
0.000034 41
0.000009 569
0.000048 650
0.000012 9
0.000021 421
0.000020 144
0.000008 308
0.000024 153
0.000006 41
0.000006 153
0.000023 110
0.000005 192
0.000021 110
0.000011 204
0.000006 255
0.000011 6
0.000054 351
0.000006 268
0.000019 140
0.000005 153
0.000037 348
0.000007 154
0.000005 161
0.000056 608
0.000028 149
0.000006 161
0.000034 421
0.000036 191
0.000024 565
0.000032 39
0.000034 765
0.000007 263
0.000023 43
0.000038 616
0.000036 425
0.000015 140
0.000029 200
0.000026 112
0.000006 160
0.000038 297
0.000028 765
0.000006 38
0.000039 115
0.000005 344
0.000004 111
0.000020 166
0.000041 340
0.000053 718
0.000048 616
0.000003 2
0.000023 151
0.000006 306
0.000025 38
0.000036 270
0.000007 466
0.000019 34
0.000060 425
0.000023 153
0.000020 153
0.000008 340
0.000034 265
0.000022 37
0.000034 110
0.000037 771
0.000020 7
0.000020 182
0.000052 621
0.000033 459
0.000026 268
0.000062 450
0.000008 461
0.000066 194
0.000006 157
0.000051 451
0.000008 422
0.000030 466
0.000057 605
0.002199 466
0.000040 1730
0.000118 4095
0.000044 4095
0.000015 4095
0.000126 5603
0.000006 272
0.000665 34
0.000113 119
0.000036 335
0.000091 1
0.000069 305
0.000035 162
0.000061 115
0.000121 306
0.000072 956
0.000046 567
0.000155 1116
0.000006 561
0.000051 463
0.000048 345
0.000076 458
0.000062 459
0.000097 464
0.000005 301
0.000105 468
0.000058 604
0.000027 306
0.000052 4
0.000029 157
0.000065 255
0.000004 51
0.000069 261
0.000095 313
0.000026 642
0.000057 416
0.000005 195
0.000101 576
0.000008 453
0.000005 42
0.000090 459
0.000064 723
0.000070 348
0.000150 774
0.000089 756
0.000098 736
0.000006 756
0.000044 497
0.000017 9
0.000038 574
0.000006 140
0.000007 42
0.000005 115
0.000052 155
0.002514 457
0.000092 4095
0.000030 8192
0.000016 4095
0.000033 4095
0.000056 8192
0.000018 4095
0.000006 140
0.000018 452
0.000022 194
0.000051 875
0.000016 162
0.000015 153
0.000014 38
0.000035 297
0.000038 268
0.000015 162
0.000038 646
0.000019 306
0.000025 112
0.000053 459
0.000024 504
0.000010 108
0.000038 343
0.000042 161
0.000042 255
0.000007 13
0.000013 297
0.000027 196
0.000020 112
0.000025 495
0.000025 9
0.000017 115
0.000047 344
0.000007 153
0.000052 408
0.000060 501
0.000031 264
0.000105 969
0.000024 259
0.000036 812
0.000021 108
0.000022 300
0.000025 159
0.000005 351
0.000006 144
0.000023 9
0.000020 259
0.000024 502
0.000046 412
0.000044 463
0.000026 506
0.000006 115
0.000004 34
0.000026 301
0.000025 306
0.000034 315
0.000029 261
0.000007 41
0.000005 4
0.000006 108
0.000006 37
0.000005 114
0.000021 192
0.000014 4
0.000005 148
0.000013 115
0.000019 9
0.000008 34
0.000007 4
0.000021 268
0.000023 38
0.000016 261
0.000018 198
0.000039 261
0.000030 342
0.000010 124
0.000005 140
0.000047 357
0.000006 259
0.000102 612
0.000047 38
0.000006 154
0.000036 267
0.000027 614
0.000047 351
0.000016 115
0.000018 297
0.000014 9
0.000062 605
0.000005 37
0.000004 153
0.000004 114
0.000016 43
0.000068 718
0.000031 459
0.000005 42
0.000023 9
0.000014 298
0.000016 152
0.000015 115
0.000013 38
0.000023 9
0.000022 255
0.000007 195
0.000004 5
0.000015 148
0.000021 264
0.000027 196
0.000030 269
0.000042 342
0.000043 315
0.000005 108
0.000068 648
0.000009 306
0.000031 315
0.000032 115
0.000005 191
0.000006 145
0.000019 161
0.000016 106
0.000005 153
0.000025 153
0.000021 162
0.000004 38
0.000515 4095
0.000012 1521
0.000005 41
0.000031 148
0.000027 158
0.002535 4095
0.000022 4095
0.000018 4095
0.000124 3929
0.000247 2048
0.000007 1356
0.000098 4095
0.000016 4095
0.000064 3210
0.000005 347
0.000019 157
0.000030 298
0.000027 306
0.000009 305
0.000011 111
0.000030 612
0.000655 319
0.000012 297
0.000109 4095
0.000015 2048
0.000021 3352
0.000009 153
0.000039 446
0.000047 312
0.000025 153
0.000032 41
0.000020 157
0.000020 149
0.000139 153
0.000112 112
0.000032 504
0.000029 297
0.000038 417
0.000033 196
0.000028 306
0.000054 416
0.000051 348
0.000020 270
0.000051 342
0.000005 115
0.000005 2
0.000072 306
0.000051 189
0.000007 311
0.000015 157
0.000027 255
0.004012 465
0.000099 4095
0.000028 4095
0.000050 4095
0.000020 4095
0.000020 4095
0.000017 4095
0.000015 4095
0.000027 8192
0.000013 1281
0.000111 571
0.000058 453
0.000084 655
0.000040 463
0.000082 722
0.000034 459
0.000059 349
0.000060 608
0.000040 612
0.000006 110
0.000043 157
0.000032 200
0.000067 12
0.000067 753
0.000027 765
0.000066 450
0.000040 315
0.000050 565
0.000083 461
0.000059 300
0.000054 349
0.000072 726
0.000039 506
0.000065 720
0.000007 37
0.000049 267
0.000022 308
0.000031 300
0.000025 357
0.000027 268
0.000057 299
0.000004 45
0.000030 408
0.000033 463
0.000024 200
0.000042 261
0.000017 351
0.000022 115
0.000047 297
0.000036 459
0.000034 315
0.000023 297
0.000032 308
0.000042 300
0.000042 195
0.000006 154
0.000060 306
0.000123 728
0.000027 610
0.000032 47
0.000036 608
0.000020 119
0.000044 299
0.000006 351
0.000042 408
0.000032 319
0.000036 299
0.000030 376
0.000040 426
0.000040 153
0.000022 616
0.000023 119
0.000009 146
0.000038 313
0.000070 493
0.000034 265
0.000050 304
0.000033 345
0.000018 276
0.000022 297
0.000071 621
0.000064 489
0.000053 310
0.000044 569
0.000035 345
0.000074 569
0.000054 312
0.000039 759
0.000042 465
0.000029 160
0.000044 340
0.000008 272
0.000006 153
0.000035 34
0.000035 412
0.000050 200
0.000009 272
0.000043 299
0.000067 657
0.000046 144
0.000088 621
0.000008 297
0.000006 111
0.000060 306
0.000066 931
0.000032 140
0.000985 4095
0.000019 4095
0.000027 4095
0.000008 1791
0.000039 1114
0.000039 114
0.000068 621
0.000005 459
0.000036 299
0.000036 504
0.000039 603
0.000005 115
0.000028 306
0.000061 614
0.000005 41
0.000036 455
0.000077 1041
0.000048 340
0.000084 1381
0.000033 412
0.000036 459
0.000035 459
0.000058 765
0.000050 345
0.000028 616
0.000064 765
0.000051 416
0.000035 659
0.000023 302
0.000060 306
0.000067 884
0.000036 646
0.000054 578
0.000054 187
0.000060 877
0.000021 189
0.000005 468
0.000032 261
0.000055 313
0.000005 293
0.000753 157
0.000010 2048
0.000259 4095
0.000049 4095
0.000011 1851
0.000129 1987
0.005538 918
0.000057 4095
0.000021 4095
0.000175 4095
0.000067 4095
0.000017 4095
0.000024 4095
0.000105 4095
0.000017 4095
0.000016 4095
0.000016 4095
0.000134 4059
0.000014 3233
0.000054 914
0.000049 616
0.000197 909
0.000009 1188
0.000095 1414
0.000023 116
0.000023 314
0.000005 143
0.000006 47
0.000019 108
0.000119 810
0.000007 718
0.000006 9
0.000004 34
0.000030 149
0.000005 114
0.000021 155
0.000021 37
0.000022 153
0.000006 276
0.000022 335
0.000035 315
0.000032 414
0.000067 500
0.000027 459
0.000005 119
0.000010 191
0.000040 106
0.000027 349
0.000051 1024
0.000019 6
0.000032 606
0.000040 353
0.000006 148
0.000012 115
0.000051 200
0.000060 561
0.000007 159
0.000037 466
0.000059 335
0.000005 311
0.000031 272
0.000062 306
0.000005 446
0.000031 463
0.000004 47
0.000027 412
0.000015 43
0.000071 875
0.000060 614
0.000006 7
0.000039 599
0.000004 42
0.000016 162
0.000014 144
0.000019 162
0.000012 153
0.000027 298
0.000023 157
0.000013 149
0.000055 726
0.000021 9
0.000063 293
0.000032 357
0.000571 5499
0.000011 423
0.000036 189
0.000029 268
0.000023 302
0.000018 13
0.000004 38
0.000004 115
0.000024 144
0.000047 38
0.000051 880
0.000021 43
0.000049 571
0.000015 190
0.000042 569
0.000013 42
0.000017 115
0.000052 655
0.000021 4
0.000036 421
0.000033 450
0.000027 39
0.000060 276
0.000005 489
0.000007 153
0.000006 114
0.000018 47
0.000027 149
0.000073 607
0.000013 311
0.000038 418
0.000006 41
0.000025 272
0.000077 1062
0.001735 4095
0.000036 8192
0.000127 7603
0.000011 956
0.000050 927
0.000061 414
0.000006 342
0.000059 723
0.000007 13
0.000097 799
0.000005 112
0.000062 612
0.000062 759
0.000074 769
0.000049 353
0.000104 1224
0.000026 297
0.000056 459
0.000068 723
0.000073 510
0.000105 757
0.000039 881
0.000028 198
0.000047 565
0.000052 497
0.000059 468
0.000007 306
0.000037 297
0.000038 315
0.000041 455
0.000076 875
0.000087 914
0.000028 166
0.000035 497
0.000041 451
0.000024 263
0.000040 353
0.000040 412
0.000040 348
0.000123 1080
0.000005 108
0.002366 8192
0.000023 4095
0.005754 4095
0.000032 4095
0.000041 4095
0.000053 4095
0.000029 4095
0.000007 1245
0.001008 4095
0.000031 4095
0.000033 8192
0.000021 4990
0.000064 4095
0.000012 968
0.000008 452
0.000018 147
0.000022 43
0.000026 463
0.000034 119
0.000006 336
0.000029 305
0.000038 311
0.000019 112
0.000018 304
0.000027 344
0.000006 5
0.000042 418
0.000026 194
0.000027 110
0.000022 149
0.000027 159
0.000015 45
0.000069 408
0.000006 6
0.000035 45
0.000006 268
0.000021 183
0.000031 123
0.000022 650
0.000013 115
0.000006 183
0.000018 4
0.000013 265
0.000004 37
0.000018 114
0.000005 155
0.000028 41
0.000022 455
0.000014 4
0.000005 154
0.000015 148
0.000005 110
0.000007 4
0.000020 200
0.000004 102
0.000024 153
0.000059 807
0.000035 9
0.000032 574
0.000081 605
0.000007 151
0.000026 149
0.000004 159
0.000048 453
0.000004 4
0.000015 196
0.000079 459
0.000012 157
0.000004 259
0.000017 43
0.000022 157
0.000004 145
0.001047 416
0.000360 4095
0.000048 8192
0.000015 3937
0.000117 765
0.000123 801
0.000027 9
0.000084 451
0.000047 157
0.000007 157
0.000170 1224
0.000006 102
0.000072 348
0.000004 5
0.000177 1373
0.000154 1032
0.000033 9
0.000024 34
0.000026 106
0.000030 6
0.000008 151
0.000096 621
0.000075 146
0.000029 189
0.000164 1341
0.000014 7
0.000054 140
0.000166 319
0.000007 603
0.000049 497
0.000050 576
0.000019 194
0.000045 463
0.000004 106
0.000089 306
0.000055 506
0.000006 451
0.000054 420
0.000067 315
0.000028 299
0.000184 765
0.000126 496
0.000059 1691
0.000058 604
0.000062 153
0.000007 582
0.000058 146
0.000047 36
0.000004 1
0.000143 123
0.000008 450
0.000042 774
0.000060 603
0.000028 162
0.000026 299
0.000064 496
0.000030 269
0.000029 459
0.000044 300
0.000029 159
0.000030 347
0.000055 306
0.000075 616
0.000055 720
0.000029 189
0.000028 268
0.000004 9
0.000024 191
0.000048 412
0.000027 200
0.000139 153
0.000182 144
0.000032 1647
0.000043 504
0.000046 421
0.000008 140
0.000038 6
0.000037 453
0.000053 319
0.000022 344
0.000067 567
0.000067 606
0.000008 312
0.000031 198
0.000011 268
0.000049 612
0.000048 646
0.000033 272
0.000031 603
0.000026 43
0.000011 302
0.000010 306
0.000005 152
0.000018 264
0.000049 42
0.000083 723
0.000006 51
0.000030 414
0.000004 151
0.000015 153
0.000004 43
0.000030 112
0.000021 153
0.000022 37
0.000005 157
0.000023 112
0.000251 1724
0.000009 110
0.000015 200
0.000015 108
0.000037 198
0.000011 115
0.000054 340
0.000007 112
0.000046 304
0.000030 155
0.000506 2948
0.005253 913
0.000034 4095
0.000036 4095
0.000020 4095
0.000065 8066
0.000017 4095
0.000019 4095
0.000005 385
0.000085 4095
0.000077 4095
0.000017 4095
0.000015 3619
0.000058 620
0.000025 306
0.000042 149
0.000033 722
0.000020 2
0.000044 459
0.000005 160
0.000042 642
0.000026 276
0.000030 293
0.000038 465
0.000029 313
0.000021 30
0.000026 310
0.000027 112
0.000007 306
0.000030 198
0.000026 455
0.000027 302
0.000060 722
0.000032 157
0.000029 353
0.000024 255
0.000050 310
0.000006 308
0.000025 306
0.000041 342
0.000006 154
0.000040 582
0.000007 140
0.000005 166
0.000034 30
0.000007 420
0.000035 155
0.000024 313
0.000005 29
0.000005 117
0.000011 151
0.000018 191
0.000036 9
0.000022 298
0.000074 306
0.000035 267
0.000007 153
0.000028 345
0.000012 123
0.000019 140
0.000041 319
0.000018 140
0.000040 472
0.000005 30
0.000016 269
0.000061 160
0.000034 605
0.000038 495
0.000034 315
0.000029 259
0.000032 153
0.000026 498
0.000036 420
0.000052 621
0.000038 336
0.000007 463
0.000027 425
0.000027 340
0.000035 564
0.000006 154
0.000064 618
0.000009 189
0.000033 421
0.000028 191
0.000156 1042
0.000010 306
0.000039 344
0.000049 144
0.000047 162
0.000006 306
0.000065 714
0.000040 159
0.000184 612
0.000263 2178
0.000132 1033
0.000174 767
0.000281 4095
0.000170 34
0.000215 3521
0.000272 3560
0.000605 2605
0.000011 1421
0.000333 4095
0.000136 2134
0.000067 1674
0.001938 4095
0.000024 4095
0.000046 4095
0.005196 4095
0.000033 4095
0.000017 4095
0.000048 4095
0.000017 4095
0.000037 4095
0.000016 4095
0.000018 4095
0.002500 4095
0.000019 4095
0.000018 4095
0.000050 4095
0.000033 8192
0.000022 4095
0.000040 4095
0.000027 7997
0.000004 140
0.000008 47
0.000017 149
0.000028 305
0.000015 5
0.000026 265
0.000031 198
0.000015 459
0.000022 145
0.000040 157
0.000007 412
0.000004 159
0.000025 306
0.000035 342
0.000020 459
0.000020 9
0.000036 718
0.000024 155
0.000025 313
0.000064 344
0.000006 306
0.000027 451
0.000022 161
0.000035 297
0.000031 468
0.000040 297
0.000035 613
0.000047 429
0.000047 452
0.000025 153
0.000030 153
0.000039 343
0.000005 573
0.000030 308
0.000045 351
0.000033 408
0.000011 51
0.000023 268
0.000063 646
0.000024 412
0.001922 312
0.000285 8192
0.000259 4095
0.000136 4095
0.000007 250
0.000120 2
0.000058 5592
0.000032 149
0.000038 157
0.000037 272
0.000018 140
0.000042 6
0.000021 36
0.000047 430
0.000014 38
0.000023 153
0.000020 306
0.000032 259
0.000008 149
0.000022 204
0.000036 459
0.000005 102
0.000027 196
0.000005 114
0.000042 345
0.000006 8
0.000014 153
0.000013 153
0.000022 268
0.000014 191
0.000032 259
0.000030 47
0.000034 421
0.000056 144
0.000005 191
0.000041 421
0.000066 621
0.000004 144
0.000057 344
0.000099 306
0.000010 423
0.000006 153
0.000004 45
0.000024 153
0.000040 414
0.000048 190
0.000034 276
0.000008 340
0.000013 110
0.000026 200
0.000027 149
0.000025 112
0.000006 37
0.000012 123
0.000046 605
0.000027 7
0.000021 269
0.000031 183
0.000037 466
0.000009 191
0.000003 115
0.000022 183
0.000016 114
0.000007 2
0.000028 189
0.000020 154
0.000005 8
0.000026 306
0.000007 108
0.000012 36
0.000026 154
0.000023 306
0.000039 152
0.000015 277
0.000025 182
0.000004 158
0.000039 412
0.000026 348
0.000031 124
0.000029 344
0.000005 115
0.000019 146
0.000015 147
0.000007 6
0.000058 45
0.000027 297
0.000047 268
0.000036 353
0.000025 108
0.000034 496
0.000014 110
0.000007 43
0.000014 123
0.000053 340
0.000031 301
0.000018 430
0.000037 34
0.000019 616
0.000018 106
0.000008 2
0.000039 347
0.000033 425
0.000006 38
0.000005 106
0.000011 153
0.000017 153
0.000015 9
0.000024 182
0.000006 162
0.000015 145
0.000018 263
0.000029 13
0.000027 340
0.000013 112
0.000016 313
0.000012 38
0.000017 255
0.000029 51
0.000050 574
0.000016 140
0.000025 196
0.000006 114
0.000018 153
0.000004 196
0.000058 306
0.000005 119
0.000014 306
0.000005 34
0.000055 153
0.000009 110
0.000031 353
0.000005 153
0.000027 298
0.000037 314
0.000004 115
0.000004 29
0.000044 417
0.000009 13
0.000004 30
0.000045 558
0.000014 58
0.000029 301
0.000011 9
0.000018 259
0.000030 308
0.000006 37
0.000041 310
0.000014 263
0.000015 2
0.000044 466
0.000005 30
0.000033 269
0.000006 45
0.000036 408
0.000004 42
0.000043 315
0.000032 268
0.000017 306
0.000022 182
0.000019 158
0.000029 112
0.000036 313
0.000020 38
0.000055 714
0.000010 6
0.000035 453
0.000007 43
0.000018 116
0.000039 306
0.000036 41
0.000022 416
0.000048 192
0.000007 123
0.000004 38
0.000015 108
0.000043 619
0.000006 34
0.000005 4
0.000020 144
0.000019 124
0.000012 299
0.000013 41
0.000005 4
0.000023 149
0.000028 259
0.000004 47
0.000030 306
0.000009 110
0.000009 9
0.000029 34
0.000021 310
0.000014 259
0.000020 47
0.000004 102
0.000005 42
0.000004 9
0.000013 106
0.000004 38
0.000030 306
0.000027 162
0.000028 451
0.000034 267
0.000024 308
0.000004 37
0.000004 4
0.000041 301
0.000004 111
0.000014 13
0.000017 182
0.000023 154
0.000011 310
0.000005 119
0.000022 191
0.000022 298
0.000003 110
0.000011 157
0.000018 149
0.000049 204
0.000005 255
0.000027 47
0.000030 569
0.000024 162
0.000057 488
0.000035 270
0.000047 189
0.000049 570
0.000053 195
0.000054 430
0.000005 297
0.000004 39
0.000029 267
0.000031 200
0.000029 297
0.000004 5
0.000026 263
0.000052 468
0.000024 182
0.000036 270
0.000010 37
0.000039 314
0.000010 259
0.000070 650
0.000044 311
0.000074 914
0.000046 152
0.000058 417
0.000006 306
0.000028 157
0.000065 349
0.000005 306
0.000052 306
0.000041 301
0.000128 729
0.000007 466
0.000007 38
0.000036 408
0.000027 4
0.000039 459
0.000008 468
0.000057 642
0.000019 263
0.000018 6
0.000059 198
0.000019 757
0.000004 116
0.000057 306
0.000007 37
0.000020 269
0.000031 504
0.000975 106
0.000068 2765
0.004836 8192
0.000030 4095
0.000016 4095
0.000043 4095
0.000015 4095
0.000015 4095
0.000059 8192
0.000019 4095
0.000043 4095
0.000016 4095
0.000014 3979
0.000006 119
0.000029 183
0.000018 269
0.000010 160
0.000017 34
0.000060 569
0.000006 2
0.000019 153
0.000019 300
0.000048 472
0.000038 450
0.000037 196
0.000006 4
0.000059 255
0.000020 13
0.000025 335
0.000006 1
0.000063 310
0.000026 310
0.000029 298
0.000048 276
0.000028 488
0.000064 723
0.000042 353
0.000031 416
0.000024 38
0.000008 117
0.000035 153
0.000031 351
0.000033 106
0.000005 153
0.000024 315
0.000026 187
0.000021 112
0.000007 198
0.000084 421
0.000006 344
0.000038 145
0.000009 420
0.000042 306
0.000020 306
0.000005 38
0.000006 5
0.000010 119
0.000027 335
0.000039 264
0.000023 200
0.000005 149
0.000004 8
0.000018 261
0.000061 151
0.003873 149
0.000220 2421
0.000061 4095
0.000052 4095
0.000060 8192
0.000009 940
0.000051 606
0.000034 348
0.000037 311
0.000007 112
0.000039 153
0.000060 347
0.000008 301
0.000034 421
0.000038 191
0.000036 5
0.000059 157
0.000005 108
0.000034 453
0.002383 4095
0.000074 8192
0.003770 4095
0.000058 4095
0.000033 8192
0.000018 4095
0.001018 4095
0.000024 4095
0.000038 4095
0.000068 4095
0.000046 4095
0.000046 4095
0.000024 4095
0.000022 4095
0.000688 4095
0.000016 2342
0.002059 4095
0.000019 4095
0.000922 4095
0.000019 4095
0.000017 4095
0.006120 4095
0.000034 4095
0.000032 8192
0.000018 4095
0.000026 8192
0.000016 4095
0.000034 4095
0.000010 3468
0.001179 2
0.000044 4095
0.000015 4095
0.000017 4095
0.000024 4095
0.000010 1719
0.000049 36
0.000025 158
0.000051 119
0.000066 30
0.000058 152
0.000057 115
0.000078 306
0.000184 1569
0.000097 1187
0.000005 41
0.000028 110
0.000036 651
0.000035 269
0.000005 306
0.000045 765
0.000045 300
0.000036 654
0.000010 115
0.000045 761
0.000032 200
0.000030 569
0.000051 461
0.000005 306
0.000020 45
0.000040 871
0.000058 761
0.000019 43
0.000029 575
0.000038 657
0.000026 298
0.000051 416
0.000064 200
0.000014 616
0.000086 1071
0.000046 268
0.000038 752
0.000036 306
0.000063 654
0.000035 277
0.000100 795
0.000144 1232
0.000039 909
0.000050 311
0.000026 412
0.000056 472
0.000005 459
0.000045 340
0.000223 272
0.000020 2133
0.000043 200
0.000029 302
0.000034 454
0.000037 264
0.000100 1230
0.000033 194
0.000028 265
0.000034 37
0.000031 306
0.000054 616
0.000022 455
0.000034 269
0.000029 190
0.000049 612
0.000041 267
0.000052 803
0.000031 268
0.000033 306
0.000051 621
0.000030 293
0.000027 349
0.000027 123
0.000051 599
0.000083 812
0.000029 302
0.000037 305
0.000037 464
0.000032 425
0.000037 344
0.000063 918
0.000036 306
0.000033 450
0.000042 460
0.000027 116
0.000029 612
0.000053 383
0.000005 229
0.000047 151
0.000071 761
0.000005 502
0.000032 310
0.000027 302
0.000050 575
0.000033 306
0.000052 649
0.000033 416
0.000032 195
0.000040 464
0.000005 149
0.000053 276
0.000022 146
0.000069 765
0.000030 45
0.000035 604
0.000025 114
0.000047 774
0.000030 293
0.000039 349
0.000037 276
0.000051 299
0.000007 457
0.000027 162
0.000057 297
0.000005 349
0.000028 149
0.000058 420
0.000031 308
0.000021 304
0.000035 459
0.000021 39
0.000018 153
0.000067 726
0.000008 200
0.000005 145
0.000026 276
0.000024 191
0.000022 153
0.000023 718
0.000020 47
0.000043 255
0.000042 319
0.000023 297
0.000019 308
0.000022 612
0.000020 41
0.000005 49
0.000097 1128
0.000042 472
0.000068 947
0.000029 111
0.000065 1224
0.000040 348
0.000071 460
0.000007 458
0.000037 315
0.000037 604
0.000033 582
0.000036 293
0.000048 204
0.000007 455
0.000030 418
0.000044 763
0.000041 315
0.000026 297
0.000023 306
0.000039 803
0.000034 277
0.000062 489
0.000019 116
0.005361 918
0.000069 4095
0.000023 4095
0.000068 8192
0.000022 4095
0.000029 6132
0.000007 2048
0.000051 4095
0.000015 2048
0.000013 2049
0.000066 4095
0.000015 2243
0.000061 918
0.000064 112
0.000161 1996
0.000006 29
0.000069 430
0.000065 459
0.000005 38
0.000070 567
0.000098 649
0.000006 123
0.000092 605
0.000007 198
0.000122 1071
0.000008 561
0.000004 42
0.000119 270
0.000104 1222
0.000006 497
0.000125 621
0.000134 761
0.000119 877
0.000065 918
0.000069 648
0.000006 307
0.000046 110
0.000064 357
0.000037 268
0.000045 146
0.000036 7
0.000035 30
0.000051 116
0.000448 3096
0.000005 9
0.000031 255
0.000036 153
0.000031 43
0.000047 114
0.000016 39
0.000059 116
0.000027 153
0.000053 37
0.000022 152
0.000050 9
0.000044 115
0.000025 38
0.001864 4095
0.000026 4095
0.000048 3053
0.000940 4095
0.000020 4095
0.000018 4095
0.001351 4095
0.000052 4095
0.000039 4095
0.004939 6211
0.000046 4095
0.000015 4095
0.000043 4095
0.000056 4095
0.000016 4095
0.000015 4095
0.000045 4095
0.000035 4095
0.000018 4095
0.000007 1997
0.001626 4095
0.000027 4095
0.000020 4095
0.000018 3688
0.000419 8192
0.000008 673
0.000029 1
0.000047 114
0.002157 4095
0.000032 4095
0.000031 8192
0.000047 4095
0.000068 4658
0.000075 454
0.000004 9
0.000155 1224
0.000006 115
0.000099 297
0.000428 4095
0.000008 1062
0.000041 513
0.000085 599
0.000022 616
0.000135 1379
0.000048 653
0.000074 1024
0.000093 618
0.000073 1065
0.000060 312
0.000070 496
0.000069 918
0.000006 116
0.000005 36
0.000195 1233
0.000010 297
0.000038 430
0.000006 340
0.000040 265
0.000006 194
0.004991 914
0.000100 4095
0.000024 4095
0.000026 4095
0.000021 4095
0.000023 4095
0.000032 8192
0.000018 4095
0.000039 4095
0.000018 4095
0.000005 277
0.000043 3145
0.000041 425
0.000032 144
0.000025 192
0.000005 267
0.000064 455
0.000006 195
0.000037 459
0.000034 124
0.000006 187
0.000004 110
0.000027 349
0.000023 259
0.000030 13
0.000006 344
0.000029 302
0.000005 112
0.000044 347
0.000005 302
0.000022 269
0.000005 37
0.000005 123
0.000022 293
0.000030 196
0.000027 276
0.000035 299
0.000026 41
0.000032 578
0.000006 140
0.000004 13
0.000021 34
0.000023 454
0.000026 115
0.000033 621
0.000008 183
0.000016 153
0.000028 416
0.000004 6
0.000012 160
0.000015 34
0.000019 153
0.000010 263
0.000046 155
0.000008 504
0.000014 149
0.000005 112
0.000014 151
0.000005 38
0.000024 153
0.000032 459
0.000004 9
0.000011 108
0.000020 151
0.000005 43
0.000019 112
0.000004 153
0.000005 153
0.000052 37
0.000050 314
0.000061 298
0.000021 269
0.000007 189
0.000029 154
0.001897 735
0.000056 4095
0.000017 4095
0.000096 4095
0.000016 3810
0.000093 1187
0.000043 1107
0.000064 729
0.000062 610
0.000025 196
0.000071 425
0.000007 299
0.000085 653
0.000065 760
0.000060 617
0.000055 724
0.000063 457
0.000101 461
0.000011 306
0.000087 459
0.000060 619
0.000055 450
0.000027 345
0.000059 429
0.000117 918
0.000039 605
0.000055 457
0.000073 497
0.000038 574
0.000056 315
0.000064 497
0.000098 761
0.000044 153
0.000031 4
0.001342 608
0.000051 418
0.000007 198
0.000013 261
0.000041 459
0.000046 306
0.000030 496
0.000041 276
0.000026 344
0.000005 108
0.000041 504
0.000026 115
0.000008 182
0.000016 231
0.000036 80
0.000077 616
0.000012 412
0.000020 47
0.000005 115
0.000026 153
0.000034 140
0.000037 625
0.000057 29
0.000007 162
0.000070 412
0.000084 200
0.000007 153
0.000078 306
0.000037 459
0.000006 108
0.000018 153
0.000043 453
0.000005 43
0.000006 161
0.000035 306
0.000089 153
0.000010 421
0.000018 183
0.000016 116
0.000061 653
0.000015 106
0.000121 43
0.000038 926
0.000010 408
0.000006 157
0.000018 155
0.000005 37
0.000148 573
0.000009 38
0.000033 617
0.000006 112
0.000103 313
0.000044 493
0.000007 119
0.000060 641
0.000042 468
0.000046 414
0.000033 189
0.000006 115
0.000044 162
0.003801 344
0.000052 4095
0.000021 4095
0.000106 4095
0.000021 4095
0.000027 8192
0.000086 8192
0.000051 4095
0.000020 4095
0.000016 3981
0.000068 761
0.000026 13
0.000028 187
0.000023 455
0.000005 8
0.000030 115
0.000026 144
0.000042 315
0.000009 299
0.000005 41
0.000006 112
0.000057 151
0.000044 344
0.000045 124
0.000007 153
0.000005 153
0.000108 497
0.000026 302
0.000037 608
0.000031 458
0.000018 124
0.000007 144
0.000035 155
0.000007 343
0.000072 459
0.000039 276
0.000005 187
0.000027 459
0.000092 455
0.000009 764
0.000031 307
0.000033 153
0.000041 769
0.000041 301
0.000040 613
0.000005 8
0.000035 421
0.000006 38
0.000047 412
0.000136 614
0.000059 1069
0.000006 345
0.000125 926
0.000007 268
0.000034 599
0.000048 255
0.000009 246
0.003580 7946
0.000030 4095
0.000020 4097
0.000016 2987
0.000063 264
0.000029 625
0.000031 336
0.000103 467
0.000033 102
0.000056 310
0.000042 191
0.000053 576
0.000030 190
0.000065 569
0.000045 159
0.000037 342
0.000053 162
0.000031 459
0.000039 567
0.000004 36
0.000033 158
0.000047 612
0.000005 4
0.000029 268
0.000041 450
0.000030 153
0.000025 196
0.000032 418
0.000049 198
0.000046 761
0.000080 612
0.000049 157
0.000024 261
0.000172 504
0.000021 757
0.000042 429
0.000043 153
0.000045 488
0.000056 315
0.000006 450
0.000025 158
0.000070 310
0.000035 421
0.000011 144
0.000005 155
0.000079 495
0.000006 162
0.000029 421
0.000060 646
0.000017 153
0.000023 119
0.000094 497
0.000006 268
0.000024 293
0.000022 159
0.000111 653
0.000054 119
0.000006 293
0.000034 310
0.000013 155
0.000029 160
0.000006 146
0.000019 151
0.000006 43
0.000005 112
0.000016 37
0.000007 123
0.000026 38
0.000024 153
0.000027 459
0.000006 115
0.000041 153
0.000026 335
0.000015 153
0.000022 315
0.000048 466
0.000024 137
0.000017 115
0.006577 308
0.000038 4095
0.000018 4095
0.000094 8192
0.000023 4095
0.000010 3056
0.000023 483
0.000093 4095
0.000016 4095
0.000049 4095
0.000027 8192
0.000012 381
0.000078 261
0.000008 457
0.000047 344
0.000038 5
0.000047 418
0.000006 41
0.000028 265
0.000028 45
0.000030 145
0.000005 157
0.000022 263
0.000005 38
0.000027 117
0.000037 313
0.000016 144
0.000009 38
0.000065 417
0.000069 195
0.000026 277
0.000006 29
0.000038 154
0.000027 161
0.000027 561
0.000060 510
0.000026 149
0.000004 110
0.000037 349
0.000025 149
0.000004 114
0.000025 200
0.000026 108
0.000007 194
0.000005 153
0.000005 110
0.000007 9
0.000023 144
0.000025 43
0.000005 148
0.000034 158
0.000006 310
0.000030 261
0.000018 45
0.000052 421
0.000006 183
0.000041 306
0.000023 161
0.000027 145
0.000013 263
0.000019 47
0.000027 148
0.000004 162
0.000031 567
0.000005 7
0.000004 38
0.000005 106
0.000021 43
0.000028 425
0.000035 340
0.000012 4
0.000031 298
0.000057 422
0.000049 147
0.000004 6
0.000019 41
0.000033 157
0.000005 412
0.000052 468
0.000006 29
0.000005 111
0.000020 43
0.000017 114
0.000027 302
0.000020 204
0.000023 145
0.000026 306
0.000033 314
0.000039 261
0.000030 153
0.000022 504
0.000023 115
0.000040 605
0.000015 190
0.000020 276
0.000015 153
0.000021 191
0.000016 108
0.000005 160
0.000019 34
0.000028 454
0.000005 111
0.000025 43
0.000022 276
0.000064 765
0.000029 306
0.000024 336
0.000053 569
0.000005 166
0.000024 191
0.000041 108
0.000008 347
0.000053 306
0.000040 110
0.000014 43
0.000021 302
0.000025 116
0.000023 606
0.000038 204
0.000005 145
0.000035 416
0.000008 4
0.000006 38
0.000020 158
0.000056 571
0.000030 153
0.000008 190
0.000005 114
0.000027 149
0.000029 166
0.000018 187
0.000005 148
0.000021 162
0.000021 297
0.000023 117
0.000026 153
0.000004 190
0.000018 269
0.000026 41
0.000042 607
0.000027 115
0.000023 191
0.000024 430
0.000033 30
0.000005 306
0.000022 4
0.000011 263
0.000033 43
0.000025 259
0.000005 349
0.000035 306
0.000023 269
0.000020 457
0.000029 302
0.000014 6
0.000029 147
0.000005 6
0.000022 190
0.000027 8
0.000006 153
0.000056 298
0.000064 879
0.000033 306
0.000006 2
0.000049 496
0.000020 116
0.000028 313
0.000024 306
0.000036 293
0.000031 506
0.000031 418
0.000025 304
0.000029 200
0.000050 450
0.000023 115
0.000043 502
0.000015 148
0.000005 117
0.000025 194
0.000036 157
0.000006 306
0.000005 149
0.000030 301
0.000005 5
0.000071 724
0.000042 496
0.000035 467
0.000006 102
0.000006 157
0.000024 153
0.000031 308
0.000050 153
0.000020 347
0.000035 459
0.000004 110
0.000061 461
0.000025 41
0.000030 416
0.000034 306
0.000030 353
0.000028 298
0.000027 305
0.000023 5
0.000021 119
0.000006 187
0.000006 119
0.000025 183
0.000030 161
0.000027 302
0.000029 272
0.000004 30
0.000036 573
0.000004 47
0.000024 298
0.000035 305
0.000021 115
0.000051 808
0.000018 310
0.000023 298
0.000034 269
0.000007 37
0.000022 157
0.000023 418
0.000044 495
0.000010 124
0.000022 183
0.000031 314
0.000026 255
0.000005 204
0.000024 302
0.000024 153
0.000034 265
0.000039 153
0.000006 198
0.000026 421
0.000040 144
0.000036 506
0.000024 149
0.000006 259
0.000023 200
0.000031 569
0.000030 344
0.000016 153
0.000036 270
0.000004 160
0.000021 306
0.000020 153
0.000029 146
0.000024 194
0.000007 259
0.000004 153
0.000014 13
0.000005 153
0.000018 183
0.000022 161
0.000004 115
0.000044 182
0.000030 417
0.000006 42
0.000030 9
0.000013 261
0.000009 37
0.000020 116
0.003827 4095
0.000115 4095
0.000026 4095
0.000043 8192
0.000046 4095
0.000082 4671
0.000054 3077
0.000011 773
0.000005 149
0.000033 272
0.000034 340
0.000033 310
0.000054 574
0.000030 182
0.000057 417
0.000047 159
0.000030 453
0.000021 153
0.000036 245
0.000005 104
0.000059 306
0.000007 463
0.000007 149
0.000004 8
0.000024 149
0.000038 265
0.000027 36
0.000068 617
0.000041 106
0.000117 769
0.000009 2
0.000005 41
0.000528 5920
0.000006 195
0.000024 421
0.000042 196
0.000024 612
0.000029 412
0.000019 51
0.000004 144
0.000018 270
0.000028 41
0.000018 425
0.000022 144
0.000032 459
0.000024 196
0.000010 157
0.000005 145
0.000019 161
0.000004 145
0.000017 276
0.000020 153
0.000004 38
0.000027 421
0.000029 344
0.000027 115
0.000017 340
0.000019 302
0.000024 116
0.000022 304
0.000005 302
0.000017 159
0.000004 45
0.000017 144
0.000004 154
0.000374 2870
0.000011 306
0.000033 45
0.000032 412
0.000031 191
0.000008 9
0.000006 144
0.000023 9
0.000007 259
0.000045 308
0.000007 151
0.000040 43
0.002095 2248
0.000077 4095
0.000083 8192
0.000072 7340
0.000006 463
0.000084 1177
0.000028 200
0.000009 306
0.000025 148
0.000006 115
0.000062 344
0.000008 307
0.000034 116
0.000004 306
0.000026 37
0.000074 153
0.000008 422
0.000111 606
0.000008 6
0.000004 153
0.000073 606
0.000037 159
0.000031 459
0.000033 198
0.000077 421
0.000076 153
0.000043 497
0.000013 108
0.000029 198
0.000029 153
0.000022 421
0.000027 187
0.000025 310
0.000037 414
0.000015 36
0.000022 277
0.000024 183
0.000021 269
0.000035 304
0.000021 39
0.000033 153
0.000011 306
0.000004 123
0.000035 191
0.000005 108
0.000030 160
0.000007 191
0.000014 145
0.000017 114
0.000036 38
0.000077 158
0.000008 263
0.000031 650
0.000005 9
0.000028 261
0.000032 459
0.000017 45
0.000021 259
0.000020 302
0.000006 214
0.000005 245
0.000079 310
0.000007 621
0.000023 30
0.000005 269
0.000005 151
0.000026 149
0.000004 42
0.000023 306
0.000031 315
0.000037 604
0.000031 269
0.000025 194
0.000022 119
0.000026 605
0.000047 306
0.000007 198
0.000043 718
0.000005 38
0.000028 307
0.000005 114
0.000026 315
0.000029 144
0.000005 47
0.000039 450
0.000005 315
0.000006 149
0.000027 302
0.000047 458
0.000042 306
0.000025 158
0.000007 157
0.000032 574
0.000075 603
0.000020 47
0.000034 604
0.000019 123
0.000006 293
0.000004 42
0.000005 115
0.000005 9
0.000045 450
0.000044 455
0.000006 47
0.000072 571
0.000008 612
0.000038 347
0.000024 412
0.000037 357
0.000021 153
0.000005 145
0.000055 764
0.000035 277
0.000026 344
0.000041 459
0.000024 153
0.000034 459
0.000036 567
0.000026 351
0.000006 255
0.000026 204
0.000044 261
0.000016 495
0.000026 430
0.000036 459
0.000023 182
0.000006 154
0.000055 612
0.000006 153
0.000006 153
0.000026 116
0.000006 37
0.000044 305
0.000037 315
0.000032 412
0.000020 155
0.000046 648
0.000021 306
0.000006 270
0.000027 194
0.000005 119
0.000032 450
0.000006 2
0.000005 45
0.000075 451
0.000007 616
0.000037 455
0.000034 467
0.000062 873
0.000029 37
0.000029 582
0.000025 144
0.000066 612
0.000008 345
0.000030 575
0.000032 306
0.000031 41
0.000007 418
0.000006 7
0.000004 38
0.000026 421
0.000031 306
0.000036 182
0.000006 459
0.000005 124
0.000006 30
0.000004 116
0.000029 190
0.000030 458
0.000086 277
0.000007 497
0.000043 306
0.000026 412
0.000024 155
0.000004 147
0.000063 502
0.000006 267
0.000027 162
0.000064 909
0.000007 38
0.000006 115
0.000024 192
0.000020 114
0.000015 149
0.000006 51
0.000020 268
0.000025 140
0.000026 306
0.000004 166
0.000022 146
0.000021 306
0.000039 347
0.000023 112
0.000011 45
0.000021 297
0.000033 277
0.000004 144
0.000032 302
0.000017 204
0.000022 255
0.000023 13
0.000039 191
0.000005 414
0.000035 459
0.000004 7
0.000022 344
0.000027 106
0.000005 43
0.000024 454
0.000027 268
0.000020 153
0.000021 162
0.000026 146
0.000033 304
0.000036 200
0.000037 451
0.000045 276
0.000004 34
0.000022 110
0.000024 345
0.000023 161
0.000029 149
0.000005 272
0.000005 38
0.000020 259
0.000027 196
0.000010 110
0.000027 196
0.000004 110
0.000042 315
0.000044 459
0.000004 38
0.000039 298
0.000033 161
0.000022 720
0.000027 306
0.000004 41
0.000030 110
0.000030 344
0.000035 111
0.000006 349
0.000039 305
0.000020 117
0.000033 151
0.000030 306
0.000005 344
0.000006 153
0.000004 117
0.000020 190
0.000017 8
0.000035 255
0.000004 195
0.000022 124
0.000006 187
0.000005 106
0.000005 6
0.000006 37
0.000020 110
0.000003 13
0.000053 340
0.000038 112
0.000043 343
0.000033 110
0.000013 195
0.000023 311
0.000028 265
0.000025 198
0.000023 149
0.000026 157
0.000021 297
0.000041 876
0.000018 51
0.000004 145
0.000019 110
0.000022 310
0.000021 196
0.000025 148
0.000005 158
0.000027 272
0.000024 17
0.000004 174
0.000005 106
0.000026 196
0.000021 263
0.000037 308
0.000017 160
0.000004 30
0.000019 116
0.000040 453
0.000025 43
0.000028 416
0.000022 157
0.000015 39
0.000021 161
0.000015 297
0.000019 5
0.000037 607
0.000023 162
0.000004 108
0.000025 347
0.000037 112
0.000048 610
0.000005 38
0.000028 277
0.000057 144
0.000005 149
0.000026 204
0.000041 306
0.000010 412
0.000005 153
0.000022 155
0.000022 198
0.000055 603
0.000030 306
0.000004 115
0.000024 262
0.000018 193
0.000051 159
0.000006 606
0.000006 42
0.000031 270
0.000025 41
0.000005 263
0.000024 153
0.000004 43
0.000023 119
0.000004 293
0.000022 195
0.000032 268
0.000015 192
0.000005 114
0.000037 39
0.000004 305
0.000034 270
0.000021 153
0.000028 351
0.000013 108
0.000058 342
0.000011 311
0.000039 416
0.000006 200
0.000004 149
0.000015 148
0.000059 311
0.000005 306
0.000063 455
0.000029 269
0.000027 45
0.000029 408
0.000020 195
0.000021 153
0.000010 9
0.000029 298
0.000039 420
0.000025 308
0.000026 160
0.000019 144
0.000013 47
0.000012 149
0.000024 259
0.000005 42
0.000031 158
0.000014 106
0.000014 200
0.000019 4
0.000020 261
0.000006 36
0.000021 124
0.000022 187
0.000021 119
0.000016 450
0.000019 47
0.000009 145
0.000021 305
0.000015 115
0.000019 9
0.000015 146
0.000021 194
0.000021 112
0.000030 189
0.000007 162
0.000020 102
0.000023 51
0.000005 149
0.000030 153
0.000015 416
0.000035 9
0.000006 293
0.000025 310
0.000005 2
0.000016 45
0.000040 414
0.000004 37
0.000018 161
0.000050 106
0.000022 506
0.000018 261
0.000072 300
0.000006 159
0.000043 504
0.000005 108
0.000041 313
0.000004 30
0.000041 306
0.000014 110
0.000028 196
0.000004 123
0.000044 336
0.000005 4
0.000041 302
0.000004 153
0.000039 314
0.000004 108
0.000021 41
0.000028 459
0.000028 310
0.000044 408
0.000022 196
0.000029 153
0.000046 314
0.000004 149
0.000014 119
0.000075 459
0.000004 297
0.000025 308
0.000016 37
0.000044 422
0.000004 41
0.000058 454
0.000004 111
0.000041 200
0.000030 306
0.000054 425
0.000004 34
0.000025 119
0.000133 758
0.000007 457
0.000040 459
0.000012 43
0.000020 157
0.000005 108
0.000032 351
0.000045 421
0.000039 182
0.000027 115
0.000007 162
0.000017 293
0.000037 463
0.000043 162
0.000012 336
0.000011 110
0.000011 157
0.000005 149
0.000005 13
0.000037 297
0.000004 39
0.000028 305
0.000049 270
0.000005 41
0.000067 569
0.000004 200
0.000059 727
0.000007 153
0.000011 34
0.000021 157
0.000017 108
0.000054 347
0.000004 259
0.000010 153
0.000069 204
0.000015 297
0.000015 162
0.000050 108
0.000024 342
0.000042 423
0.000007 194
0.000025 119
0.000027 344
0.000062 455
0.000019 259
0.000026 200
0.000018 302
0.000014 116
0.000021 153
0.006068 619
0.000026 4095
0.000055 4095
0.000017 4095
0.000030 8192
0.000015 4095
0.000034 4095
0.000016 4095
0.000027 8192
0.000013 3909
0.000006 302
0.000031 422
0.000039 459
0.000040 304
0.000061 459
0.000036 345
0.000048 612
0.000027 269
0.000020 45
0.000035 408
0.000039 310
0.000069 461
0.000005 304
0.000056 353
0.000038 567
0.000042 495
0.000040 464
0.000005 259
0.000041 6
0.000033 495
0.000035 268
0.000043 257
0.000052 663
0.000028 194
0.000024 425
0.000050 459
0.000005 182
0.000052 417
0.000004 200
0.000015 110
0.000030 315
0.000004 38
0.000025 106
0.000038 459
0.000004 47
0.000040 108
0.000005 313
0.000060 599
0.000048 42
0.000028 583
0.000022 30
0.000092 269
0.000005 45
0.000031 255
0.000044 616
0.000020 43
0.000082 1177
0.000004 153
0.000029 204
0.000030 140
0.000051 625
0.000042 727
0.000044 493
0.000019 306
0.000005 106
0.000011 200
0.000010 4
0.000017 115
0.000011 336
0.000062 420
0.000015 353
0.000004 106
0.000013 153
0.000053 308
0.000086 466
0.000015 765
0.000046 603
0.000036 345
0.000039 416
0.000111 655
0.000020 157
0.000017 153
0.000016 112
0.000025 189
0.000051 421
0.000006 43
0.000032 455
0.000055 728
0.000015 198
0.000039 268
0.000030 335
0.000006 115
0.000016 47
0.000015 149
0.000104 731
0.000008 340
0.001624 4095
0.000032 8192
0.000017 4095
0.000013 2585
0.000005 117
0.000035 648
0.000004 5
0.000006 4
0.000082 714
0.000084 370
0.000071 743
0.000005 154
0.000029 573
0.000031 149
0.000004 195
0.000023 124
0.000022 293
0.000021 312
0.000007 300
0.000023 153
0.000021 200
0.000005 301
0.000023 153
0.000022 268
0.000016 196
0.000020 310
0.000012 153
0.000016 298
0.000016 161
0.000022 268
0.000024 187
0.000005 265
0.000023 147
0.000023 195
0.000022 270
0.000028 342
0.000031 311
0.000043 301
0.000554 158
0.000017 712
0.000107 4095
0.000019 4095
0.000039 1612
0.000007 306
0.000021 162
0.000050 336
0.000028 116
0.000410 4095
0.000008 842
0.000019 301
0.000012 115
0.000047 47
0.000044 567
0.000005 459
0.000046 963
0.000025 153
0.000029 306
0.000026 604
0.000025 157
0.000015 263
0.000032 659
0.000006 108
0.000047 504
0.000021 149
0.000015 463
0.000019 268
0.000005 183
0.000041 157
0.000023 454
0.000015 468
0.000032 153
0.000028 873
0.000035 151
0.000013 392
0.000013 222
0.000057 198
0.000011 455
0.000026 459
0.000013 412
0.000021 51
0.000030 298
0.000056 429
0.001368 918
0.000100 8192
0.000149 7273
0.000017 1968
0.000009 9
0.000108 1217
0.000053 466
0.000119 956
0.000072 459
0.000009 144
0.000006 264
0.000015 4
0.000024 155
0.000043 453
0.000009 159
0.000027 37
0.000039 722
0.000030 196
0.000043 467
0.000024 145
0.000026 422
0.000040 351
0.000009 145
0.000062 569
0.000057 43
0.000019 422
0.000004 45
0.000105 720
0.000008 306
0.000033 504
0.000023 144
0.000076 459
0.000025 115
0.000054 804
0.000015 8
0.000042 261
0.000006 342
0.000079 307
0.000007 73
0.000109 543
0.000038 106
0.000018 510
0.000029 153
0.000019 261
0.000007 160
0.000027 299
0.000016 45
0.000039 259
0.000031 315
0.000023 599
0.000004 42
0.000015 124
0.000006 140
0.000019 157
0.000005 39
0.000023 114
0.000032 345
0.000070 612
0.000007 123
0.000020 187
0.000060 418
0.000007 147
0.000004 6
0.000021 194
0.000012 112
0.000020 45
0.000030 459
0.000013 115
0.000005 34
0.000006 112
0.000035 36
0.000019 417
0.000022 200
0.000019 110
0.000028 43
0.000006 265
0.000008 7
0.000082 146
0.000015 41
0.000034 152
0.000048 264
0.000029 149
0.000006 157
0.000033 39
0.000026 305
0.000006 153
0.000028 153
0.000023 277
0.000017 182
0.000025 1
0.000017 310
0.000006 106
0.000031 159
0.000005 151
0.000034 344
0.000017 115
0.000006 43
0.000037 425
0.000016 29
0.000018 1
0.000066 420
0.000071 461
0.000044 500
0.000055 616
0.000049 450
0.000025 124
0.000037 493
0.000032 412
0.000007 6
0.000008 147
0.000017 157
0.000036 192
0.000128 569
0.000049 159
0.000073 763
0.000006 47
0.000051 451
0.000008 152
0.000006 154
0.000027 114
0.000049 349
0.000038 418
0.000017 306
0.000004 45
0.000020 108
0.000034 343
0.000006 114
0.000005 47
0.000017 153
0.000018 153
0.000013 106
0.000015 153
0.000025 196
0.000039 302
0.000069 765
0.000006 153
0.000024 153
0.000017 8
0.000017 259
0.000024 47
0.000024 268
0.000016 293
0.000065 472
0.000007 299
0.000032 160
0.000007 140
0.000017 47
0.000017 4
0.000026 261
0.000104 304
0.000084 761
0.000009 51
0.000027 414
0.000008 45
0.000023 106
0.000027 200
0.000021 574
0.000009 144
0.000006 43
0.000017 4
0.000032 451
0.000007 8
0.000008 108
0.000006 147
0.000012 6
0.000017 194
0.000006 110
0.000023 192
0.000019 110
0.000022 319
0.000024 140
0.000006 312
0.000038 313
0.000009 29
0.000034 570
0.000018 153
0.000032 200
0.000017 119
0.000022 153
0.000019 183
0.000013 4
0.000004 112
0.000053 342
0.000010 430
0.000017 140
0.000024 463
0.000015 43
0.000022 153
0.000004 306
0.000029 301
0.000010 124
0.000030 336
0.000005 267
0.000019 149
0.000004 204
0.000015 149
0.000030 259
0.000006 349
0.000030 152
0.000010 423
0.000031 495
0.000060 430
0.000018 336
0.000024 116
0.000020 500
0.000029 119
0.000005 183
0.000028 305
0.000019 306
0.000005 307
0.000018 116
0.000017 190
0.000010 306
0.000004 153
0.000018 123
0.000004 182
0.000030 158
0.000011 455
0.000027 114
0.000016 302
0.000010 310
0.000006 149
0.000017 51
0.000033 459
0.000004 149
0.000027 459
0.000018 119
0.000006 183
0.000019 269
0.000005 41
0.000017 149
0.000019 161
0.000010 408
0.000026 157
0.000019 302
0.000005 195
0.000030 430
0.000014 182
0.000022 115
0.000004 308
0.000037 457
0.000016 43
0.000031 454
0.000005 307
0.000015 116
0.000018 189
0.000015 421
0.000010 153
0.000035 149
0.000007 349
0.000005 116
0.000021 343
0.000022 8
0.000023 408
0.000004 319
0.000018 295
0.000015 45
0.000036 259
0.000006 310
0.000067 612
0.000011 2
0.000006 36
0.000010 124
0.000009 38
0.000032 108
0.000005 153
0.000026 453
0.000010 153
0.000020 13
0.000041 497
0.000019 261
0.000030 347
0.000018 263
0.000023 344
0.000013 115
0.000041 497
0.000004 111
0.000032 200
0.000007 265
0.000005 7
0.000018 146
0.000059 649
0.000006 116
0.000025 343
0.000006 114
0.000007 9
0.000010 146
0.000023 7
0.000030 299
0.000055 606
0.000007 157
0.000004 43
0.000039 112
0.000010 496
0.000015 110
0.000006 51
0.000007 145
0.000033 123
0.000049 650
0.000017 298
0.000027 314
0.000029 306
0.000032 306
0.000042 608
0.000060 425
0.000045 183
0.000034 575
0.000032 37
0.000014 310
0.000026 578
0.000006 144
0.000024 38
0.000018 162
0.000056 867
0.000007 51
0.000005 149
0.000046 578
0.000017 335
0.000027 158
0.000027 412
0.000058 319
0.000006 297
0.000017 497
0.000005 1
0.000015 114
0.000016 315
0.000031 146
0.000053 653
0.000015 112
0.000019 347
0.000004 110
0.000017 47
0.000032 108
0.000041 500
0.000017 265
0.000032 459
0.000004 41
0.000030 306
0.000055 454
0.000005 315
0.000036 306
0.000031 298
0.000095 429
0.000006 340
0.000049 301
0.000034 315
0.000033 412
0.000033 349
0.000028 51
0.000044 527
0.000042 642
0.000025 161
0.000037 297
0.000007 277
0.000026 299
0.000015 37
0.000012 116
0.000029 153
0.000005 160
0.000022 306
0.000015 140
0.000017 6
0.000005 151
0.000004 43
0.000021 157
0.000027 106
0.000033 497
0.000017 117
0.000016 37
0.000022 263
0.000007 6
0.000013 190
0.000041 276
0.000005 34
0.000030 310
0.000056 298
0.000023 276
0.000017 182
0.000017 115
0.000015 47
0.000014 102
0.000040 204
0.000004 108
0.000047 306
0.000032 151
0.000007 191
0.000004 117
0.000024 160
0.000051 493
0.000012 4
0.000025 255
0.000017 159
0.000055 45
0.000007 298
0.000006 153
0.000022 123
0.000027 34
0.000004 157
0.000031 268
0.000006 30
0.000023 161
0.000009 106
0.000007 38
0.000006 9
0.000007 108
0.000006 45
0.000026 261
0.000009 37
0.000014 8
0.000023 115
0.000008 293
0.000013 13
0.000008 146
0.000004 7
0.000008 30
0.000005 110
0.000013 43
0.000005 110
0.000037 13
0.000007 191
0.000069 421
0.000006 191
0.000031 408
0.000018 51
0.000049 612
0.000023 108
0.000023 194
0.000042 416
0.000051 308
0.000059 194
0.000037 301
0.000038 9
0.000007 297
0.000031 1
0.000008 267
0.000019 345
0.000025 123
0.000035 450
0.000006 38
0.000019 158
0.000018 272
0.000044 187
0.000007 149
0.000003 8
0.000026 261
0.000030 153
0.000004 160
0.000035 335
0.000023 268
0.000029 149
0.000058 463
0.000005 149
0.000014 47
0.000032 301
0.000033 574
0.000018 38
0.000026 270
0.000018 300
0.000033 306
0.000016 43
0.000031 153
0.000006 8
0.000022 268
0.000005 34
0.000015 157
0.000019 268
0.000011 140
0.000017 43
0.000019 157
0.000006 272
0.000020 30
0.000007 153
0.000007 123
0.000023 38
0.000005 106
0.000019 191
0.000024 270
0.000032 342
0.000037 111
0.000016 204
0.000009 144
0.000046 307
0.000035 314
0.000017 108
0.000038 342
0.000006 9
0.000039 412
0.000032 47
0.000026 412
0.000020 353
0.000035 144
0.000018 154
0.000008 276
0.000029 187
0.000006 110
0.000037 155
0.000019 306
0.000016 151
0.000035 308
0.000014 41
0.000022 425
0.000012 38
0.000005 255
0.000010 43
0.000018 110
0.000025 310
0.000006 43
0.000019 157
0.000009 149
0.000018 119
0.000030 191
0.000028 153
0.000017 261
0.000057 304
0.000009 459
0.000062 468
0.000006 144
0.000014 191
0.000024 268
0.000069 9
0.000005 340
0.000028 230
0.000005 72
0.000005 8
0.000010 115
0.000012 38
0.000052 255
0.000006 153
0.000029 6
0.000020 198
0.000020 412
0.000004 38
0.000021 1
0.000026 314
0.000020 149
0.000005 148
0.000004 9
0.000013 153
0.000020 106
0.000016 153
0.000006 162
0.000008 34
0.000070 571
0.000010 37
0.000011 116
0.000014 153
0.000018 153
0.000009 41
0.000021 112
0.000004 189
0.000006 5
0.000026 119
0.000004 183
0.000026 267
0.000004 38
0.000018 277
0.000019 144
0.000031 345
0.000005 8
0.000012 108
0.000018 153
0.000031 300
0.000019 159
0.000029 45
0.000005 306
0.000018 145
0.000026 153
0.000005 161
0.000021 255
0.000004 51
0.000019 145
0.000022 269
0.000011 45
0.000009 144
0.000019 117
0.000024 189
0.000009 115
0.000016 47
0.000017 149
0.000020 272
0.000018 146
0.000005 304
0.000006 47
0.000042 102
0.000005 166
0.000056 293
0.000040 159
0.000004 147
0.000045 306
0.000004 6
0.000054 304
0.000033 502
0.000020 110
0.000020 302
0.000015 157
0.000014 9
0.000036 191
0.000019 408
0.000017 195
0.000033 158
0.000007 110
0.000007 38
0.000034 460
0.000034 161
0.000008 115
0.000006 144
0.000020 155
0.000021 37
0.000013 269
0.000005 41
0.000008 112
0.000029 153
0.000046 459
0.000024 151
0.000055 308
0.000006 147
0.000024 459
0.000022 166
0.000020 38
0.000005 108
0.000020 190
0.000027 110
0.000031 319
0.000019 182
0.000005 270
0.000017 151
0.000006 38
0.000015 115
0.000016 43
0.000026 265
0.000041 41
0.000005 259
0.000026 153
0.000005 4
0.000035 349
0.000016 112
0.000019 45
0.000041 261
0.000026 500
0.000018 153
0.000036 306
0.000031 272
0.000005 38
0.000046 421
0.000005 146
0.000004 36
0.000039 315
0.000005 106
0.000005 2
0.000012 41
0.000023 265
0.000013 37
0.000018 116
0.000017 194
0.000014 112
0.000016 37
0.000018 110
0.000015 196
0.000030 276
0.000016 187
0.000008 157
0.000017 149
0.000039 272
0.000022 34
0.000006 149
0.000012 116
0.000029 300
0.000008 13
0.000005 29
0.000037 162
0.000007 106
0.000031 306
0.000006 9
0.000047 489
0.000006 116
0.000006 37
0.000034 269
0.000031 351
0.000012 115
0.000027 146
0.000016 300
0.000007 42
0.000004 5
0.000044 149
0.000017 4
0.000025 157
0.000006 144
0.000020 270
0.000004 7
0.000016 146
0.000005 36
0.000023 5
0.000004 149
0.000005 123
0.000054 603
0.000018 2
0.000004 41
0.000016 148
0.000005 5
0.000014 119
0.000012 146
0.000019 37
0.000005 123
0.000871 7985
0.000010 111
0.000009 43
0.000027 276
0.000004 29
0.000015 117
0.000027 306
0.000019 160
0.000013 38
0.000014 261
0.000004 36
0.000020 124
0.000022 146
0.000004 41
0.000036 302
0.000005 116
0.000015 153
0.000028 153
0.000011 160
0.000015 182
0.000004 115
0.000023 191
0.000022 124
0.000005 34
0.000005 4
0.000026 144
0.000006 124
0.000049 297
0.000006 162
0.000021 146
0.000023 189
0.000039 612
0.000017 5
0.000018 265
0.000024 304
0.000028 200
0.000024 144
0.000013 264
0.000032 47
0.000005 148
0.000025 162
0.000029 302
0.000024 148
0.000081 162
0.004181 574
0.000048 4095
0.000144 4095
0.000020 4095
0.000028 8192
0.000103 8192
0.000031 4095
0.000020 4095
0.000115 1837
0.000008 465
0.000039 189
0.000007 423
0.000030 466
0.000034 34
0.000007 110
0.000006 192
0.000006 8
0.000039 297
0.000039 417
0.000040 312
0.000006 160
0.000061 452
0.000033 453
0.000029 319
0.000045 297
0.000009 459
0.000005 9
0.000008 38
0.000029 108
0.000069 347
0.000038 578
0.000024 299
0.000067 266
0.000064 958
0.000031 342
0.000014 430
0.000020 30
0.000023 157
0.000024 301
0.000058 421
0.000008 43
0.000004 112
0.000030 300
0.000020 43
0.000021 458
0.000055 423
0.000007 41
0.000055 731
0.000028 340
0.000045 608
0.000057 458
0.000020 268
0.000018 344
0.000052 9
0.000041 412
0.000015 468
0.000027 340
0.000075 722
0.000006 200
0.000021 268
0.002943 4095
0.000039 8192
0.000112 4095
0.000044 4095
0.000035 4095
0.000041 4095
0.000041 4095
0.000023 5067
0.000049 108
0.000008 36
0.000007 1
0.000056 153
0.000009 153
0.000030 8
0.000008 102
0.000028 4
0.000040 155
0.000046 37
0.000009 152
0.000009 1
0.000025 4
0.000043 153
0.000021 119
0.000020 29
0.000030 153
0.000029 153
0.000098 9
0.000027 450
0.000006 1
0.000037 152
0.000050 117
0.000040 453
0.000006 153
0.000039 157
0.000045 38
0.000043 430
0.000036 489
0.000008 116
0.000043 198
0.000029 421
0.000016 335
0.000019 9
0.000013 297
0.000044 162
0.000032 115
0.000004 29
0.000027 115
0.000018 9
0.000014 29
0.000024 5
0.000055 119
0.000035 34
0.001878 8000
0.000026 4095
0.003961 3470
0.000028 4095
0.000015 4095
0.000031 8192
0.000009 1049
0.000086 4095
0.000039 8192
0.000019 4095
0.000029 2187
0.000012 1024
0.000046 614
0.000035 351
0.000075 261
0.000007 153
0.000027 300
0.000004 4
0.000046 47
0.000020 459
0.000016 408
0.000004 43
0.000028 8
0.000005 297
0.000006 115
0.000022 43
0.000024 259
0.000024 463
0.000004 9
0.000029 182
0.000014 421
0.000028 308
0.000013 37
0.000037 467
0.000015 108
0.000004 41
0.000036 425
0.000023 144
0.000041 497
0.000006 9
0.000024 259
0.000014 9
0.000037 641
0.000034 9
0.000008 297
0.000036 270
0.000043 347
0.000039 571
0.000032 657
0.000014 108
0.000005 189
0.000024 115
0.000018 455
0.000051 159
0.000036 36
0.000048 423
0.000060 41
0.000005 112
0.000020 147
0.000025 195
0.000025 277
0.000025 306
0.000027 335
0.000015 417
0.000005 6
0.000026 37
0.000009 267
0.000004 9
0.000014 38
0.000022 268
0.000031 34
0.000005 259
0.000020 153
0.000047 465
0.000613 194
0.002419 4095
0.000042 4095
0.000018 4095
0.000016 4095
0.000033 1822
0.000016 117
0.000053 147
0.000051 43
0.000025 152
0.000055 153
0.000059 9
0.000056 567
0.000022 453
0.000011 13
0.000018 299
0.000020 151
0.000006 38
0.000015 153
0.000020 459
0.000036 264
0.000006 43
0.000073 773
0.000012 149
0.000053 612
0.000036 265
0.000007 300
0.000054 612
0.000006 51
0.000018 261
0.000039 606
0.000037 502
0.000006 4
0.000029 119
0.000019 452
0.000005 153
0.000034 153
0.000006 342
0.000022 264
0.000036 389
0.000016 265
0.000009 5
0.000015 112
0.000004 153
0.000012 45
0.000031 297
0.000023 162
0.000018 459
0.000040 261
0.000005 37
0.000042 416
0.000015 157
0.000022 192
0.000004 161
0.000041 451
0.000005 8
0.000035 302
0.000008 265
0.000025 45
0.000010 268
0.000021 153
0.000032 191
0.000098 115
0.000009 29
0.000050 264
0.000039 43
0.000077 153
0.000005 8
0.000027 144
0.000069 124
0.000045 140
0.000029 42
0.000015 1
0.000005 114
0.000080 39
0.000028 110
0.000007 4
0.000029 38
0.000030 264
0.000019 166
0.000032 144
0.000013 2
0.000105 194
0.000216 724
0.000107 1218
0.000010 4
0.000102 155
0.000044 649
0.000043 575
0.000034 306
0.000057 347
0.000020 418
0.000015 313
0.000004 140
0.000054 357
0.000042 298
0.000007 161
0.000089 574
0.000006 306
0.000023 340
0.000027 306
0.000016 119
0.000031 299
0.000053 351
0.000013 106
0.000047 344
0.000007 158
0.000016 259
0.000005 42
0.000027 154
0.000017 269
0.000012 41
0.000020 263
0.000034 192
0.000010 110
0.000004 43
0.000015 8
0.000004 149
0.000069 110
0.000009 200
0.000014 108
0.000029 189
0.000048 468
0.000037 302
0.000041 112
0.000008 342
0.000005 5
0.000018 110
0.000019 153
0.000007 149
0.000005 6
0.000016 37
0.000021 116
0.000019 342
0.000012 111
0.000018 6
0.000019 151
0.000018 43
0.000017 301
0.000017 154
0.000029 276
0.000054 182
0.000030 570
0.000005 153
0.000047 195
0.000005 306
0.000011 153
0.000009 124
0.000014 140
0.000013 13
0.000017 140
0.000053 195
0.000043 421
0.000013 9
0.000005 297
0.000039 344
0.000005 9
0.000041 565
0.000004 9
0.000009 29
0.000036 290
0.000005 133
0.000022 160
0.000017 140
0.000044 353
0.000048 306
0.000004 106
0.000004 4
0.000010 38
0.000012 124
0.000016 34
0.000026 259
0.000032 353
0.000013 106
0.000025 166
0.000021 140
0.000020 159
0.000014 41
0.000006 119
0.000027 297
0.000015 9
0.000004 34
0.000039 302
0.000044 429
0.000005 30
0.000040 420
0.000006 38
0.000043 315
0.000006 149
0.000038 425
0.000019 30
0.000037 276
0.000017 144
0.000024 308
0.000027 45
0.000007 261
0.000036 351
0.000010 106
0.000038 191
0.000008 264
0.000005 47
0.000036 416
0.000006 39
0.000043 310
0.000017 149
0.000019 8
0.000038 412
0.000018 302
0.000012 43
0.000005 114
0.000015 43
0.000084 616
0.000005 106
0.000017 2
0.000038 466
0.000004 34
0.000050 463
0.000016 106
0.000050 461
0.000027 343
0.000031 116
0.000046 801
0.000035 111
0.000008 306
0.000005 13
0.000040 340
0.000026 112
0.000054 649
0.000007 8
0.000005 153
0.000026 268
0.000016 34
0.000080 760
0.000016 315
0.000005 108
0.000011 37
0.000003 8
0.000011 108
0.000068 492
0.000005 156
0.000015 9
0.000053 567
0.000071 916
0.000034 162
0.000030 299
0.000027 190
0.000073 153
0.000010 416
0.000027 319
0.000028 293
0.000025 463
0.000057 498
0.000006 157
0.000007 4
0.000031 412
0.000028 2
0.000006 198
0.000027 450
0.000058 621
0.000035 408
0.000006 6
0.000005 36
0.000005 115
0.000024 9
0.000006 297
0.000005 39
0.000087 764
0.000006 111
0.000037 357
0.000048 720
0.000006 190
0.000021 276
0.000013 34
0.000005 119
0.000024 38
0.000020 259
0.000015 353
0.000005 115
0.000037 340
0.000036 459
0.000007 153
0.000018 112
0.000009 36
0.000097 1035
0.000031 500
0.000052 110
0.000039 315
0.000039 146
0.000011 351
0.000015 149
0.000069 578
0.000006 344
0.000013 108
0.000057 763
0.000033 306
0.000005 9
0.000061 306
0.000016 182
0.000005 270
0.000038 313
0.000031 140
0.000007 357
0.000006 259
0.000025 38
0.000004 111
0.000029 306
0.000005 13
0.000031 335
0.000037 277
0.000004 34
0.000021 412
0.000023 157
0.000027 39
0.000004 152
0.000014 154
0.000020 269
0.000046 453
0.000006 51
0.000019 268
0.000027 191
0.000005 102
0.000005 13
0.000018 34
0.000018 119
0.000024 452
0.000018 45
0.000050 261
0.000017 610
0.000055 9
0.000007 153
0.000015 144
0.000038 308
0.000026 304
0.000038 39
0.000006 314
0.000014 115
0.000023 336
0.000031 152
0.000005 124
0.000028 153
0.000021 34
0.000022 418
0.000021 194
0.000022 112
0.000021 153
0.000021 313
0.000021 182
0.000027 162
0.000013 115
0.000004 38
0.000036 268
0.000018 183
0.000015 114
0.000033 43
0.000005 310
0.000014 268
0.000030 34
0.000011 416
0.000005 155
0.000062 459
0.000006 37
0.000027 310
0.000060 416
0.000005 196
0.000006 4
0.000005 106
0.000014 39
0.000014 123
0.000030 146
0.000006 153
0.000014 198
0.000024 108
0.000021 160
0.000021 182
0.000023 583
0.000028 30
0.000022 276
0.000031 183
0.000004 123
0.000031 205
0.000032 436
0.000006 264
0.000004 42
0.000039 464
0.000015 157
0.000025 450
0.000025 111
0.000022 196
0.000015 463
0.000028 106
0.000033 310
0.000007 344
0.000097 765
0.000050 770
0.000006 310
0.000006 102
0.000046 357
0.000053 450
0.000023 460
0.000020 276
0.000021 187
0.000034 463
0.000006 145
0.000014 123
0.000029 144
0.000032 345
0.000022 582
0.000008 182
0.000030 417
0.000005 13
0.000022 297
0.000014 47
0.000021 414
0.000020 37
0.000022 263
0.000020 196
0.000018 263
0.000014 357
0.000005 144
0.000056 111
0.000016 195
0.000005 117
0.000004 37
0.000015 8
0.000004 144
0.000023 268
0.000023 43
0.000034 608
0.000004 110
0.000024 196
0.000005 157
0.000042 616
0.000007 145
0.000026 267
0.000029 306
0.000037 196
0.000006 412
0.000041 200
0.000028 454
0.000007 417
0.000005 153
0.000005 42
0.000031 9
0.000013 414
0.000004 7
0.000032 335
0.000028 270
0.000020 306
0.000039 343
0.000006 459
0.000021 152
0.000017 270
0.000011 151
0.000015 308
0.000006 153
0.000016 7
0.000024 344
0.000015 145
0.000024 152
0.000029 612
0.000005 111
0.000022 42
0.000014 158
0.000028 565
0.000006 42
0.000005 9
0.000010 108
0.000010 160
0.000016 140
0.000042 166
0.000006 603
0.000044 153
0.000050 468
0.000052 646
0.000031 259
0.000043 349
0.000005 267
0.000018 149
0.000052 319
0.000020 452
0.000055 496
0.000006 4
0.000006 106
0.000007 42
0.000012 9
0.000024 144
0.000044 774
0.000005 145
0.000023 157
0.000006 4
0.000033 459
0.000006 106
0.000015 162
0.000004 38
0.000012 108
0.000011 45
0.000024 259
0.000038 344
0.000004 153
0.000020 270
0.000019 198
0.000031 298
0.000034 310
0.000026 310
0.000025 302
0.000027 416
0.000041 308
0.000031 504
0.000006 145
0.000006 8
0.000034 259
0.000034 506
0.000017 102
0.000076 310
0.000015 306
0.000019 345
0.000012 8
0.000014 115
0.000059 605
0.000006 45
0.000005 108
0.000007 37
0.000011 114
0.000069 153
0.000038 1267
0.000017 112
0.000042 343
0.000020 429
0.000050 336
0.000007 116
0.000027 306
0.000004 36
0.000005 115
0.000023 192
0.000014 4
0.000047 607
0.000047 162
0.001973 1041
0.000024 4095
0.000021 4095
0.000019 4095
0.003028 4095
0.000033 4095
0.000046 4095
0.000118 4095
0.000026 4095
0.000056 4095
0.000020 4095
0.000023 4095
0.000103 4095
0.000022 3624
0.000029 159
0.000057 147
0.000015 6
0.000033 343
0.000072 459
0.000007 573
0.000031 9
0.000008 335
0.000085 765
0.000005 9
0.000037 115
0.000033 605
0.000050 657
0.000029 144
0.000028 254
0.000032 635
0.000008 182
0.000059 311
0.000038 418
0.000034 657
0.000028 106
0.000072 808
0.000049 718
0.000072 510
0.000069 450
0.000041 574
0.000006 153
0.000034 315
0.000091 646
0.000065 459
0.000033 306
0.000103 265
0.000166 679
0.000245 1508
0.000090 1827
0.000163 729
0.000185 918
0.000008 772
0.000128 918
0.000152 765
0.000127 642
0.000190 113
0.000051 1540
0.000075 948
0.000168 306
0.000040 722
0.000174 1084
0.000283 1674
0.000071 498
0.000094 881
0.000058 504
0.000209 450
0.000139 766
0.000108 1806
0.000099 1377
0.000812 2048
0.000270 4095
0.000036 4095
0.002898 4095
0.000035 4095
0.000109 4095
0.000067 4095
0.000018 4095
0.000018 4095
0.000047 4095
0.000018 4095
0.000006 186
0.000069 612
0.000031 115
0.000005 452
0.000043 198
0.000105 603
0.000006 115
0.000026 162
0.000017 340
0.000054 416
0.000006 47
0.000026 408
0.000034 51
0.000007 259
0.000015 153
0.000025 315
0.000016 38
0.000028 302
0.000004 112
0.000015 45
0.000004 153
0.000014 115
0.000016 146
0.000005 190
0.000014 114
0.000014 153
0.000004 39
0.000016 116
0.000023 198
0.000025 259
0.000008 153
0.000015 196
0.000024 157
0.000005 145
0.000014 114
0.000006 153
0.000025 196
0.000015 112
0.000024 153
0.000005 147
0.000009 43
0.000025 263
0.000024 153
0.000005 47
0.000015 112
0.000055 619
0.000035 297
0.000022 39
0.000005 306
0.000031 306
0.000050 467
0.000030 302
0.000053 616
0.000057 261
0.000038 147
0.000048 349
0.000043 152
0.000030 421
0.000039 349
0.000057 149
0.000030 123
0.000054 340
0.000025 263
0.000024 315
0.000070 641
0.000034 277
0.000029 153
0.000075 794
0.000010 315
0.000043 302
0.000071 875
0.000006 38
0.000034 468
0.000046 298
0.000071 276
0.000010 182
0.000033 5
0.000067 272
0.000007 146
0.000034 151
0.000033 196
0.000075 157
0.000006 115
0.000034 146
0.000033 153
0.000040 190
0.000037 114
0.000039 9
0.000055 153
0.000034 30
0.000026 116
0.000045 147
0.000005 166
0.000043 34
0.000055 157
0.000006 149
0.000251 110
0.000151 651
0.000082 2048
0.000132 514
0.000148 1441
0.000160 2699
0.000174 1258
0.000222 1948
0.000163 2142
0.000063 1836
0.000202 802
0.000068 2048
0.000169 1587
0.000064 916
0.000060 651
0.000046 267
0.000040 461
0.000015 160
0.000031 340
0.000044 463
0.000006 106
0.000033 302
0.000008 47
0.000055 454
0.000005 115
0.000021 2
0.000044 306
0.000006 459
0.000016 36
0.000042 5
0.000005 4
0.000060 565
0.000007 200
0.000006 145
0.000006 110
0.000005 13
0.000008 144
0.000026 39
0.000031 420
0.000009 39
0.000018 263
0.000057 463
0.000008 200
0.000018 259
0.000024 47
0.000014 298
0.000035 306
0.000018 116
0.000032 500
0.000027 265
0.000021 313
0.000005 144
0.000030 306
0.000004 7
0.000013 189
0.000041 153
0.000006 416
0.000037 468
0.000027 153
0.000007 335
0.002836 4095
0.000027 4095
0.000015 4095
0.000551 4095
0.000019 4095
0.000038 4095
0.000007 1551
0.000012 47
0.000087 569
0.000039 650
0.000010 277
0.000011 144
0.000029 459
0.000033 344
0.000020 268
0.000067 315
0.000019 344
0.000024 297
0.000006 270
0.000006 190
0.000009 8
0.000026 144
0.000007 311
0.000004 4
0.000038 459
0.000047 298
0.000047 582
0.000029 299
0.000059 648
0.000007 307
0.000041 616
0.000036 310
0.000123 561
0.000017 616
0.000031 461
0.000034 457
0.000024 191
0.000022 1
0.000028 573
0.000063 461
0.000006 45
0.000005 106
0.000004 9
0.000014 144
0.000012 9
0.000016 297
0.000025 43
0.000005 272
0.000022 293
0.000023 312
0.000023 198
0.000014 153
0.000042 115
0.000006 446
0.000005 42
0.000004 9
0.000004 108
0.000014 37
0.000038 157
0.000026 718
0.000024 306
0.000013 13
0.000029 344
0.000010 144
0.000015 268
0.000015 47
0.000028 259
0.000010 191
0.000027 315
0.000024 153
0.000016 145
0.000033 416
0.000004 204
0.000007 115
0.000006 30
0.000022 116
0.000013 190
0.000022 157
0.000055 616
0.000071 574
0.000055 641
0.000018 162
0.000024 412
0.000013 43
0.000018 149
0.000019 313
0.000034 452
0.000014 110
0.000025 349
0.000033 310
0.000042 569
0.000030 43
0.000021 578
0.000020 146
0.000020 198
0.000009 153
0.000021 421
0.000010 38
0.000014 115
0.000036 293
0.000006 166
0.000027 336
0.000029 269
0.000005 37
0.000026 310
0.000014 265
0.000024 189
0.000006 115
0.000014 9
0.000004 38
0.000007 144
0.000005 9
0.000022 259
0.000004 39
0.000035 116
0.000016 457
0.000004 149
0.000038 195
0.000011 162
0.000025 255
0.000013 204
0.000016 144
0.000012 9
0.000020 115
0.000019 297
0.000023 353
0.000013 108
0.000015 153
0.000043 198
0.000008 108
0.000030 153
0.000004 41
0.000025 106
0.000027 319
0.000008 38
0.000014 108
0.000004 41
0.000020 4
0.000007 153
0.000016 149
0.000009 4
0.000021 108
0.000014 198
0.000018 149
0.000020 112
0.000009 151
0.000015 200
0.000053 149
0.000006 301
0.000025 277
0.000013 182
0.000007 1
0.000005 110
0.000025 157
0.000005 9
0.000005 38
0.000035 298
0.000034 269
0.000005 45
0.000013 106
0.000028 162
0.000036 340
0.000024 272
0.000032 299
0.000022 153
0.000024 41
0.000043 265
0.000024 495
0.000028 268
0.000004 39
0.000009 110
0.000050 47
0.000016 612
0.000004 112
0.000015 160
0.000020 34
0.000006 149
0.000015 114
0.000043 162
0.000007 140
0.000129 1840
0.000034 200
0.000058 149
0.000005 306
0.000028 301
0.000005 115
0.000022 9
0.000057 446
0.000045 465
0.000052 160
0.000027 38
0.000034 761
0.000045 301
0.000008 5
0.000011 148
0.000030 154
0.000035 269
0.000016 194
0.002506 607
0.000020 570
0.000076 4095
0.000017 4095
0.000015 4095
0.000032 1950
0.000410 4095
0.000008 655
0.001466 4095
0.001921 8192
0.000050 4095
0.000106 4095
0.000024 4095
0.000023 4095
0.000024 4095
0.000020 4095
0.000013 2957
0.000006 4
0.000004 115
0.000034 144
0.000006 196
0.000015 310
0.000005 106
0.000028 315
0.000021 191
0.000029 259
0.000076 621
0.000055 191
0.000007 108
0.000008 7
0.000016 38
0.000027 268
0.000022 293
0.000011 47
0.000019 110
0.000006 192
0.000012 114
0.000040 502
0.000015 106
0.000023 153
0.000015 159
0.000039 198
0.000005 450
0.000014 9
0.000004 108
0.000038 453
0.000026 204
0.000053 106
0.000006 47
0.000013 108
0.000020 36
0.000006 153
0.000023 277
0.000043 297
0.000004 153
0.000005 43
0.000022 151
0.000004 112
0.000067 455
0.000006 157
0.000029 344
0.000025 5
0.000006 272
0.000058 336
0.000004 123
0.000054 450
0.000023 196
0.000037 731
0.000012 29
0.000008 162
0.000023 255
0.000015 4
0.000034 353
0.000006 145
0.000034 306
0.000006 123
0.000006 38
0.000027 268
0.000044 603
0.000005 43
0.000005 148
0.000015 162
0.000039 115
0.000007 450
0.000005 191
0.000015 9
0.000014 149
0.000023 412
0.000015 157
0.000024 315
0.000004 30
0.000022 269
0.000026 275
0.000015 67
0.000029 264
0.000036 616
0.000049 43
0.000012 148
0.000007 111
0.000015 153
0.000016 6
0.000006 41
0.000022 272
0.000005 30
0.000045 575
0.000007 45
0.000023 108
0.000035 343
0.000004 123
0.000028 297
0.000023 302
0.000053 616
0.000034 315
0.000006 34
0.000004 112
0.000024 153
0.000014 41
0.000018 301
0.000005 115
0.000019 43
0.000028 272
0.000023 140
0.000037 310
0.000005 38
0.000022 162
0.000021 298
0.000004 8
0.000004 102
0.000023 157
0.000005 9
0.000004 34
0.000005 110
0.000039 38
0.000005 307
0.000021 276
0.000030 146
0.000016 300
0.000004 6
0.000032 189
0.000007 111
0.000043 310
0.000025 196
0.000005 106
0.000030 200
0.000007 149
0.000015 110
0.000027 310
0.000030 200
0.000005 145
0.000076 114
0.000005 308
0.000004 37
0.000031 267
0.000004 9
0.000011 146
0.000021 189
0.000017 111
0.000044 465
0.000008 189
0.000006 117
0.000019 190
0.000016 152
0.000021 1
0.000021 276
0.000016 146
0.000008 36
0.000006 117
0.000030 300
0.000022 196
0.000006 116
0.000029 41
0.000021 302
0.000030 305
0.000005 306
0.000010 117
0.000004 41
0.000018 272
0.000009 38
0.000015 255
0.000025 6
0.000020 304
0.000024 153
0.000018 200
0.000016 102
0.000010 43
0.000017 153
0.000077 429
0.000014 183
0.000005 276
0.000005 38
0.000157 1326
0.000079 1228
0.000148 659
0.000130 1224
0.000025 115
0.002410 4095
0.000016 4095
0.000162 1019
0.000176 1386
0.000040 1063
0.000049 123
0.000047 911
0.000062 313
0.000038 450
0.000068 650
0.000022 621
0.000086 455
0.000016 718
0.000067 618
0.000107 959
0.000006 463
0.000075 565
0.000008 461
0.000065 495
0.000095 876
0.000196 1573
0.000014 616
0.000009 301
0.000043 277
0.000015 30
0.000025 152
0.000008 162
0.000007 145
0.000023 116
0.000041 153
0.000013 500
0.000005 112
0.000016 37
0.000025 416
0.000009 13
0.000009 38
0.000007 149
0.000032 153
0.000046 425
0.000037 34
0.000041 616
0.000005 145
0.000025 153
0.000039 157
0.001824 732
0.000052 8192
0.000107 8192
0.000016 1050
0.000029 198
0.000969 8192
0.000021 4095
0.002437 2240
0.000035 4095
0.000020 4095
0.000033 8126
0.000020 4095
0.000038 4095
0.000042 2574
0.000026 117
0.000070 649
0.000074 429
0.000051 336
0.000034 728
0.000005 45
0.000043 421
0.000035 459
0.000030 140
0.000074 312
0.000036 649
0.000004 152
0.000051 117
0.000008 342
0.000036 9
0.000116 1215
0.000086 423
0.000038 306
0.000051 759
0.000005 43
0.000006 114
0.000028 47
0.000006 306
0.000023 144
0.000029 311
0.000015 119
0.000021 344
0.000057 268
0.000006 146
0.000022 459
0.000014 41
0.000026 306
0.000005 106
0.000004 6
0.000014 45
0.000018 259
0.000024 47
0.000006 255
0.000037 43
0.000006 459
0.000017 161
0.000032 108
0.000019 504
0.000018 115
0.000033 306
0.000006 191
0.000023 414
0.000022 189
0.000004 115
0.000009 47
0.000019 259
0.000006 43
0.000011 110
0.000007 2
0.000005 45
0.000015 149
0.000016 255
0.000034 204
0.000068 455
0.000032 728
0.000008 36
0.000071 770
0.000082 608
0.000008 4
0.000124 612
0.000049 607
0.000076 613
0.000070 926
0.000035 115
0.000041 650
0.000032 604
0.000049 157
0.000005 454
0.000044 421
0.000073 228
0.000025 882
0.000045 263
0.000033 348
0.000036 417
0.000026 51
0.000061 1062
0.000034 315
0.000065 604
0.000010 152
0.000086 307
0.000063 459
0.000008 612
0.000005 116
0.000030 198
0.000005 145
0.000058 467
0.000007 261
0.000007 151
0.000033 344
0.000029 154
0.000043 616
0.000015 110
0.000024 153
0.000023 349
0.000023 310
0.000014 108
0.000005 45
0.000015 255
0.000022 51
0.000022 108
0.000006 343
0.000020 305
0.000053 583
0.000005 144
0.000017 155
0.000015 147
0.000004 43
0.000028 269
0.000016 153
0.000017 198
0.000005 115
0.000065 641
0.000033 306
0.000008 158
0.000007 265
0.000011 45
0.000022 144
0.000043 421
0.000022 9
0.000008 191
0.000048 565
0.000007 39
0.000105 314
0.000037 450
0.000027 9
0.000022 149
0.000040 616
0.000008 106
0.000008 43
0.000008 45
0.000035 67
0.000027 313
0.000007 182
0.000054 417
0.000016 153
0.000005 6
0.000009 45
0.000004 106
0.000021 196
0.000008 106
0.000029 6
0.000024 189
0.000023 315
0.000006 153
0.000022 145
0.000020 116
0.000014 304
0.000023 43
0.000006 302
0.000023 161
0.000015 259
0.000018 149
0.000016 13
0.000035 452
0.000042 496
0.000015 8
0.000005 298
0.000011 153
0.000027 269
0.000023 190
0.000043 422
0.000018 190
0.000019 157
0.000004 112
0.000037 194
0.000017 148
0.000072 268
0.000051 651
0.000050 575
0.000009 41
0.000057 571
0.000006 45
0.000037 565
0.000006 38
0.000019 264
0.000037 310
0.000022 153
0.000043 315
0.000051 340
0.000041 265
0.000030 802
0.000026 116
0.000031 343
0.000032 612
0.000005 8
0.000044 455
0.000030 4
0.000020 574
0.000032 450
0.000026 192
0.000032 416
0.000014 153
0.000042 204
0.000004 145
0.000051 429
0.000005 30
0.000003 153
0.000054 306
0.000032 573
0.000058 192
0.000039 306
0.000040 314
0.000005 306
0.000053 153
0.000006 451
0.000044 269
0.000032 504
0.000033 306
0.000015 261
0.000004 36
0.000059 570
0.000006 13
0.000029 299
0.000005 189
0.000026 158
0.000035 418
0.000025 343
0.000021 8
0.000027 261
0.000005 459
0.000005 36
0.000004 111
0.000021 51
0.000044 565
0.000016 192
0.000021 114
0.000020 306
0.000020 308
0.000034 45
0.000012 306
0.000007 259
0.000024 153
0.000029 162
0.000051 641
0.000031 306
0.000070 570
0.000027 353
0.000027 578
0.000049 306
0.000068 795
0.000009 276
0.000050 605
0.000033 198
0.000006 297
0.000005 1
0.000004 152
0.000019 9
0.000026 261
0.000015 466
0.000006 38
0.000030 255
0.000020 348
0.000014 124
0.000035 452
0.000011 45
0.000084 608
0.000008 416
0.000025 461
0.000005 153
0.000060 657
0.000020 259
0.000013 196
0.000033 310
0.000019 302
0.000042 722
0.000069 498
0.000007 8
0.000006 451
0.000060 773
0.000018 108
0.000024 342
0.000025 117
0.000037 457
0.000017 9
0.000005 144
0.000051 38
0.000017 117
0.000014 160
0.000014 144
0.000056 621
0.000025 187
0.000044 616
0.000005 106
0.000031 468
0.000005 146
0.000007 36
0.000017 268
0.000015 47
0.000029 115
0.000004 144
0.000021 155
0.000011 160
0.000026 299
0.000014 189
0.000228 2419
0.000007 605
0.000071 459
0.000019 351
0.000012 144
0.000015 311
0.000023 110
0.000006 306
0.000004 43
0.000025 259
0.000005 42
0.000048 277
0.000008 297
0.000031 308
0.000005 41
0.000039 418
0.000028 500
0.000009 157
0.000005 102
0.000024 6
0.000067 198
0.000017 574
0.000013 144
0.000027 302
0.000007 43
0.000016 8
0.000017 268
0.000016 183
0.000006 8
0.000005 106
0.000016 38
0.000026 153
0.000047 617
0.000025 119
0.000070 911
0.000006 147
0.000010 153
0.000020 47
0.000044 569
0.000023 39
0.000005 161
0.000027 108
0.000011 453
0.000004 42
0.000017 9
0.000020 153
0.000028 259
0.000006 344
0.000006 1
0.000007 116
0.000030 37
0.000040 116
0.000040 649
0.000012 305
0.000014 9
0.000012 153
0.000017 153
0.000034 421
0.000005 146
0.000021 36
0.000010 154
0.000013 4
0.000062 412
0.000041 13
0.000040 497
0.000042 153
0.000008 149
0.000030 301
0.000006 124
0.000027 187
0.000038 612
0.000005 112
0.000021 300
0.000018 159
0.000004 147
0.000028 319
0.000015 30
0.000021 420
0.000014 9
0.000017 191
0.000005 106
0.000017 196
0.000010 119
0.000029 187
0.000032 301
0.000022 306
0.000006 162
0.000038 459
0.000024 149
0.000020 97
0.000028 357
0.000006 460
0.000071 728
0.000006 41
0.000006 112
0.000025 342
0.000031 306
0.000045 115
0.000007 614
0.000028 194
0.000005 110
0.000041 344
0.000005 264
0.000005 4
0.000021 192
0.000059 416
0.000005 159
0.000029 496
0.000036 420
0.000026 302
0.000024 13
0.000025 336
0.000038 420
0.000026 192
0.000007 123
0.000022 297
0.000025 2
0.000005 194
0.000023 459
0.000021 112
0.000041 466
0.000018 140
0.000005 306
0.000020 6
0.000010 153
0.000020 342
0.000027 315
0.000021 259
0.000005 47
0.000019 261
0.000038 457
0.000034 302
0.000041 510
0.000029 421
0.000024 34
0.000044 454
0.000006 307
0.000005 110
0.000031 312
0.000036 351
0.000007 115
0.000031 459
0.000006 38
0.000035 298
0.000028 123
0.000007 459
0.000022 306
0.000036 344
0.000028 455
0.000026 112
0.000005 194
0.000029 418
0.000031 37
0.000005 314
0.000055 106
0.000049 655
0.000029 302
0.000037 116
0.000022 500
0.000032 425
0.000025 153
0.000005 299
0.000023 198
0.000021 306
0.000004 149
0.000051 265
0.000006 343
0.000026 152
0.000020 311
0.000026 263
0.000005 306
0.000020 302
0.000023 319
0.000028 30
0.000004 123
0.000024 336
0.000004 8
0.000006 108
0.000019 189
0.000033 277
0.000015 153
0.000005 146
0.000034 45
0.000006 342
0.000016 113
0.000048 301
0.000007 574
0.000021 196
0.000021 153
0.000026 301
0.000016 306
0.000004 9
0.000022 108
0.000005 306
0.000020 190
0.000025 269
0.000023 189
0.000033 574
0.000004 9
0.000004 30
0.000024 114
0.000004 192
0.000019 269
0.000056 147
0.000046 353
0.000006 272
0.000032 336
0.000015 116
0.000031 457
0.000026 43
0.000004 149
0.000025 161
0.000007 408
0.000004 51
0.000043 450
0.000015 306
0.000022 307
0.000017 267
0.000018 43
0.000022 302
0.000004 114
0.000005 9
0.000044 146
0.000006 351
0.000036 302
0.000042 616
0.000026 115
0.000041 488
0.000024 268
0.000051 650
0.000026 162
0.000026 412
0.000041 502
0.000039 157
0.000041 718
0.000029 308
0.000024 190
0.000006 123
0.000059 646
0.000023 272
0.000025 306
0.000028 30
0.000061 879
0.000025 196
0.000028 265
0.000034 459
0.000033 466
0.000039 182
0.000043 880
0.000036 192
0.000043 764
0.000020 111
0.000027 510
0.000024 259
0.000030 200
0.000052 761
0.000036 416
0.000036 349
0.000004 4
0.000027 302
0.000027 418
0.000052 610
0.000025 191
0.000019 1
0.000037 620
0.000025 285
0.000049 476
0.000006 119
0.000021 335
0.000017 153
0.000029 421
0.000024 47
0.000026 306
0.000019 414
0.000101 963
0.000029 565
0.000008 47
0.000007 108
0.000015 41
0.000035 425
0.000004 38
0.000046 714
0.000028 166
0.000059 803
0.000028 298
0.000037 575
0.000026 189
0.000028 423
0.000004 36
0.000053 530
0.000005 91
0.000038 412
0.000054 608
0.000024 196
0.000023 8
0.000033 714
0.000024 166
0.000022 30
0.000037 620
0.000027 261
0.000004 151
0.000016 155
0.000014 151
0.000007 39
0.000042 8
0.000007 408
0.000006 51
0.000043 306
0.000058 574
0.000059 299
0.000061 343
0.000061 726
0.000024 38
0.000020 124
0.000038 297
0.000006 39
0.000014 8
0.000028 408
0.000048 204
0.000026 414
0.000030 160
0.000019 153
0.000044 489
0.000006 123
0.000017 299
0.000021 194
0.000019 110
0.000037 200
0.000010 255
0.000037 51
0.000011 298
0.000026 305
0.000006 9
0.000017 255
0.000038 196
0.000005 8
0.000031 298
0.000005 8
0.000006 106
0.000022 345
0.000022 157
0.000036 263
0.001201 353
0.000265 4095
0.000019 4095
0.000096 5686
0.000005 621
0.000024 452
0.000039 466
0.000024 187
0.000032 119
0.000039 756
0.000076 200
0.000007 459
0.000004 115
0.000023 297
0.000021 315
0.000040 336
0.000017 157
0.000029 157
0.000009 421
0.000005 182
0.000025 124
0.000026 183
0.000007 306
0.000014 114
0.000005 43
0.000031 416
0.000058 196
0.000015 112
0.000005 198
0.000005 268
0.000015 34
0.000047 157
0.000007 451
0.000084 314
0.000016 765
0.000085 720
0.000065 459
0.000065 772
0.000040 756
0.000005 9
0.000025 452
0.000077 347
0.000020 731
0.000037 344
0.000024 149
0.000024 463
0.000047 115
0.000037 344
0.000060 604
0.000006 269
0.000045 653
0.000066 459
0.000034 463
0.000047 297
0.000019 423
0.000016 453
0.000103 463
0.000028 349
0.000007 157
0.000011 115
0.000025 497
0.000004 108
0.000075 466
0.000005 187
0.000017 455
0.000049 276
0.000040 450
0.000040 461
0.000049 504
0.000015 261
0.000011 45
0.000026 297
0.000034 153
0.000039 729
0.000016 36
0.000041 311
0.000004 265
0.000042 351
0.000004 106
0.000047 455
0.000023 159
0.000031 313
0.000017 146
0.000033 153
0.000080 772
0.000050 344
0.000007 414
0.000004 151
0.000010 39
0.000015 116
0.000004 151
0.000043 43
0.000045 463
0.000013 115
0.000016 144
0.000026 192
0.000041 269
0.000043 763
0.000046 349
0.000023 188
0.000038 581
0.000011 297
0.000006 115
0.000020 196
0.000004 119
0.000042 605
0.000019 45
0.000039 450
0.000055 430
0.000006 340
0.000029 306
0.000035 455
0.000036 429
0.000032 641
0.000005 115
0.000004 149
0.000022 306
0.000016 47
0.000035 418
0.000026 147
0.000016 312
0.000019 37
0.000027 416
0.000029 353
0.000005 110
0.000095 773
0.000083 300
0.000015 343
0.000005 114
0.000042 196
0.000050 569
0.000006 308
0.000014 45
0.000004 108
0.000006 151
0.000019 38
0.000024 315
0.000015 149
0.000020 310
0.000022 261
0.000020 306
0.000028 198
0.000017 414
0.000005 37
0.000027 310
0.000006 110
0.000023 302
0.000004 43
0.000031 267
0.000022 315
0.000063 646
0.000017 263
0.000040 612
0.000005 38
0.000032 430
0.000005 144
0.000006 39
0.000027 305
0.000017 206
0.000005 71
0.000047 497
0.000006 149
0.000004 112
0.000022 160
0.000020 146
0.000037 759
0.000031 459
0.000021 204
0.000005 145
0.000013 152
0.000039 9
0.000056 1020
0.000043 166
0.000057 489
0.000006 458
0.000027 115
0.000046 614
0.000004 36
0.000021 264
0.000021 43
0.000010 267
0.000033 345
0.000064 881
0.000018 198
0.000005 144
0.000019 9
0.000018 302
0.000005 265
0.000015 160
0.000020 140
0.000007 157
0.000027 353
0.000045 268
0.000004 38
0.000034 574
0.000005 144
0.000030 345
0.000022 8
0.000005 302
0.000023 265
0.000005 7
0.000032 299
0.000006 41
0.000038 153
0.000009 310
0.000026 144
0.000005 264
0.000005 42
0.000007 9
0.000016 102
0.000004 47
0.000022 119
0.000014 450
0.000021 149
0.000015 157
0.000007 149
0.000023 42
0.000008 153
0.000015 264
0.000036 13
0.000015 306
0.000066 183
0.000005 276
0.000041 452
0.000017 306
0.000021 45
0.000022 306
0.000014 115
0.000027 293
0.000014 310
0.000004 2
0.000019 41
0.000019 418
0.000005 151
0.000030 349
0.000036 454
0.000006 5
0.000006 112
0.000014 37
0.000022 116
0.000013 153
0.000030 351
0.000017 261
0.000014 7
0.000009 153
0.000017 153
0.000005 34
0.000014 4
0.000007 153
0.000010 153
0.000022 108
0.000025 459
0.000008 7
0.000023 336
0.000034 305
0.000022 115
0.000025 468
0.000020 146
0.000031 500
0.000027 112
0.000009 194
0.000027 425
0.000005 38
0.000022 149
0.000015 412
0.000023 13
0.000007 183
0.000026 422
0.000006 45
0.000022 108
0.000006 160
0.000007 25
0.000030 311
0.000007 8
0.000042 718
0.000027 191
0.000031 154
0.000054 769
0.000005 259
0.000028 200
0.000004 4
0.000026 408
0.000007 42
0.000015 9
0.000007 145
0.000019 110
0.000004 42
0.000024 153
0.000019 158
0.000018 412
0.000004 13
0.000025 34
0.000027 272
0.000004 191
0.000038 302
0.000005 110
0.000034 468
0.000031 297
0.000022 149
0.000014 159
0.000012 198
0.000024 297
0.000004 117
0.000019 41
0.000029 265
0.000004 153
0.000033 351
0.000026 450
0.000029 117
0.000039 612
0.000013 147
0.000004 312
0.000019 7
0.000022 340
0.000023 310
0.000021 153
0.000021 259
0.000089 455
0.000112 924
0.000028 304
0.000028 306
0.000039 306
0.000063 612
0.000033 191
0.000022 315
0.000025 451
0.000061 573
0.000123 1226
0.000043 504
0.000032 149
0.000034 459
0.000006 157
0.000225 1020
0.000008 200
0.000017 148
0.000013 124
0.000035 335
0.000030 9
0.000070 714
0.000127 807
0.000052 423
0.000006 504
0.000020 259
0.000047 308
0.000015 189
0.000197 1494
0.000028 194
0.000038 612
0.000047 412
0.000007 200
0.000016 149
0.000026 276
0.000016 187
0.000011 106
0.000012 157
0.000041 39
0.000030 616
0.000021 119
0.000030 336
0.000024 4
0.000049 463
0.000015 149
0.000011 153
0.000054 418
0.000006 151
0.000035 192
0.000034 161
0.000038 455
0.000006 149
0.000041 153
0.000031 422
0.000013 36
0.000055 423
0.000007 160
0.000020 140
0.000019 204
0.000005 149
0.000045 578
0.000026 30
0.000017 269
0.000015 160
0.000004 153
0.000019 144
0.000004 192
0.000090 582
0.000010 603
0.000025 459
0.000031 153
0.000026 302
0.002130 612
0.000034 4095
0.000082 4095
0.000026 4095
0.000019 4095
0.000052 4095
0.000023 4095
0.000014 1942
0.000055 575
0.000085 657
0.000075 561
0.000028 465
0.000036 351
0.000057 727
0.000039 599
0.000020 13
0.000113 803
0.000005 450
0.000037 268
0.000009 155
0.000015 153
0.000019 190
0.000021 161
0.000016 268
0.000051 144
0.000022 914
0.000033 159
0.000025 466
0.000021 29
0.000099 423
0.000567 189
0.000017 3191
0.000078 4095
0.000025 1406
0.000116 1721
0.000007 604
0.000022 123
0.000020 340
0.000034 306
0.000006 112
0.000020 351
0.000005 108
0.000006 151
0.000006 38
0.000020 5
0.000021 306
0.000018 119
0.000005 187
0.000019 263
0.000006 39
0.000052 123
0.000023 758
0.000022 189
0.000007 9
0.000021 450
0.000023 162
0.000016 106
0.000059 765
0.000050 47
0.000024 255
0.000034 159
0.000013 41
0.000015 272
0.000004 34
0.000017 112
0.000020 36
0.000010 117
0.000030 306
0.000014 36
0.000023 154
0.000030 314
0.000005 108
0.000040 45
0.000025 306
0.000035 108
0.000010 300
0.000024 153
0.000022 200
0.000007 112
0.000023 37
0.001194 269
0.000108 4095
0.000020 3898
0.000178 3633
0.000007 2
0.000062 198
0.000026 567
0.000018 37
0.000005 123
0.000051 140
0.000006 348
0.000020 270
0.000034 151
0.000040 497
0.000008 115
0.000020 302
0.000006 13
0.000025 335
0.000008 115
0.000005 43
0.000028 112
0.000007 147
0.000007 157
0.000036 47
0.000037 302
0.000007 301
0.000013 268
0.000021 191
0.000006 5
0.000013 149
0.000037 263
0.000007 42
0.000004 9
0.000011 106
0.000027 200
0.000022 102
0.000017 319
0.000017 38
0.000022 153
0.000007 268
0.000004 30
0.000015 114
0.000015 149
0.000022 204
0.000007 106
0.000016 39
0.000018 276
0.000004 38
0.000022 261
0.000035 41
0.000006 306
0.000019 112
0.000018 194
0.000004 149
0.000019 153
0.000006 114
0.000044 9
0.000014 306
0.000009 146
0.000014 36
0.000005 9
0.000034 298
0.000019 153
0.000007 8
0.000005 106
0.000017 38
0.000013 124
0.000022 183
0.000005 8
0.000032 306
0.000006 108
0.000021 153
0.000006 151
0.000039 308
0.000008 36
0.000021 154
0.000006 114
0.000005 47
0.000004 106
0.000019 191
0.000021 153
0.000020 115
0.000005 153
0.000017 149
0.000004 43
0.000023 4
0.000006 149
0.000052 467
0.000007 115
0.000033 146
0.000006 189
0.000005 1
0.000019 161
0.000019 144
0.000032 115
0.000047 497
0.000004 9
0.000006 145
0.000015 114
0.000025 38
0.000012 268
0.000019 153
0.000015 38
0.000019 162
0.000004 108
0.000018 147
0.000005 153
0.000009 42
0.000015 158
0.000022 110
0.000016 308
0.000005 37
0.000031 416
0.000004 6
0.000004 7
0.000017 38
0.000026 145
0.000019 305
0.000025 307
0.000011 110
0.000005 157
0.000013 47
0.000016 108
0.000050 160
0.000009 335
0.000050 307
0.000022 416
0.000025 159
0.000025 153
0.000027 347
0.000004 106
0.000021 51
0.000005 108
0.000024 41
0.000059 416
0.000005 200
0.000057 561
0.000026 159
0.000005 304
0.000032 2
0.000031 306
0.000028 151
0.000039 353
0.000017 144
0.000013 124
0.000005 182
0.000018 9
0.000013 259
0.000019 191
0.000019 111
0.000022 306
0.000005 43
0.000018 267
0.000018 39
0.000027 157
0.000005 149
0.000004 114
0.000005 38
0.000006 5
0.000016 4
0.000005 149
0.000017 119
0.000018 191
0.000005 115
0.000021 146
0.000048 496
0.000006 152
0.000043 162
0.000006 451
0.000024 114
0.000016 308
0.000016 37
0.000029 429
0.000005 34
0.000004 148
0.000055 124
0.000033 38
0.000006 298
0.000004 114
0.000017 39
0.000013 123
0.000015 191
0.000018 261
0.000032 289
0.000034 211
0.000015 112
0.000005 37
0.000067 416
0.000036 501
0.000015 124
0.000029 183
0.000006 263
0.000005 51
0.000043 421
0.000029 293
0.000035 13
0.000019 450
0.000005 191
0.000016 124
0.000016 187
0.000038 272
0.000042 336
0.000027 306
0.000019 276
0.000005 140
0.000031 196
0.000025 161
0.000009 153
0.000043 421
0.000025 153
0.000031 599
0.000106 472
0.000044 297
0.000036 155
0.000006 198
0.000036 451
0.000162 575
0.000044 1418
0.000033 578
0.000022 38
0.000029 459
0.000086 720
0.000044 37
0.000005 4
0.000014 4
0.000103 567
0.000103 453
0.000052 306
0.000015 310
0.000076 608
0.000075 204
0.000161 565
0.000074 659
0.000006 421
0.000074 641
0.000006 306
0.000017 117
0.000007 151
0.000049 353
0.000005 102
0.000040 349
0.000017 161
0.000008 144
0.000036 124
0.000040 183
0.000025 467
0.000035 268
0.000042 187
0.000023 119
0.000048 488
0.000033 268
0.000063 461
0.000005 160
0.000067 344
0.000059 297
0.000031 307
0.000014 276
0.000023 297
0.000031 2
0.000038 300
0.000045 357
0.000020 115
0.000031 459
0.000005 38
0.000040 255
0.000084 195
0.000007 459
0.000061 311
0.000007 106
0.000017 319
0.000004 144
0.000074 498
0.000009 422
0.000013 45
0.000012 144
0.000016 158
0.000024 110
0.000017 308
0.000024 45
0.000005 108
0.000006 7
0.000019 34
0.000005 110
0.000052 306
0.000052 344
0.000006 117
0.000018 151
0.001136 315
0.000032 4095
0.000021 4095
0.000025 1785
0.000056 765
0.000104 161
0.000071 1118
0.000079 673
0.000007 495
0.000050 277
0.000041 297
0.000038 614
0.000021 45
0.000006 259
0.000037 345
0.000057 620
0.000039 108
0.000165 2332
0.000005 161
0.000017 153
0.000321 1813
0.000099 1094
0.000007 298
0.000014 153
0.000052 276
0.000023 306
0.000050 493
0.000026 265
0.000035 500
0.000006 4
0.000061 567
0.000054 147
0.000073 349
0.000018 575
0.000100 347
0.000050 731
0.000082 306
0.000092 765
0.000007 642
0.000083 267
0.000019 196
0.000146 272
0.000009 918
0.000023 293
0.000066 618
0.000021 194
0.000005 149
0.000020 8
0.000023 268
0.000017 187
0.000026 272
0.000004 29
0.000095 417
0.000017 465
0.000090 351
0.000006 268
0.000020 191
0.000015 268
0.000006 30
0.000062 276
0.000022 344
0.000077 718
0.000043 155
0.000017 151
0.000022 459
0.000045 162
0.000007 336
0.000111 153
0.000102 769
0.000006 302
0.000040 420
0.000031 459
0.000041 39
0.000012 422
0.000004 147
0.000021 4
0.000006 155
0.000024 198
0.000009 108
0.000039 453
0.000020 43
0.000016 114
0.000025 47
0.000011 255
0.000030 196
0.000102 422
0.000006 459
0.000017 190
0.000010 123
0.000005 144
0.000007 39
0.000006 8
0.000036 268
0.000031 191
0.000036 412
0.000057 461
0.000033 459
0.000007 7
0.000029 38
0.000035 255
0.000006 459
0.000031 196
0.000017 153
0.000014 123
0.000003 38
0.000063 298
0.000007 153
0.000067 157
0.000017 110
0.000046 353
0.000038 261
0.000016 347
0.000031 110
0.000065 765
0.000044 306
0.000007 306
0.000004 9
0.000025 191
0.000006 108
0.000006 41
0.000006 110
0.000017 38
0.000040 311
0.000004 119
0.000037 191
0.000030 612
0.000031 259
0.000006 43
0.000035 412
0.000036 196
0.000022 276
0.000027 336
0.000019 575
0.000025 45
0.000006 102
0.000028 51
0.000014 261
0.000006 189
0.000005 9
0.000014 108
0.000022 41
0.000005 160
0.000022 256
0.000014 155
0.000011 147
0.000004 6
0.000014 37
0.000017 157
0.000007 153
0.000016 119
0.000006 140
0.000031 319
0.000023 140
0.000009 159
0.000015 190
0.000047 153
0.000054 611
0.000019 9
0.000029 459
0.000016 255
0.000007 13
0.000049 450
0.000006 155
0.000021 37
0.000043 422
0.000010 342
0.000026 154
0.000028 306
0.000016 110
0.000015 196
0.000015 114
0.000028 315
0.000011 144
0.000014 353
0.000040 259
0.000044 315
0.000015 38
0.000023 306
0.000007 106
0.000008 9
0.000023 38
0.000022 414
0.000005 37
0.000007 8
0.000008 86
0.000005 169
0.000026 13
0.000017 183
0.000015 114
0.000051 468
0.000023 335
0.000023 124
0.000017 30
0.000015 123
0.000033 603
0.000015 38
0.000023 264
0.000023 159
0.000090 453
0.000041 200
0.000006 157
0.000037 298
0.000012 161
0.000049 574
0.000007 38
0.000023 455
0.000014 157
0.000008 108
0.000023 41
0.000005 112
0.000017 160
0.000004 34
0.000027 157
0.000005 108
0.000005 45
0.000017 108
0.000005 45
0.000024 408
0.000027 200
0.000007 110
0.000004 9
0.000006 38
0.000023 108
0.000008 190
0.000020 153
0.000007 110
0.000007 43
0.000015 116
0.000030 160
0.000005 144
0.000021 353
0.000005 16
0.000027 129
0.000032 269
0.000006 466
0.000022 183
0.000013 161
0.000016 145
0.000007 8
0.000011 149
0.000015 157
0.000018 145
0.000039 276
0.000009 153
0.000006 140
0.000016 6
0.000006 45
0.000031 259
0.000026 306
0.000007 200
0.000004 145
0.000015 153
0.000006 110
0.000004 4
0.000015 47
0.000010 144
0.000016 111
0.000018 310
0.000028 191
0.000023 307
0.000032 157
0.000027 272
0.000016 38
0.000024 298
0.000027 416
0.000035 459
0.000006 13
0.000008 30
0.000027 314
0.000017 106
0.000015 191
0.000018 9
0.000006 268
0.000027 297
0.000025 162
0.000023 140
0.000017 6
0.000016 198
0.000046 459
0.000008 153
0.000016 144
0.000018 124
0.000026 38
0.000022 565
0.000005 149
0.000028 4
0.000006 191
0.000015 270
0.000042 457
0.000016 47
0.000005 115
0.000018 191
0.000015 297
0.000021 268
0.000030 308
0.000023 41
0.000008 265
0.000023 194
0.000012 259
0.000005 47
0.000027 149
0.000005 267
0.000037 9
0.000022 299
0.000019 300
0.000008 47
0.000038 301
0.000006 124
0.000016 153
0.000006 140
0.000023 42
0.000015 264
0.000011 51
0.000053 414
0.000027 304
0.000006 39
0.000037 420
0.000008 153
0.000032 229
0.000030 385
0.000027 343
0.000018 157
0.000016 153
0.000015 301
0.000012 124
0.000027 30
0.000006 263
0.000020 43
0.000037 314
0.000009 144
0.000031 270
0.000015 151
0.000017 308
0.000024 41
0.000015 301
0.000006 153
0.000017 277
0.000028 30
0.000016 314
0.000019 259
0.000056 315
0.000010 140
0.000007 312
0.000026 304
0.000005 43
0.000026 459
0.000023 110
0.000024 461
0.000024 300
0.000006 13
0.000039 183
0.000007 306
0.000005 110
0.000021 13
0.000023 336
0.000024 269
0.000013 45
0.000006 112
0.000004 147
0.000013 47
0.000005 108
0.000011 45
0.000007 108
0.000005 151
0.000022 9
0.000007 297
0.000018 153
0.000053 39
0.000006 153
0.000030 161
0.000016 306
0.000023 306
0.000004 261
0.000026 304
0.000017 38
0.000006 162
0.000005 145
0.000019 123
0.000013 38
0.000023 259
0.000021 155
0.000004 304
0.000039 39
0.000005 314
0.000045 450
0.000009 115
0.000027 353
0.000005 106
0.000019 9
0.000006 153
0.000031 335
0.000025 306
0.000010 5
0.000004 106
0.000019 42
0.000005 153
0.000005 111
0.000021 42
0.000004 115
0.000038 461
0.000007 189
0.000016 9
0.000024 115
0.000019 459
0.000005 38
0.000026 306
0.000027 261
0.000036 351
0.000017 144
0.000006 268
0.000016 149
0.000006 13
0.000028 446
0.000005 6
0.000026 194
0.000011 106
0.000005 6
0.000021 190
0.000020 161
0.000007 153
0.000005 115
0.000026 144
0.000004 47
0.000007 106
0.000004 43
0.000039 157
0.000007 306
0.000069 145
0.000031 735
0.000028 191
0.000017 108
0.000006 190
0.000026 157
0.000006 106
0.000036 157
0.000027 497
0.000008 111
0.000012 195
0.000030 9
0.000022 561
0.000041 200
0.000019 455
0.000021 459
0.000016 114
0.000027 302
0.000012 306
0.000045 204
0.000005 421
0.000022 38
0.000005 259
0.000045 498
0.000006 116
0.000021 7
0.000006 336
0.000034 422
0.000040 495
0.000018 158
0.000025 157
0.000004 144
0.000062 617
0.000020 110
0.000035 196
0.000030 569
0.000019 308
0.000004 41
0.000017 263
0.000020 43
0.000025 259
0.000097 663
0.000007 115
0.000027 335
0.000084 876
0.000062 43
0.000034 611
0.000072 153
0.000006 574
0.000014 47
0.000029 408
0.000042 204
0.000020 261
0.000023 41
0.000022 459
0.000038 157
0.000007 153
0.000036 612
0.000019 298
0.000024 267
0.000021 153
0.000016 149
0.000037 159
0.000004 37
0.000048 306
0.000008 422
0.000040 351
0.000022 153
0.000041 459
0.000043 421
0.000015 191
0.000026 297
0.000004 111
0.000028 13
0.000089 187
0.000009 571
0.000028 313
0.000026 144
0.000078 774
0.000007 344
0.000019 261
0.000025 347
0.000030 306
0.000028 463
0.000021 106
0.000030 353
0.000037 306
0.000049 718
0.000019 149
0.000033 353
0.000042 571
0.000020 147
0.000041 357
0.000009 268
0.000070 752
0.000053 472
0.000039 765
0.000005 140
0.000058 319
0.000036 182
0.000007 423
0.000026 304
0.000047 345
0.000072 728
0.000069 504
0.000006 459
0.000014 106
0.000017 155
0.000004 151
0.000007 39
0.000013 153
0.000015 114
0.000035 455
0.000006 13
0.000028 297
0.000008 162
0.000021 182
0.000048 723
0.000010 13
0.000005 34
0.000057 718
0.000005 4
0.000023 155
0.000035 300
0.000016 4
0.000055 47
0.000006 451
0.000005 116
0.000016 45
0.000015 255
0.000006 47
0.000044 308
0.000005 151
0.000042 263
0.000005 315
0.000021 293
0.000013 204
0.000014 108
0.000033 495
0.000015 9
0.000024 306
0.000027 408
0.000004 42
0.000022 268
0.000030 461
0.000085 342
0.000032 311
0.000039 263
0.000056 502
0.000006 148
0.000018 124
0.000006 144
0.000049 502
0.000031 459
0.000018 153
0.000034 301
0.000054 421
0.000027 315
0.000005 34
0.000042 272
0.000004 153
0.000058 425
0.000036 327
0.000007 43
0.000056 728
0.000010 190
0.000005 114
0.000004 43
0.000024 106
0.000032 348
0.000005 153
0.000034 421
0.000021 39
0.000062 765
0.000021 116
0.000022 190
0.000042 463
0.000006 306
0.000012 265
0.000005 37
0.000049 573
0.000037 2
0.000017 453
0.000044 465
0.000056 194
0.000040 569
0.000047 306
0.000017 461
0.000047 453
0.000004 47
0.000012 306
0.000043 565
0.000004 6
0.000007 41
0.000004 110
0.000035 315
0.000046 446
0.000010 47
0.000037 416
0.000048 308
0.000015 459
0.000018 41
0.000035 463
0.000034 608
0.000047 272
0.000010 183
0.000023 305
0.000004 154
0.000020 276
0.000031 191
0.000042 565
0.000004 155
0.000014 41
0.000053 760
0.000035 621
0.000016 149
0.000005 112
0.000023 45
0.000023 268
0.000013 450
0.000004 149
0.000047 13
0.000019 605
0.000061 459
0.000005 37
0.000031 306
0.000024 416
0.000019 43
0.000029 422
0.000029 453
0.000005 47
0.000044 272
0.000024 603
0.000004 47
0.000064 414
0.000006 612
0.000040 190
0.000017 306
0.000004 116
0.000016 153
0.000021 300
0.000034 204
0.000007 149
0.000004 4
0.000036 408
0.000003 42
0.000019 5
0.000059 871
0.000005 42
0.000029 277
0.000043 642
0.000006 110
0.000005 51
0.000022 298
0.000004 114
0.000019 2
0.000060 457
0.000044 502
0.000007 416
0.000005 191
0.000005 124
0.000048 612
0.000016 187
0.000005 110
0.000057 306
0.000051 306
0.000008 308
0.000023 194
0.000055 148
0.000032 876
0.000006 42
0.000008 117
0.000006 41
0.000011 110
0.000042 315
0.000005 144
0.000016 315
0.000004 34
0.000004 106
0.000014 13
0.000023 335
0.000006 9
0.000006 149
0.000021 110
0.000055 650
0.000006 264
0.000031 349
0.000006 8
0.000005 108
0.000026 190
0.000043 575
0.000005 7
0.000029 340
0.000030 265
0.000021 342
0.000026 315
0.000004 115
0.002298 4095
0.000023 4095
0.000727 8192
0.000025 4095
0.000016 4095
0.000008 214
0.000098 4095
0.000016 4095
0.000014 3774
0.000061 1194
0.000041 497
0.000006 145
0.000012 114
0.000004 39
0.000030 161
0.000061 106
0.000005 9
0.000024 452
0.000026 347
0.000059 306
0.000060 761
0.000024 269
0.000021 153
0.000080 1116
0.000026 259
0.000048 497
0.000070 723
0.000004 157
0.000081 614
0.000006 306
0.000006 189
0.000025 162
0.000008 106
0.000004 162
0.000020 30
0.000027 310
0.000084 1181
0.000027 162
0.000047 909
0.000025 192
0.000051 306
0.000023 458
0.000057 889
0.000082 335
0.000050 1072
0.000068 467
0.000005 297
0.000023 306
0.000044 923
0.000041 301
0.000034 621
0.000050 720
0.000022 147
0.000035 310
0.000054 461
0.000011 306
0.000030 306
0.000031 466
0.000013 34
0.000051 565
0.000049 312
0.000129 810
0.000023 1020
0.000014 4
0.000066 659
0.000006 259
0.000015 155
0.000005 37
0.000046 429
0.000078 38
0.000094 604
0.000077 765
0.001293 463
0.000032 4095
0.000016 4095
0.000061 4810
0.000005 153
0.000071 468
0.000054 567
0.000047 457
0.000020 306
0.000054 502
0.000057 569
0.000040 455
0.000052 204
0.000044 297
0.000062 423
0.000041 648
0.000054 277
0.000040 756
0.000016 38
0.000022 306
0.000005 5
0.000004 106
0.000004 42
0.000007 5
0.000022 4
0.000026 408
0.000007 47
0.000016 112
0.000044 351
0.000029 297
0.000048 423
0.000043 457
0.000025 162
0.001611 8192
0.001550 8192
0.000029 4095
0.000127 8192
0.000018 4095
0.000012 2570
0.000004 37
0.000039 161
0.000007 561
0.000005 43
0.000005 4
0.000005 149
0.000044 110
0.000023 465
0.000020 306
0.000022 36
0.000021 307
0.000005 152
0.000006 124
0.000030 144
0.000005 459
0.000018 38
0.000034 117
0.000021 500
0.000007 119
0.000026 293
0.000005 204
0.000036 459
0.000006 115
0.000035 187
0.000035 718
0.000011 4
0.000037 192
0.000028 467
0.000022 306
0.000005 297
0.000005 117
0.000006 103
0.000006 57
0.000004 30
0.000037 116
0.000015 495
0.000006 115
0.000019 344
0.000030 117
0.000017 457
0.000015 149
0.000033 200
0.000007 425
0.000004 29
0.000018 162
0.000004 115
0.000004 34
0.000019 272
0.000011 38
0.000022 145
0.000020 305
0.000007 277
0.000005 34
0.000035 425
0.000006 30
0.000059 463
0.000013 301
0.000028 9
0.000022 268
0.000015 603
0.000005 47
0.000086 108
0.000006 306
0.000005 194
0.000004 148
0.000019 115
0.000008 153
0.000013 47
0.000021 108
0.000033 495
0.000082 576
0.000016 313
0.000005 187
0.000018 153
0.000004 119
0.000020 140
0.000046 357
0.000006 450
0.000033 162
0.000024 149
0.000053 731
0.000007 191
0.000012 115
0.000022 297
0.000017 38
0.000041 464
0.000075 914
0.000015 310
0.000006 148
0.000012 153
0.000027 117
0.000010 198
0.000017 149
0.000025 310
0.000017 144
0.000010 124
0.000010 183
0.000010 161
0.000020 115
0.000006 183
0.000004 116
0.000055 194
0.000005 119
0.000055 340
0.000023 228
0.000042 188
0.000029 196
0.000013 463
0.000018 108
0.000004 147
0.000052 506
0.000006 148
0.000005 9
0.000026 261
0.000030 36
0.000009 315
0.000031 414
0.000004 41
0.000027 112
0.000028 190
0.000005 310
0.000026 153
0.000027 301
0.000032 430
0.000005 34
0.000066 412
0.000010 349
0.000028 306
0.000005 114
0.000004 38
0.000030 277
0.000035 336
0.000019 157
0.000025 112
0.000036 606
0.000005 6
0.000004 151
0.000024 196
0.000027 306
0.000015 119
0.000018 144
0.000025 468
0.000030 34
0.000011 301
0.000005 111
0.000033 319
0.000025 183
0.000052 306
0.000007 153
0.000020 305
0.000083 423
0.000056 300
0.000005 6
0.000017 198
0.000034 149
0.000024 263
0.000019 155
0.000034 313
0.000010 140
0.000062 654
0.000011 311
0.000036 110
0.000021 461
0.000020 45
0.000026 459
0.000025 108
0.000030 306
0.000013 198
0.000007 302
0.000013 106
0.000017 43
0.000024 276
0.000022 191
0.000034 297
0.000004 124
0.000038 646
0.000005 110
0.000011 153
0.000020 39
0.000020 123
0.000013 297
0.000004 43
0.000012 112
0.000014 41
0.000022 259
0.000025 51
0.000036 459
0.000013 102
0.000024 13
0.000005 299
0.000033 160
0.000005 153
0.000016 153
0.000013 153
0.000009 38
0.000024 297
0.000004 115
0.000027 38
0.000029 277
0.000005 29
0.000014 153
0.000022 277
0.000088 795
0.000007 8
0.000048 261
0.000021 347
0.000057 877
0.000037 160
0.000035 650
0.000038 306
0.000039 473
0.000065 254
0.000023 765
0.000006 297
0.000041 459
0.000048 353
0.000005 408
0.000026 153
0.000042 42
0.000005 464
0.000004 4
0.000025 149
0.000004 259
0.002309 4095
0.000037 4095
0.000029 4095
0.000764 8192
0.000045 8192
0.000038 4095
0.000084 1980
0.000008 599
0.000075 625
0.000018 183
0.000005 276
0.000017 38
0.000021 259
0.000021 459
0.000006 2
0.000020 198
0.000051 408
0.000010 51
0.000004 145
0.000024 263
0.000035 166
0.000008 297
0.000005 155
0.000023 7
0.000025 182
0.000005 154
0.000026 305
0.000026 124
0.000030 497
0.000023 259
0.000038 38
0.000140 1647
0.000041 612
0.000026 342
0.000022 307
0.000024 269
0.000038 351
0.000035 421
0.001971 4095
0.000026 4095
0.000021 4095
0.000951 4095
0.000047 4095
0.000057 8192
0.000014 3303
0.000006 189
0.000066 459
0.000044 774
0.000010 115
0.000030 297
0.000026 302
0.000005 43
0.000042 305
0.000006 5
0.000004 149
0.000008 123
0.000005 38
0.000004 108
0.000029 313
0.000044 450
0.000005 38
0.000020 162
0.000059 612
0.000004 106
0.000062 767
0.000036 466
0.000042 497
0.000027 108
0.000005 151
0.000060 612
0.000048 200
0.000045 153
0.000034 1067
0.000006 110
0.000015 306
0.000017 39
0.000032 573
0.000005 9
0.000005 29
0.000007 111
0.000025 195
0.000036 9
0.000016 298
0.000053 429
0.000006 38
0.000078 268
0.000045 756
0.000006 43
0.000005 110
0.000023 9
0.000036 335
0.000018 311
0.000032 306
0.000019 148
0.000030 583
0.000005 38
0.000018 106
0.000005 39
0.000005 110
0.000007 159
0.000018 189
0.000005 9
0.000026 102
0.000042 463
0.000006 306
0.000031 192
0.000031 314
0.000032 145
0.000005 422
0.000020 45
0.000056 909
0.000046 270
0.000052 496
0.000040 310
0.000034 96
0.000060 1123
0.000036 307
0.000034 459
0.000053 422
0.000004 300
0.000030 310
0.000053 345
0.000031 116
0.000021 347
0.000058 884
0.000031 153
0.000033 299
0.000073 916
0.000031 200
0.000026 421
0.000032 446
0.000028 204
0.000040 567
0.000030 194
0.000049 612
0.000054 418
0.000038 765
0.000028 194
0.000043 459
0.000043 265
0.000039 649
0.000052 611
0.000004 9
0.000030 408
0.000055 510
0.000032 455
0.000115 1075
0.000030 412
0.000029 344
0.000028 277
0.000032 335
0.000024 1
0.000026 306
0.000066 1034
0.000025 306
0.000038 457
0.000021 38
0.000038 621
0.000025 298
0.000028 276
0.000006 34
0.000026 412
0.000034 349
0.000004 123
0.000027 293
0.000058 4
0.000010 761
0.000018 13
0.000048 489
0.000006 422
0.000041 496
0.000020 267
0.000027 191
0.000023 315
0.000041 574
0.000065 293
0.000083 348
0.000027 306
0.000042 306
0.000006 117
0.000045 649
0.000006 8
0.000028 297
0.000026 270
0.000010 41
0.000043 416
0.000044 162
0.000058 605
0.000005 459
0.000038 198
0.000059 880
0.000029 336
0.000023 161
0.000043 603
0.000037 264
0.000034 465
0.000036 160
0.000048 911
0.000035 194
0.000032 272
0.000028 340
0.000064 769
0.000029 408
0.000045 618
0.000031 153
0.000028 306
0.000046 347
0.000064 301
0.000006 570
0.000030 166
0.000072 612
0.000020 29
0.000028 270
0.000036 306
0.000033 160
0.000035 612
0.000025 182
0.000031 158
0.000058 565
0.000032 153
0.000026 204
0.000045 459
0.000031 261
0.000061 610
0.000007 43
0.000042 265
0.000048 343
0.000005 4
0.000010 157
0.000035 414
0.000045 459
0.000033 459
0.000044 306
0.000036 459
0.000030 189
0.000092 315
0.000049 718
0.000064 459
0.000140 803
0.000009 770
0.000058 412
0.000035 502
0.000007 8
0.000048 450
0.000008 124
0.000004 140
0.000019 42
0.000044 430
0.000076 452
0.000008 45
0.000112 873
0.000006 313
0.000031 146
0.000019 347
0.000019 306
0.000008 112
0.000027 160
0.000004 34
0.000017 157
0.000015 108
0.000021 160
0.000006 144
0.000008 43
0.000004 4
0.000021 106
0.000123 302
0.000697 618
0.000046 6157
0.000006 114
0.000032 349
0.000030 148
0.000069 612
0.000026 270
0.000030 153
0.000047 495
0.000006 115
0.000042 47
0.000005 298
0.000005 116
0.000010 45
0.000007 115
0.000016 146
0.000021 45
0.000043 259
0.000054 461
0.000032 190
0.000006 152
0.000017 162
0.000168 1683
0.000007 268
0.000015 38
0.000014 108
0.000033 457
0.000008 38
0.000024 115
0.000004 162
0.000033 183
0.000004 152
0.000005 9
0.000014 268
0.000007 34
0.000015 110
0.000016 43
0.000005 259
0.000013 13
0.000019 144
0.000024 192
0.000049 569
0.000008 51
0.000025 261
0.000021 351
0.000019 144
0.000005 115
0.000005 155
0.000005 37
0.000017 153
0.000007 8
0.000025 108
0.000030 153
0.000033 153
0.000007 313
0.000017 144
0.000012 43
0.000022 272
0.000015 146
0.000013 198
0.000005 115
0.000005 34
0.000005 110
0.000003 38
0.000017 124
0.000015 144
0.000030 302
0.000019 42
0.000004 158
0.000025 112
0.000005 194
0.000006 119
0.000024 38
0.000023 227
0.000005 185
0.000046 349
0.000005 106
0.000016 43
0.000016 161
0.000016 255
0.000012 196
0.000016 8
0.000018 412
0.000016 39
0.000007 110
0.000018 157
0.000005 43
0.000023 110
0.000005 162
0.000016 38
0.000015 145
0.000017 306
0.000006 8
0.000004 102
0.000012 43
0.000015 114
0.000004 38
0.000028 268
0.000016 155
0.000029 306
0.000007 147
0.000007 42
0.000019 5
0.000006 263
0.000032 149
0.000006 51
0.000028 297
0.000026 153
0.000026 162
0.000028 153
0.000012 414
0.000019 37
0.000006 157
0.000006 112
0.000051 190
0.000027 422
0.000014 37
0.000069 157
0.000030 272
0.000006 30
0.000006 8
0.000017 108
0.000026 45
0.000023 414
0.000004 37
0.000014 8
0.000005 145
0.000005 110
0.000024 153
0.000005 4
0.000028 51
0.000030 264
0.000016 293
0.000005 43
0.000020 153
0.000014 306
0.000021 116
0.000028 198
0.000005 108
0.000032 189
0.000007 158
0.000009 112
0.000024 160
0.000007 144
0.000028 306
0.000006 9
0.000018 191
0.000014 108
0.000004 37
0.000050 416
0.000005 47
0.000017 157
0.000021 106
0.000005 149
0.000030 51
0.000016 414
0.000008 37
0.000005 110
0.000005 4
0.000012 38
0.000006 117
0.000022 36
0.000017 158
0.000015 119
0.000015 38
0.000039 408
0.000021 6
0.000005 147
0.000030 13
0.000024 187
0.000007 301
0.000007 153
0.000026 162
0.000027 259
0.000051 162
0.000044 299
0.000025 37
0.000024 269
0.000006 198
0.000006 106
0.000006 38
0.000004 9
0.000006 108
0.000014 41
0.000014 112
0.000025 343
0.000020 161
0.000031 106
0.000007 349
0.000015 119
0.000013 38
0.000005 115
0.000046 191
0.000041 574
0.000033 297
0.000011 39
0.000017 153
0.000007 152
0.000004 9
0.000023 106
0.000008 191
0.000015 277
0.000012 38
0.000008 153
0.000033 414
0.000009 45
0.000005 144
0.000020 5
0.000005 119
0.000004 146
0.000018 153
0.000004 37
0.000004 4
0.000038 310
0.000005 261
0.000016 151
0.000004 9
0.000004 34
0.000019 119
0.000004 182
0.000034 158
0.000026 265
0.000009 190
0.000042 459
0.000060 612
0.000048 569
0.000006 42
0.000030 270
0.000020 304
0.000005 39
0.000045 25
0.000039 391
0.000007 196
0.000021 314
0.000006 149
0.000019 149
0.000008 157
0.000019 149
0.000004 116
0.000023 151
0.000017 345
0.000011 161
0.000012 144
0.000030 464
0.000031 4
0.000015 567
0.000014 41
0.000014 119
0.000027 153
0.000057 493
0.000052 263
0.000009 200
0.000005 149
0.000018 454
0.000016 5
0.000018 310
0.000012 106
0.000027 155
0.000020 343
0.000014 422
0.000020 37
0.000036 458
0.000008 115
0.000023 200
0.000026 302
0.000016 149
0.000020 116
0.000048 457
0.000007 497
0.000044 9
0.000037 306
0.000025 153
0.000006 565
0.000049 502
0.000004 110
0.000018 306
0.000076 149
0.000042 348
0.000030 111
0.000006 200
0.000024 272
0.000025 140
0.000046 654
0.000007 154
0.000007 116
0.000025 160
0.000036 191
0.000005 108
0.000006 153
0.000023 194
0.000014 106
0.000005 6
0.000044 45
0.000031 297
0.000009 417
0.000034 200
0.000014 153
0.000006 110
0.000055 461
0.000005 151
0.000046 344
0.000005 117
0.000023 147
0.000004 204
0.000023 261
0.000005 37
0.000025 114
0.000020 502
0.000023 259
0.000016 6
0.000006 160
0.000017 34
0.000010 153
0.000039 463
0.000044 421
0.000028 144
0.000066 621
0.000009 153
0.000006 144
0.000004 43
0.000046 263
0.000021 196
0.000049 306
0.000009 272
0.000007 144
0.000008 149
0.000005 6
0.000005 37
0.000017 157
0.000018 110
0.000017 308
0.000028 194
0.000004 148
0.000026 117
0.000021 459
0.000005 147
0.000043 196
0.000007 420
0.000021 315
0.000043 489
0.000027 153
0.000013 123
0.000025 336
0.000016 161
0.000022 261
0.000005 41
0.000045 571
0.000005 45
0.000038 450
0.000004 115
0.000024 162
0.000024 183
0.000020 429
0.000006 38
0.000022 145
0.000004 123
0.000004 34
0.000025 112
0.000005 300
0.000013 43
0.000014 8
0.000005 259
0.000004 38
0.000028 117
0.000024 198
0.000006 144
0.000023 468
0.000016 108
0.000005 37
0.000032 314
0.000008 259
0.000016 38
0.000023 264
0.000005 42
0.000032 423
0.000005 41
0.000049 265
0.000043 649
0.000009 114
0.000024 39
0.000023 267
0.000045 498
0.000004 8
0.000048 306
0.000005 268
0.000039 459
0.000006 38
0.000031 421
0.000003 38
0.000016 153
0.000006 115
0.000022 146
0.000007 45
0.000021 268
0.000022 140
0.000023 319
0.000041 612
0.000034 299
0.000026 147
0.000041 465
0.000007 343
0.000053 728
0.000015 147
0.000024 200
0.000006 112
0.000019 190
0.000028 157
0.000009 302
0.000013 263
0.000032 51
0.000026 421
0.000043 799
0.000004 119
0.000023 182
0.000006 124
0.000032 182
0.000023 111
0.000020 312
0.000063 351
0.000046 108
0.000047 657
0.000041 451
0.000005 110
0.000005 13
0.000005 34
0.000014 119
0.000005 38
0.000013 145
0.000005 114
0.000005 38
0.000006 9
0.000005 108
0.000013 45
0.000005 108
0.000022 189
0.000013 111
0.000049 612
0.000008 200
0.000018 157
0.000004 106
0.000013 9
0.000004 146
0.000018 160
0.000016 335
0.000022 117
0.000036 306
0.000006 45
0.000032 421
0.000019 335
0.000015 9
0.000028 414
0.000016 37
0.000028 314
0.000004 145
0.000017 161
0.000031 302
0.000024 272
0.000028 191
0.000007 259
0.000005 191
0.000016 9
0.000011 255
0.000021 153
0.000023 43
0.000008 305
0.000016 270
0.000023 37
0.000025 276
0.000017 344
0.000005 149
0.000005 112
0.000007 45
0.000015 115
0.000046 493
0.000036 263
0.000004 43
0.000023 106
0.000027 153
0.000049 506
0.000031 157
0.000005 414
0.000028 306
0.000031 342
0.000030 576
0.000028 313
0.000032 293
0.000006 43
0.000007 161
0.000012 115
0.000022 336
0.000018 8
0.000033 459
0.000021 139
0.000007 120
0.000023 315
0.000006 34
0.000024 306
0.000019 119
0.000006 187
0.000051 608
0.000005 110
0.000033 42
0.000006 268
0.000050 767
0.000031 198
0.000014 268
0.000021 299
0.000006 37
0.000013 153
0.000020 157
0.000013 149
0.000020 8
0.000030 412
0.000005 2
0.000012 45
0.000014 255
0.000014 166
0.000020 34
0.000016 272
0.000015 182
0.000015 154
0.000017 276
0.000006 29
0.000005 111
0.000027 4
0.000005 47
0.000019 306
0.000085 914
0.000042 310
0.000007 298
0.000036 463
0.000158 765
0.000021 1066
0.000005 153
0.000079 264
0.000077 1071
0.000006 357
0.000087 603
0.000006 570
0.000053 319
0.000051 641
0.000004 1
0.000026 422
0.000034 313
0.000052 641
0.000016 1
0.000037 611
0.000063 583
0.000009 336
0.000012 161
0.000025 108
0.000007 160
0.000016 299
0.000039 45
0.000036 414
0.000006 45
0.000006 102
0.000075 501
0.000020 264
0.000076 472
0.000128 1101
0.000009 922
0.000005 119
0.000005 38
0.000053 604
0.000005 116
0.000033 41
0.000023 463
0.000113 765
0.000006 455
0.000024 463
0.000160 718
0.000082 1569
0.000045 314
0.000013 408
0.000120 312
0.000007 612
0.000034 189
0.000041 311
0.000005 272
0.000012 191
0.000025 108
0.005674 28
0.002322 45
0.000068 35
0.000018 25
0.000069 100
18.527256 1
0.057397 1
0.254044 1
0.344819 1
0.202133 1
0.753999 1
0.204645 4
1.897051 1
0.203913 1
0.158908 5
1.738890 1
0.127789 1
0.460194 1
0.385941 1
0.511936 11
0.000044 36
0.022628 44
0.020019 75
0.500904 71
0.000113 78
0.000109 78
0.000076 78
0.000088 78
0.097867 78
0.000108 78
0.000084 78
0.000085 78
0.077979 79
0.000088 80
0.000113 80
0.000111 80
0.000395 174
0.000017 160
0.000024 841
0.000040 582
0.000041 1028
0.000014 1612
0.000007 104
0.000030 644
0.000019 496
0.000016 287
0.000018 52
0.000007 296
0.000005 81
0.000005 61
0.000006 44
0.000007 69
0.000005 255
0.000017 319
0.000016 160
0.001309 28
0.002166 45
0.000089 35
0.000117 25
0.000108 100
22.141268 1
0.195146 1
0.217962 1
0.270986 1
0.142122 1
0.225795 1
0.157947 1
0.406096 4
0.336113 1
0.328545 1
0.229040 1
0.312258 1
0.315975 1
0.120116 1
0.299863 1
0.216128 1
0.458008 11
0.000030 36
0.146157 295
0.009144 30
0.000141 45
0.000131 35
0.000036 25
0.000109 8
0.000050 92
0.333419 13
0.270446 1
0.500002 1
0.002567 1
0.028567 1
0.034818 1
0.029942 1
0.030061 1
0.030045 1
0.031166 1
0.420727 3
0.438359 17
0.483945 21
0.416161 19
0.283953 11
0.000028 36
0.131154 295
0.009292 30
0.001662 45
0.000089 35
0.000013 25
0.000148 100
127.649891 2
0.621975 5
0.191944 1
1.038134 2
0.175942 5
0.172095 1
0.155695 1
5.188210 2
0.240028 5
0.160197 1
0.681920 2
0.059959 2
0.233822 2
0.156129 2
0.005700 2
0.018711 4
0.189469 4
0.150033 4
0.146069 4
0.500208 4
0.030066 1
1.144529 51
1.721279 147
0.000054 36
0.019018 50
0.010689 104
0.005426 132
0.026260 134
0.108859 130
0.000045 63
0.000932 63
0.036368 53
0.057159 54
0.010137 54
0.191277 208
0.108755 129
0.097212 108
0.007962 33
0.498098 72
0.147282 280
0.355447 68
0.063860 193
0.299087 294
0.225665 210
0.000020 91
0.160940 291
0.102230 295
0.353398 300
0.109636 311
0.005597 292
0.070679 269
0.078844 302
0.019145 269
0.544098 95
0.541070 51
0.528494 51
0.502173 311
0.000148 154
0.260882 16
0.025337 41
0.007125 40
0.000011 179
0.000014 44
0.000043 131
0.000053 45
0.001961 44
0.002853 44
0.004420 44
0.004628 44
0.009554 44
0.001968 44
0.002536 44
0.001729 44
0.015651 44
0.008571 184
0.002977 88
0.000033 156
0.009748 160
0.002347 94
0.032471 164
0.029685 96
0.004810 166
0.007874 102
0.039355 170
0.031002 89
0.009453 172
0.004739 95
0.030737 176
0.035357 92
0.007706 180
0.002272 104
0.028654 182
0.028909 88
0.005137 186
0.002164 94
0.030034 190
0.039297 92
0.009681 192
0.003173 104
0.027373 196
0.042584 77
0.002780 198
0.002316 202
0.042120 41
0.007663 215
0.000027 224
0.002171 44
0.005626 44
0.004169 44
0.003000 44
0.010723 44
0.001308 44
0.003910 44
0.000070 44
0.015897 44
0.009380 184
0.003083 90
0.005848 206
0.002224 104
0.027003 208
0.045714 77
0.004439 212
0.004576 216
0.042566 41
0.008023 439
0.002360 44
0.004076 44
0.006135 44
0.006559 44
0.008420 44
0.001914 44
0.001994 44
0.001920 44
0.015712 44
0.010277 184
0.003795 94
0.006410 218
0.003275 108
0.028955 222
0.040705 81
0.005231 224
0.004578 228
0.042881 41
0.008126 439
0.000572 44
0.003604 44
0.006816 44
0.003010 44
0.011233 44
0.001445 44
0.003448 88
0.014823 44
0.010000 184
0.005318 86
0.007942 232
0.002692 94
0.060083 9
0.000024 225
0.036113 94
0.009061 238
0.003486 108
0.027010 242
0.047225 81
0.004915 244
0.004498 248
0.049437 41
0.007422 87
0.000047 264
0.000038 88
0.002720 44
0.003393 44
0.005429 44
0.002830 44
0.011517 44
0.001439 44
0.002463 44
0.001136 44
0.018206 44
0.008703 184
0.003883 89
0.006022 250
0.006782 103
0.027304 254
0.043042 76
0.002539 258
0.002149 260
0.048523 41
0.007712 262
0.000032 1
0.000029 176
0.002201 44
0.005966 44
0.003366 44
0.003368 44
0.012640 88
0.002498 44
0.003392 44
0.015389 44
0.007851 184
0.004125 91
0.014376 264
0.004470 99
0.188467 268
0.049734 72
0.018574 270
0.780030 77
0.001263 274
0.051355 41
0.007965 439
0.001854 44
0.002966 44
0.007512 44
0.001395 44
0.012141 44
0.000960 44
0.002060 44
0.001264 44
0.015768 44
0.008032 184
0.003636 93
0.014226 276
0.011145 101
0.037197 280
0.046855 75
0.004900 284
0.005357 286
0.002999 67
0.004207 290
0.004813 294
0.003238 68
0.005700 296
0.003788 300
0.006997 77
0.004569 302
0.004975 306
0.005059 67
0.006378 310
0.002515 312
0.006502 74
0.015775 316
0.714325 76
0.023563 320
0.002316 67
0.002136 322
0.004159 326
0.006937 85
0.040369 76
0.084337 80
0.140019 20
0.865769 28
0.001349 45
0.000051 60
0.000074 100
2.671461 42
0.113506 113
0.151849 19
2.403218 4
0.515220 4
0.001746 4
0.030304 4
0.036035 4
0.033050 4
0.033506 4
0.030305 4
0.035718 4
0.033070 4
0.032936 4
0.033028 4
0.032944 4
0.033509 1
0.031785 1
0.030144 1
0.030417 1
0.031170 1
0.038489 1
0.728357 1
0.243946 1
0.082176 1
0.163544 1
0.112366 1
1.163999 1
0.295757 1
0.198075 1
0.232102 1
0.297979 11
0.000038 36
0.000056 37
0.000062 28
0.001660 45
0.000064 60
0.000073 100
55.226826 22
6.499047 37
0.000106 36
0.010094 73
0.000462 28
0.002474 45
0.000093 35
0.000039 25
0.000113 100
34.673763 25
0.375661 43
0.000047 36
0.004548 28
0.000987 45
0.000102 60
0.000084 100
28.102047 1
13.522376 1
0.149772 1
0.359997 1
0.105812 1
0.227790 1
0.514341 4
0.183991 4
0.170124 4
0.239927 4
0.141794 4
8.816564 1
0.523817 1
0.091998 1
0.133349 1
0.598497 1
0.457986 1
2.234063 1
0.308033 4
0.301922 1
0.078104 1
0.181888 1
0.213592 1
8.012532 1
1.062058 1
0.109335 1
0.096556 1
0.541998 1
0.139494 1
0.746647 4
0.153520 4
0.022465 1
2.131925 4
1.339997 1
1.188023 1
0.797958 11
0.000020 36
3.177812 515
0.010153 30
0.002225 205
53.510494 49
0.853368 145
0.000061 36
0.015386 50
0.009450 104
0.005187 132
0.030448 134
0.104242 130
0.000007 63
0.000880 63
0.041088 53
0.060332 54
0.012333 54
0.286945 159
0.095770 120
0.004913 33
0.500196 52
0.186354 245
0.502959 45
0.500871 45
0.474643 144
0.285679 16
0.026444 41
0.008075 307
0.000048 44
0.000030 88
0.002474 44
0.003641 44
0.006084 44
0.004182 44
0.008870 44
0.001367 44
0.001487 44
0.001592 44
0.015325 44
0.007793 184
0.003986 249
0.008192 192
0.002166 103
0.038442 226
0.047266 72
0.004594 260
0.004229 294
0.036572 76
0.664133 20
0.961459 28
0.001475 45
0.000065 60
0.000080 8
0.000007 92
3.132113 40
0.175688 115
0.562357 11
0.000045 36
0.122258 515
0.008303 30
0.002113 45
0.000080 35
0.000026 25
0.000110 100
135.080048 1
0.055073 1
0.168559 1
0.175990 1
0.321849 11
0.000027 36
0.172290 141
0.007946 30
0.001641 45
0.000067 60
0.000114 100
7.854021 38
0.599955 139
0.000040 36
0.019390 50
0.006136 104
0.005727 132
0.034540 134
0.112700 130
0.000020 63
0.000882 63
0.041834 53
0.060605 54
0.014286 54
0.199756 45
0.000908 299
0.001295 300
0.109493 129
0.148854 155
2.149714 2
0.433862 2
0.005984 33
0.217515 171
0.239997 69
0.046264 179
0.504480 50
0.385304 259
0.000204 243
0.000902 68
0.000019 203
0.500693 58
0.503313 58
0.102100 340
0.000406 241
0.000286 250
0.003917 266
0.076253 306
0.357760 205
0.000522 45
0.000076 110
0.000409 45
0.000060 131
0.000251 53
0.000054 4
0.022147 258
0.002767 262
0.055112 338
0.013271 151
0.236194 70
0.041847 305
0.000564 3799
12.729818 60
0.010352 3440
1.793288 6
0.000042 60
0.069544 16
0.026962 118
0.007613 40
0.000014 47
0.000051 216
0.000048 136
0.004114 44
0.001807 44
0.007192 44
0.005163 44
0.008758 44
0.001451 44
0.003317 44
0.000282 44
0.016439 44
0.008527 184
0.002843 89
0.000115 156
0.002564 160
0.003310 66
0.020440 162
0.031681 71
0.012514 91
0.000052 164
0.010643 62
0.140445 168
0.023507 76
0.008735 61
0.000034 202
0.002547 66
0.015883 172
0.029717 76
0.010310 262
0.003394 61
0.020099 178
0.023982 84
0.011630 104
0.000076 180
0.003580 81
0.538696 184
0.029701 81
0.012005 87
0.000095 186
0.003526 64
0.015671 188
0.024365 78
0.010998 82
0.000099 192
0.002325 59
0.020149 194
0.022666 80
0.012779 93
0.000140 196
0.002342 70
0.028543 200
0.020829 89
0.012137 298
0.003339 73
0.021958 204
0.017758 80
0.009387 157
0.000033 144
0.003899 64
0.052057 210
0.026559 83
0.009662 92
0.000086 212
0.003945 67
0.022302 64
0.000063 150
0.030176 76
0.012160 95
0.000168 218
0.023392 68
0.017650 220
0.025081 86
0.012815 107
0.000069 222
0.002329 84
0.049151 226
0.024000 76
0.010202 96
0.000084 228
0.004330 73
0.018550 230
0.026308 86
0.009412 95
0.000060 234
0.002427 70
0.041090 236
0.023712 73
0.008966 88
0.000060 238
0.004888 57
0.035167 242
0.044476 75
0.013685 244
0.016658 182
0.001902 246
0.004215 80
0.003282 250
0.003625 252
0.002229 80
0.004685 254
0.003920 258
0.004836 91
0.004401 260
0.005278 262
0.002538 66
0.005039 266
0.004861 268
0.002443 71
0.004399 270
0.005110 274
0.002388 71
0.010963 276
0.002103 278
0.004493 68
0.004893 282
0.002413 284
0.003719 77
0.004200 286
0.003778 290
0.004953 73
0.003273 292
0.004191 294
0.002336 73
0.002417 296
0.006812 300
0.001400 88
0.004298 302
0.007315 304
0.002437 69
0.038298 308
0.190352 127
0.482448 38
0.036357 26
0.006172 20
0.008744 24
0.019287 77
0.000224 77
0.008218 21
0.007862 66
0.010752 26
0.011404 31
0.005823 32
2.169766 30
2.178489 29
0.007215 43
0.008504 63
0.002637 278
1.908358 310
0.008924 77
0.007315 64
0.002287 314
0.005898 170
0.005012 173
0.003289 185
0.005532 185
0.008984 182
0.004944 182
0.004522 175
0.004456 316
0.004623 74
0.007077 318
0.002774 322
0.006301 85
0.035809 86
0.131860 73
0.064451 76
0.814497 84
0.000023 324
0.004761 20
0.393367 326
0.098320 20
0.856435 28
0.001436 45
0.000049 60
0.000067 100
4.674714 1
0.035547 1
0.107661 1
0.230242 1
0.238057 11
0.000068 36
0.013129 165
0.001148 28
0.001437 45
0.000065 60
0.000085 100
5.886670 1
0.020634 1
0.142919 1
0.223921 1
0.512016 4
0.151984 4
0.046059 1
0.233606 1
4.982431 11
0.000021 36
0.033612 28
0.001189 45
0.000032 35
0.000023 25
0.000163 100
5.377246 1
0.075686 1
0.388018 1
0.469973 4
0.404080 11
0.000037 36
0.001103 2
2.786737 2
0.000030 2
26.751676 4
0.469998 4
0.832882 3
0.502382 3
0.014780 6
0.032518 3
0.033509 3
0.032994 6
0.779406 2
0.386000 2
0.145965 2
0.092084 2
0.483945 3
0.161823 3
0.124033 3
0.103651 3
1.004431 1
0.082079 1
0.096884 1
0.104765 1
0.548371 2
0.024155 28
0.001054 45
0.000061 60
0.000177 8
0.000005 92
7.146728 1
0.003903 1
0.122196 1
0.387784 1
0.427902 4
0.306068 1
0.163679 1
1.754281 1
0.134023 1
0.082020 1
0.407894 1
0.131644 1
1.196372 1
0.221746 1
0.237963 1
1.574309 1
0.171819 1
0.139408 2
0.624809 4
0.263165 1
1.576782 3
0.104019 3
0.700095 3
0.246495 3
2.083479 3
1.126339 3
0.423672 3
0.710058 11
0.000040 36
0.023724 194
0.000341 28
0.001571 45
0.000099 60
0.000082 8
0.000007 92
29.928217 1
1.087971 1
0.292068 1
0.271692 1
1.938294 11
0.000036 42
0.000661 2
2.106783 4
0.726392 3
0.504645 3
0.005057 6
1.332640 1
0.853667 1
0.489911 1
0.186050 1
0.437935 2
0.000366 28
0.001365 45
0.000057 60
0.000073 100
0.889476 2
0.772829 4
0.323968 4
0.171763 1
0.130026 1
1.758226 1
0.167644 1
0.186244 1
0.206153 1
0.653972 11
0.000039 42
0.000830 28
0.001731 45
0.000126 60
0.000090 8
0.000052 92
2.740412 4
0.271995 8
0.353980 30
0.552122 33
0.501270 8
0.001836 7
0.118838 1
5.769042 1
0.207743 1
0.215864 1
0.220116 1
1.290107 11
0.000054 42
